file_path,Image,Recommender,Registry,WebUI,best_module,best_likelihood
teastore\services\tools.descartes.teastore.auth\src\main\java\tools\descartes\teastore\auth\security\ISecurityProvider.java,0.0,0.0,2.2982897758483887,2.004300355911255,Registry,2.2982897758483887
teastore\utilities\tools.descartes.teastore.registryclient\src\main\java\tools\descartes\teastore\registryclient\util\RESTClient.java,0.0,1.7995014190673828,37.349151611328125,2.607372522354126,Registry,37.349151611328125
teastore\services\tools.descartes.teastore.image\src\main\java\tools\descartes\teastore\image\storage\rules\StoreLargeImages.java,69.99807739257812,0.0,2.292309284210205,7.480622291564941,Image,69.99807739257812
teastore\services\tools.descartes.teastore.recommender\src\test\java\tools\descartes\teastore\recommender\algorithm\AbstractRecommenderTest.java,0.16276001930236816,104.40586853027344,2.707911968231201,2.4408857822418213,Recommender,104.40586853027344
teastore\services\tools.descartes.teastore.auth\src\test\java\tools\descartes\teastore\auth\security\ConstantKeyProviderTest.java,0.0,0.0,2.297074317932129,2.0042929649353027,Registry,2.297074317932129
teastore\services\tools.descartes.teastore.image\src\main\java\tools\descartes\teastore\image\cache\entry\SimpleEntry.java,69.11210632324219,0.6734336614608765,2.2946724891662598,5.073784828186035,Image,69.11210632324219
teastore\services\tools.descartes.teastore.webui\src\main\java\tools\descartes\teastore\webui\servlet\CartActionServlet.java,4.577050685882568,5.6596832275390625,2.1520657539367676,86.11112976074219,WebUI,86.11112976074219
teastore\utilities\tools.descartes.teastore.registryclient\src\main\java\tools\descartes\teastore\registryclient\StartupCallback.java,0.0,0.0,35.0,2.0043840408325195,Registry,35.0
teastore\services\tools.descartes.teastore.image\src\test\java\tools\descartes\teastore\image\cache\TestLeastFrequentlyUsed.java,63.42563247680664,0.5218366384506226,2.1984236240386963,4.717645645141602,Image,63.42563247680664
teastore\utilities\tools.descartes.teastore.registryclient\src\main\java\tools\descartes\teastore\registryclient\rest\TrackingFilter.java,4.442601680755615,1.2538422346115112,39.528873443603516,92.5787353515625,WebUI,92.5787353515625
teastore\services\tools.descartes.teastore.webui\src\main\java\tools\descartes\teastore\webui\servlet\ProfileServlet.java,41.03015899658203,11.123481750488281,2.609980583190918,116.29452514648438,WebUI,116.29452514648438
teastore\services\tools.descartes.teastore.recommender\src\main\java\tools\descartes\teastore\recommender\algorithm\impl\cf\SlopeOneRecommender.java,1.5677504539489746,91.64631652832031,4.976781368255615,3.900815725326538,Recommender,91.64631652832031
teastore\services\tools.descartes.teastore.image\src\test\java\tools\descartes\teastore\image\cache\entry\TestAbstractEntry.java,64.74188995361328,0.555162787437439,2.217355728149414,4.800081729888916,Image,64.74188995361328
teastore\services\tools.descartes.teastore.recommender\src\main\java\tools\descartes\teastore\recommender\algorithm\impl\UseFallBackException.java,1.7025526762008667,95.26403045654297,2.3045201301574707,2.004338026046753,Recommender,95.26403045654297
teastore\utilities\tools.descartes.teastore.kieker.rabbitmq\src\main\java\tools\descartes\teastore\kieker\rabbitmq\LogConsumer.java,2.4981484413146973,0.0,3.564873218536377,2.3102948665618896,Registry,3.564873218536377
teastore\services\tools.descartes.teastore.persistence\src\main\java\tools\descartes\teastore\persistence\rest\UserEndpoint.java,5.581061840057373,11.925530433654785,8.154988288879395,6.953055381774902,Recommender,11.925530433654785
teastore\services\tools.descartes.teastore.image\src\main\java\tools\descartes\teastore\image\cache\LeastRecentlyUsed.java,68.38231658935547,0.5981365442276001,2.2434916496276855,4.902820110321045,Image,68.38231658935547
teastore\services\tools.descartes.teastore.image\src\main\java\tools\descartes\teastore\image\ImageDBKey.java,72.274169921875,2.389338493347168,2.2899837493896484,40.05955123901367,Image,72.274169921875
teastore\services\tools.descartes.teastore.recommender\src\main\java\tools\descartes\teastore\recommender\servlet\RetrainDaemon.java,0.0,93.5326919555664,37.67320251464844,3.4537174701690674,Recommender,93.5326919555664
teastore\services\tools.descartes.teastore.image\src\test\java\tools\descartes\teastore\image\storage\TestDriveStorage.java,69.87296295166016,0.0,2.311016082763672,5.121436595916748,Image,69.87296295166016
teastore\services\tools.descartes.teastore.webui\src\main\java\tools\descartes\teastore\webui\startup\WebuiStartup.java,62.46575164794922,76.00259399414062,100.99055480957031,108.21090698242188,WebUI,108.21090698242188
teastore\services\tools.descartes.teastore.webui\src\main\java\tools\descartes\teastore\webui\servlet\DataBaseActionServlet.java,68.79886627197266,76.6919174194336,10.101613998413086,103.27800750732422,WebUI,103.27800750732422
teastore\services\tools.descartes.teastore.image\src\test\java\tools\descartes\teastore\image\cache\entry\TestSimpleEntry.java,68.43950653076172,0.6544222235679626,2.2810401916503906,5.031660079956055,Image,68.43950653076172
teastore\utilities\tools.descartes.teastore.registryclient\src\main\java\tools\descartes\teastore\registryclient\loadbalancers\ServiceLoadBalancer.java,0.4685218930244446,0.5170775651931763,68.45106506347656,6.166569232940674,Registry,68.45106506347656
teastore\services\tools.descartes.teastore.image\src\test\java\tools\descartes\teastore\image\storage\TestNoStorage.java,71.46979522705078,0.0,2.246788740158081,5.220812797546387,Image,71.46979522705078
teastore\services\tools.descartes.teastore.persistence\src\test\java\tools\descartes\teastore\persistence\RegistrationDaemon.java,0.0,0.0,92.58448791503906,2.962289333343506,Registry,92.58448791503906
teastore\services\tools.descartes.teastore.image\src\main\java\tools\descartes\teastore\image\setup\StorageMode.java,68.33004760742188,0.0,2.2788898944854736,6.147469520568848,Image,68.33004760742188
teastore\services\tools.descartes.teastore.webui\src\main\java\tools\descartes\teastore\webui\servlet\OrderServlet.java,40.45946502685547,2.3278098106384277,2.5072343349456787,118.5770263671875,WebUI,118.5770263671875
teastore\services\tools.descartes.teastore.recommender\src\test\java\tools\descartes\teastore\recommender\algorithm\OrderBasedRecommenderTest.java,0.0,119.74267578125,2.162942409515381,2.0031793117523193,Recommender,119.74267578125
teastore\interfaces\tools.descartes.teastore.entities\src\main\java\tools\descartes\teastore\entities\User.java,2.427812099456787,6.7670392990112305,0.0,2.003758668899536,Recommender,6.7670392990112305
teastore\services\tools.descartes.teastore.image\src\main\java\tools\descartes\teastore\image\ImageScaler.java,73.0969009399414,0.0,2.157316207885742,7.464502811431885,Image,73.0969009399414
teastore\services\tools.descartes.teastore.auth\src\main\java\tools\descartes\teastore\auth\security\IKeyProvider.java,0.0,0.0,2.3070855140686035,2.0043532848358154,Registry,2.3070855140686035
teastore\services\tools.descartes.teastore.image\src\main\java\tools\descartes\teastore\image\setup\StorageRule.java,88.60491943359375,0.0,2.274686336517334,8.294320106506348,Image,88.60491943359375
teastore\services\tools.descartes.teastore.webui\src\main\java\tools\descartes\teastore\webui\servlet\DataBaseServlet.java,40.68190383911133,0.0,2.268613338470459,125.03575134277344,WebUI,125.03575134277344
teastore\interfaces\tools.descartes.teastore.entities\src\main\java\tools\descartes\teastore\entities\Category.java,5.617149829864502,0.0,0.0,2.4443023204803467,Image,5.617149829864502
teastore\services\tools.descartes.teastore.image\src\test\java\tools\descartes\teastore\image\cache\rules\TestCacheAll.java,68.7164077758789,0.6622116565704346,2.2865638732910156,6.446151256561279,Image,68.7164077758789
teastore\services\tools.descartes.teastore.persistence\src\main\java\tools\descartes\teastore\persistence\repository\CacheManager.java,0.0,1.0764667987823486,2.1984236240386963,3.6187868118286133,WebUI,3.6187868118286133
teastore\services\tools.descartes.teastore.image\src\main\java\tools\descartes\teastore\image\setup\ImageCreator.java,64.54020690917969,1.495889663696289,2.1232666969299316,6.102743148803711,Image,64.54020690917969
teastore\services\tools.descartes.teastore.registry\src\main\java\tools\descartes\teastore\registry\rest\Registry.java,3.702232599258423,2.4825387001037598,175.15005493164062,3.5597121715545654,Registry,175.15005493164062
teastore\services\tools.descartes.teastore.image\src\main\java\tools\descartes\teastore\image\cache\FirstInFirstOut.java,69.7936782836914,0.6364547610282898,2.268613338470459,4.991212844848633,Image,69.7936782836914
teastore\services\tools.descartes.teastore.recommender\src\test\java\tools\descartes\teastore\recommender\algorithm\DummyRecommenderTest.java,0.0,145.94573974609375,2.2501766681671143,2.0039758682250977,Recommender,145.94573974609375
teastore\services\tools.descartes.teastore.persistence\src\main\java\tools\descartes\teastore\persistence\domain\CategoryRepository.java,2.1127266883850098,0.0,2.2341082096099854,2.003852128982544,Registry,2.2341082096099854
teastore\services\tools.descartes.teastore.registry\src\main\java\tools\descartes\teastore\registry\rest\HeartbeatInfo.java,0.0,1.0,130.03489685058594,3.0042781829833984,Registry,130.03489685058594
teastore\utilities\tools.descartes.teastore.registryclient\src\main\java\tools\descartes\teastore\registryclient\util\NotFoundException.java,0.0,0.0,35.0,2.004345655441284,Registry,35.0
teastore\utilities\tools.descartes.teastore.registryclient\src\main\java\tools\descartes\teastore\registryclient\rest\CharResponseWrapper.java,0.0,0.0,35.0,2.0041489601135254,Registry,35.0
teastore\services\tools.descartes.teastore.image\src\main\java\tools\descartes\teastore\image\cache\entry\AbstractEntry.java,66.7567138671875,0.5930359363555908,2.240281343460083,4.890829563140869,Image,66.7567138671875
teastore\services\tools.descartes.teastore.persistence\src\test\java\tools\descartes\teastore\persistence\RepositoryTest.java,3.80961275100708,11.347315788269043,2.0970184803009033,2.330714464187622,Recommender,11.347315788269043
teastore\services\tools.descartes.teastore.image\src\main\java\tools\descartes\teastore\image\setup\CreatorFactory.java,106.63177490234375,7.752079963684082,2.182525396347046,8.87387466430664,Image,106.63177490234375
teastore\utilities\tools.descartes.teastore.kieker.probes\src\main\java\tools\descartes\teastore\kieker\probes\records\OperationExecutionWithParametersRecord.java,2.254746913909912,0.0,0.0,2.4416658878326416,WebUI,2.4416658878326416
teastore\services\tools.descartes.teastore.recommender\src\main\java\tools\descartes\teastore\recommender\servlet\IndexServlet.java,0.4890136420726776,92.92332458496094,2.268613338470459,3.4271302223205566,Recommender,92.92332458496094
teastore\services\tools.descartes.teastore.image\src\main\java\tools\descartes\teastore\image\storage\IDataStorage.java,71.15763092041016,0.0,2.2899837493896484,5.059550762176514,Image,71.15763092041016
teastore\utilities\tools.descartes.teastore.registryclient\src\main\java\tools\descartes\teastore\registryclient\RegistryClientHeartbeatDaemon.java,0.0,0.0,37.463165283203125,2.0042197704315186,Registry,37.463165283203125
teastore\services\tools.descartes.teastore.recommender\src\main\java\tools\descartes\teastore\recommender\algorithm\RecommenderSelector.java,0.0,189.8621826171875,6.529816627502441,7.225337028503418,Recommender,189.8621826171875
teastore\services\tools.descartes.teastore.image\src\test\java\tools\descartes\teastore\image\cache\entry\AbstractEntryWrapper.java,69.28463745117188,0.6783603429794312,2.2982897758483887,5.084590435028076,Image,69.28463745117188
teastore\services\tools.descartes.teastore.image\src\main\java\tools\descartes\teastore\image\storage\NoStorage.java,70.80445098876953,0.0,2.283223867416382,5.038561820983887,Image,70.80445098876953
teastore\services\tools.descartes.teastore.image\src\test\java\tools\descartes\teastore\image\cache\entry\TestTimedEntry.java,67.37722778320312,1.6250147819519043,2.2609219551086426,5.965130805969238,Image,67.37722778320312
teastore\utilities\tools.descartes.teastore.kieker.rabbitmq\src\main\java\tools\descartes\teastore\kieker\rabbitmq\FileWriterDaemon.java,0.0,0.0,0.0,3.516216993331909,WebUI,3.516216993331909
teastore\services\tools.descartes.teastore.recommender\src\main\java\tools\descartes\teastore\recommender\servlet\RecommenderStartup.java,0.8752474784851074,96.13432312011719,92.37406158447266,4.064123630523682,Recommender,96.13432312011719
teastore\utilities\tools.descartes.teastore.registryclient\src\main\java\tools\descartes\teastore\registryclient\rest\RestUtil.java,2.6924829483032227,4.046469211578369,42.502220153808594,6.3310322761535645,Registry,42.502220153808594
teastore\services\tools.descartes.teastore.persistence\src\main\java\tools\descartes\teastore\persistence\rest\ProductEndpoint.java,6.893446922302246,7.149317264556885,7.207592964172363,6.429932594299316,Registry,7.207592964172363
teastore\utilities\tools.descartes.teastore.registryclient\src\main\java\tools\descartes\teastore\registryclient\loadbalancers\LoadBalancerUpdaterDaemon.java,0.0,0.0,37.0,2.0042929649353027,Registry,37.0
teastore\services\tools.descartes.teastore.persistence\src\test\java\tools\descartes\teastore\persistence\DataGeneratorTest.java,2.1102590560913086,10.2954740524292,2.190142869949341,2.0034639835357666,Recommender,10.2954740524292
teastore\services\tools.descartes.teastore.persistence\src\main\java\tools\descartes\teastore\persistence\domain\OrderRepository.java,1.889089822769165,10.10032844543457,2.1689858436584473,2.835707187652588,Recommender,10.10032844543457
teastore\services\tools.descartes.teastore.webui\src\main\java\tools\descartes\teastore\webui\rest\ReadyRest.java,3.946438789367676,1.7001794576644897,2.2946724891662598,105.09291076660156,WebUI,105.09291076660156
teastore\services\tools.descartes.teastore.image\src\main\java\tools\descartes\teastore\image\cache\RandomReplacement.java,70.61639404296875,0.6086055636405945,2.2501766681671143,4.927264213562012,Image,70.61639404296875
teastore\services\tools.descartes.teastore.recommender\src\main\java\tools\descartes\teastore\recommender\algorithm\AbstractRecommender.java,3.6950769424438477,110.7964859008789,6.378746509552002,3.6347813606262207,Recommender,110.7964859008789
teastore\services\tools.descartes.teastore.recommender\src\main\java\tools\descartes\teastore\recommender\rest\RecommendSingleEndpoint.java,3.646453380584717,168.74403381347656,2.264711856842041,2.856734037399292,Recommender,168.74403381347656
teastore\utilities\tools.descartes.teastore.dockermemoryconfigurator\src\main\java\tools\descartes\teastore\dockermemoryconfigurator\Configurator.java,0.0,2.0619421005249023,2.6420326232910156,4.749477863311768,WebUI,4.749477863311768
teastore\utilities\tools.descartes.teastore.registryclient\src\main\java\tools\descartes\teastore\registryclient\rest\LoadBalancedCRUDOperations.java,2.297071695327759,1.9294592142105103,37.48101043701172,2.0033881664276123,Registry,37.48101043701172
teastore\interfaces\tools.descartes.teastore.entities\src\test\java\tools\descartes\teastore\entities\InterfaceTests.java,0.0,0.0,0.0,2.00439190864563,WebUI,2.00439190864563
teastore\utilities\tools.descartes.teastore.registryclient\src\main\java\tools\descartes\teastore\registryclient\rest\LoadBalancedStoreOperations.java,5.706532001495361,7.794826030731201,37.39128494262695,2.727670431137085,Registry,37.39128494262695
teastore\services\tools.descartes.teastore.persistence\src\main\java\tools\descartes\teastore\persistence\rest\OrderItemEndpoint.java,6.651751518249512,8.358200073242188,2.182525396347046,3.239305019378662,Recommender,8.358200073242188
teastore\services\tools.descartes.teastore.auth\src\test\java\tools\descartes\teastore\auth\security\ShaSecurityProviderTest.java,0.0,0.0,5.31525993347168,6.485989570617676,WebUI,6.485989570617676
teastore\utilities\tools.descartes.teastore.kieker.rabbitmq\src\main\java\tools\descartes\teastore\kieker\rabbitmq\MemoryLogStorage.java,0.0,0.0,0.0,2.004263401031494,WebUI,2.004263401031494
teastore\services\tools.descartes.teastore.webui\src\main\java\tools\descartes\teastore\webui\servlet\AboutUsServlet.java,42.004024505615234,0.0,2.212291717529297,114.15617370605469,WebUI,114.15617370605469
teastore\utilities\tools.descartes.teastore.kieker.rabbitmq\src\main\java\tools\descartes\teastore\kieker\rabbitmq\LogReaderDaemon.java,0.5599156618118286,0.0,0.0,2.003852128982544,WebUI,2.003852128982544
teastore\utilities\tools.descartes.teastore.registryclient\src\main\java\tools\descartes\teastore\registryclient\loadbalancers\EndpointClientCollection.java,0.0,0.9329246878623962,37.28032684326172,2.0039007663726807,Registry,37.28032684326172
teastore\utilities\tools.descartes.teastore.registryclient\src\main\java\tools\descartes\teastore\registryclient\util\TimeoutException.java,0.0,0.0,35.0,2.004345655441284,Registry,35.0
teastore\utilities\tools.descartes.teastore.registryclient\src\main\java\tools\descartes\teastore\registryclient\util\AbstractCRUDEndpoint.java,3.1657676696777344,1.880998134613037,41.29452133178711,7.93389892578125,Registry,41.29452133178711
teastore\services\tools.descartes.teastore.auth\src\main\java\tools\descartes\teastore\auth\rest\AuthCartRest.java,4.800891399383545,6.756852149963379,8.937712669372559,7.444000244140625,Registry,8.937712669372559
teastore\services\tools.descartes.teastore.persistence\src\main\java\tools\descartes\teastore\persistence\domain\OrderItemRepository.java,4.4893670082092285,5.740145206451416,2.162942409515381,3.055739402770996,Recommender,5.740145206451416
teastore\services\tools.descartes.teastore.image\src\main\java\tools\descartes\teastore\image\storage\rules\StoreAll.java,69.22693634033203,0.0,2.297074317932129,6.508714199066162,Image,69.22693634033203
teastore\services\tools.descartes.teastore.persistence\src\main\java\tools\descartes\teastore\persistence\rest\CategoryEndpoint.java,2.4070897102355957,2.135366201400757,2.240281343460083,2.28997802734375,Image,2.4070897102355957
teastore\services\tools.descartes.teastore.webui\src\main\java\tools\descartes\teastore\webui\servlet\IndexServlet.java,41.29365158081055,0.0,2.5420494079589844,121.65953826904297,WebUI,121.65953826904297
teastore\services\tools.descartes.teastore.webui\src\main\java\tools\descartes\teastore\webui\servlet\ProductServlet.java,48.11714553833008,6.533774375915527,2.5471110343933105,109.34982299804688,WebUI,109.34982299804688
teastore\services\tools.descartes.teastore.persistence\src\main\java\tools\descartes\teastore\persistence\rest\OrderEndpoint.java,2.3498425483703613,14.582426071166992,2.207458734512329,3.0465848445892334,Recommender,14.582426071166992
teastore\utilities\tools.descartes.teastore.registryclient\src\main\java\tools\descartes\teastore\registryclient\tracing\Tracing.java,2.197831392288208,0.0,38.4149284362793,2.8581371307373047,Registry,38.4149284362793
teastore\services\tools.descartes.teastore.recommender\src\main\java\tools\descartes\teastore\recommender\servlet\TrainingSynchronizer.java,3.052809715270996,86.09819793701172,10.031603813171387,12.661813735961914,Recommender,86.09819793701172
teastore\services\tools.descartes.teastore.webui\src\main\java\tools\descartes\teastore\webui\servlet\CategoryServlet.java,61.241607666015625,8.052672386169434,2.4523372650146484,98.66389465332031,WebUI,98.66389465332031
teastore\services\tools.descartes.teastore.image\src\main\java\tools\descartes\teastore\image\setup\CachingRule.java,69.33004760742188,0.0,2.2788898944854736,6.147469520568848,Image,69.33004760742188
teastore\services\tools.descartes.teastore.persistence\src\main\java\tools\descartes\teastore\persistence\domain\converters\LocalDateAttributeConverter.java,1.1225178241729736,0.0,2.2810401916503906,2.9220988750457764,WebUI,2.9220988750457764
teastore\services\tools.descartes.teastore.recommender\src\main\java\tools\descartes\teastore\recommender\rest\TrainEndpoint.java,3.8416898250579834,89.78286743164062,9.503925323486328,11.836559295654297,Recommender,89.78286743164062
teastore\services\tools.descartes.teastore.image\src\test\java\tools\descartes\teastore\image\TestImageScaler.java,75.78825378417969,0.5762708187103271,2.111229419708252,7.236952781677246,Image,75.78825378417969
teastore\utilities\tools.descartes.teastore.kieker.rabbitmq\src\main\java\tools\descartes\teastore\kieker\rabbitmq\DisplayLogs.java,0.0,0.0,0.0,2.0041911602020264,WebUI,2.0041911602020264
teastore\services\tools.descartes.teastore.webui\src\main\java\tools\descartes\teastore\webui\servlet\CartServlet.java,48.003353118896484,8.113407135009766,2.5471110343933105,109.34982299804688,WebUI,109.34982299804688
teastore\services\tools.descartes.teastore.persistence\src\main\java\tools\descartes\teastore\persistence\domain\PersistenceProduct.java,7.953804016113281,2.4907901287078857,2.2341082096099854,4.250326633453369,Image,7.953804016113281
teastore\interfaces\tools.descartes.teastore.entities\src\main\java\tools\descartes\teastore\entities\Order.java,3.389185905456543,5.848053455352783,0.0,2.003584384918213,Recommender,5.848053455352783
teastore\services\tools.descartes.teastore.image\src\main\java\tools\descartes\teastore\image\cache\AbstractQueueCache.java,70.0060806274414,0.6423332691192627,2.2726316452026367,5.004515171051025,Image,70.0060806274414
teastore\services\tools.descartes.teastore.recommender\src\main\java\tools\descartes\teastore\recommender\algorithm\impl\cf\PreprocessedSlopeOneRecommender.java,0.0,96.3014144897461,2.268613338470459,2.650780200958252,Recommender,96.3014144897461
teastore\services\tools.descartes.teastore.image\src\main\java\tools\descartes\teastore\image\cache\entry\ICachable.java,69.458984375,0.6833596229553223,2.301996946334839,5.095509052276611,Image,69.458984375
teastore\services\tools.descartes.teastore.image\src\main\java\tools\descartes\teastore\image\cache\AbstractCache.java,63.98331069946289,1.5111477375030518,4.450847148895264,8.124472618103027,Image,63.98331069946289
teastore\services\tools.descartes.teastore.image\src\main\java\tools\descartes\teastore\image\setup\ImageIDFactory.java,71.37071990966797,1.158150553703308,2.2982897758483887,5.084590435028076,Image,71.37071990966797
teastore\services\tools.descartes.teastore.auth\src\main\java\tools\descartes\teastore\auth\security\ShaSecurityProvider.java,2.6800622940063477,0.8210810422897339,2.207458734512329,2.497624397277832,Image,2.6800622940063477
teastore\services\tools.descartes.teastore.image\src\main\java\tools\descartes\teastore\image\cache\LastInFirstOut.java,69.7936782836914,0.6364547610282898,2.268613338470459,4.991212844848633,Image,69.7936782836914
teastore\services\tools.descartes.teastore.image\src\test\java\tools\descartes\teastore\image\cache\DummyData.java,70.06362915039062,0.6306828856468201,2.264711856842041,4.978085994720459,Image,70.06362915039062
teastore\utilities\tools.descartes.teastore.kieker.probes\src\main\java\tools\descartes\teastore\kieker\probes\AbstractOperationExecutionWithParameterAspect.java,40.873966217041016,0.0,66.81863403320312,4.804594039916992,Registry,66.81863403320312
teastore\services\tools.descartes.teastore.image\src\test\java\tools\descartes\teastore\image\cache\DummyEntry.java,67.37722778320312,0.6250147223472595,2.2609219551086426,4.965130805969238,Image,67.37722778320312
teastore\utilities\tools.descartes.teastore.registryclient\src\main\java\tools\descartes\teastore\registryclient\rest\LoadBalancedRecommenderOperations.java,2.7241015434265137,108.12470245361328,37.30883026123047,2.0040807723999023,Recommender,108.12470245361328
teastore\services\tools.descartes.teastore.webui\src\main\java\tools\descartes\teastore\webui\servlet\LoginActionServlet.java,2.796830654144287,4.72209358215332,2.2226669788360596,101.15447998046875,WebUI,101.15447998046875
teastore\interfaces\tools.descartes.teastore.entities\src\main\java\tools\descartes\teastore\entities\ImageSize.java,60.751529693603516,1.2858980894088745,0.0,6.222634792327881,Image,60.751529693603516
teastore\utilities\tools.descartes.teastore.registryclient\src\main\java\tools\descartes\teastore\registryclient\rest\HttpWrapper.java,0.6817175149917603,0.0,35.0,2.9271578788757324,Registry,35.0
teastore\services\tools.descartes.teastore.persistence\src\main\java\tools\descartes\teastore\persistence\domain\PersistenceOrder.java,3.7115442752838135,8.164581298828125,2.1689858436584473,3.99869966506958,Recommender,8.164581298828125
teastore\services\tools.descartes.teastore.persistence\src\main\java\tools\descartes\teastore\persistence\domain\ProductRepository.java,4.839866638183594,5.182556629180908,2.1689858436584473,2.835707187652588,Recommender,5.182556629180908
teastore\services\tools.descartes.teastore.image\src\main\java\tools\descartes\teastore\image\cache\rules\CacheAll.java,69.22693634033203,0.6767101287841797,2.297074317932129,6.508714199066162,Image,69.22693634033203
teastore\services\tools.descartes.teastore.persistence\src\main\java\tools\descartes\teastore\persistence\repository\EMFManager.java,2.38946795463562,8.988579750061035,3.0457277297973633,5.684226036071777,Recommender,8.988579750061035
teastore\services\tools.descartes.teastore.registry\src\main\java\tools\descartes\teastore\registry\servlet\IndexServlet.java,0.49264416098594666,0.0,129.63743591308594,3.433685541152954,Registry,129.63743591308594
teastore\utilities\tools.descartes.teastore.kieker.probes\src\main\java\tools\descartes\teastore\kieker\probes\records\IPayloadCharacterization.java,0.0,0.0,0.0,2.0043153762817383,WebUI,2.0043153762817383
teastore\services\tools.descartes.teastore.persistence\src\main\java\tools\descartes\teastore\persistence\domain\PersistenceOrderItem.java,6.051273822784424,5.880670547485352,2.240281343460083,4.052389144897461,Image,6.051273822784424
teastore\services\tools.descartes.teastore.image\src\main\java\tools\descartes\teastore\image\cache\IDataCache.java,70.34549713134766,0.6513575315475464,2.2788898944854736,5.024805068969727,Image,70.34549713134766
teastore\services\tools.descartes.teastore.image\src\main\java\tools\descartes\teastore\image\cache\LeastFrequentlyUsed.java,68.57621765136719,0.603325605392456,2.246788740158081,4.914964199066162,Image,68.57621765136719
teastore\services\tools.descartes.teastore.image\src\test\java\tools\descartes\teastore\image\cache\AbstractCacheTestInit.java,65.0683364868164,0.5379841327667236,2.207458734512329,4.757897853851318,Image,65.0683364868164
teastore\services\tools.descartes.teastore.image\src\test\java\tools\descartes\teastore\image\cache\entry\TestCountedEntry.java,67.5840835571289,0.6306828856468201,2.264711856842041,4.978085994720459,Image,67.5840835571289
teastore\services\tools.descartes.teastore.image\src\main\java\tools\descartes\teastore\image\ImageProvider.java,107.9296875,2.6444694995880127,3.4457590579986572,21.743276596069336,Image,107.9296875
teastore\utilities\tools.descartes.teastore.registryclient\src\main\java\tools\descartes\teastore\registryclient\loadbalancers\LoadBalancerTimeoutException.java,0.0,0.0,37.413787841796875,2.0042929649353027,Registry,37.413787841796875
teastore\services\tools.descartes.teastore.image\src\test\java\tools\descartes\teastore\image\cache\TestMostRecentlyUsed.java,63.42563247680664,0.5218366384506226,2.1984236240386963,4.717645645141602,Image,63.42563247680664
teastore\utilities\tools.descartes.teastore.registryclient\src\main\java\tools\descartes\teastore\registryclient\rest\ResponseWrapper.java,2.0594301223754883,1.4980803728103638,37.2061653137207,2.614824056625366,Registry,37.2061653137207
teastore\services\tools.descartes.teastore.persistence\src\main\java\tools\descartes\teastore\persistence\rest\CacheManagerEndpoint.java,0.8717057704925537,2.18595027923584,7.874983310699463,8.432108879089355,WebUI,8.432108879089355
teastore\utilities\tools.descartes.teastore.registryclient\src\main\java\tools\descartes\teastore\registryclient\loadbalancers\ServiceLoadBalancerResult.java,0.0,0.0,39.0,3.0040016174316406,Registry,39.0
teastore\utilities\tools.descartes.teastore.kieker.rabbitmq\src\main\java\tools\descartes\teastore\kieker\rabbitmq\Reset.java,0.0,0.0,0.0,7.5909905433654785,WebUI,7.5909905433654785
teastore\interfaces\tools.descartes.teastore.entities\src\main\java\tools\descartes\teastore\entities\OrderItem.java,4.794190406799316,3.641664981842041,0.0,2.003758668899536,Image,4.794190406799316
teastore\services\tools.descartes.teastore.image\src\main\java\tools\descartes\teastore\image\setup\SetupController.java,116.27952575683594,9.923809051513672,43.057559967041016,18.515382766723633,Image,116.27952575683594
teastore\services\tools.descartes.teastore.webui\src\main\java\tools\descartes\teastore\webui\servlet\LoginServlet.java,40.543182373046875,0.0,2.5347089767456055,121.02098846435547,WebUI,121.02098846435547
teastore\services\tools.descartes.teastore.image\src\test\java\tools\descartes\teastore\image\TestStoreImage.java,79.75836944580078,0.9844745993614197,2.138225555419922,6.095587730407715,Image,79.75836944580078
teastore\services\tools.descartes.teastore.registry\src\main\java\tools\descartes\teastore\registry\rest\RegistryStartup.java,0.0,0.0,141.8870391845703,2.0041351318359375,Registry,141.8870391845703
teastore\services\tools.descartes.teastore.auth\src\main\java\tools\descartes\teastore\auth\security\BCryptProvider.java,0.0,0.0,2.300750970840454,2.0043153762817383,Registry,2.300750970840454
teastore\services\tools.descartes.teastore.persistence\src\test\java\tools\descartes\teastore\persistence\repository\EMFManagerInitializer.java,2.0697476863861084,0.0,2.2810401916503906,2.0041911602020264,Registry,2.2810401916503906
teastore\services\tools.descartes.teastore.recommender\src\test\java\tools\descartes\teastore\recommender\algorithm\PopularityBasedRecommenderTest.java,0.0,81.95516967773438,2.182525396347046,2.0033881664276123,Recommender,81.95516967773438
teastore\services\tools.descartes.teastore.image\src\test\java\tools\descartes\teastore\image\cache\AbstractCacheWrapper.java,69.7936782836914,0.6364547610282898,2.268613338470459,4.991212844848633,Image,69.7936782836914
teastore\services\tools.descartes.teastore.webui\src\main\java\tools\descartes\teastore\webui\servlet\StatusServlet.java,65.83422088623047,74.80593872070312,101.85619354248047,116.61985778808594,WebUI,116.61985778808594
teastore\services\tools.descartes.teastore.recommender\src\test\java\tools\descartes\teastore\recommender\algorithm\AbstractRecommenderFunctionalityTest.java,0.0,85.2849349975586,3.070892810821533,2.5244674682617188,Recommender,85.2849349975586
teastore\services\tools.descartes.teastore.image\src\test\java\tools\descartes\teastore\image\cache\TestRandomReplacement.java,60.498287200927734,0.42079606652259827,2.1471543312072754,4.45171594619751,Image,60.498287200927734
teastore\services\tools.descartes.teastore.webui\src\main\java\tools\descartes\teastore\webui\servlet\AbstractUIServlet.java,7.682440280914307,6.053713321685791,2.4634013175964355,96.84182739257812,WebUI,96.84182739257812
teastore\services\tools.descartes.teastore.persistence\src\main\java\tools\descartes\teastore\persistence\repository\DataGenerator.java,6.90184211730957,13.61795425415039,3.596492290496826,6.800683975219727,Recommender,13.61795425415039
teastore\services\tools.descartes.teastore.recommender\src\main\java\tools\descartes\teastore\recommender\algorithm\OrderItemSet.java,0.0,100.98448944091797,2.2810401916503906,2.5619118213653564,Recommender,100.98448944091797
teastore\services\tools.descartes.teastore.image\src\test\java\tools\descartes\teastore\image\cache\TestLeastRecentlyUsed.java,63.42563247680664,0.5218366384506226,2.1984236240386963,4.717645645141602,Image,63.42563247680664
teastore\utilities\tools.descartes.teastore.kieker.rabbitmq\src\main\java\tools\descartes\teastore\kieker\rabbitmq\IndexServlet.java,2.120621681213379,2.7341432571411133,0.0,7.371684551239014,WebUI,7.371684551239014
teastore\services\tools.descartes.teastore.recommender\src\main\java\tools\descartes\teastore\recommender\algorithm\impl\pop\PopularityBasedRecommender.java,2.9546689987182617,98.7481689453125,2.2609219551086426,3.9609806537628174,Recommender,98.7481689453125
teastore\services\tools.descartes.teastore.image\src\main\java\tools\descartes\teastore\image\StoreImage.java,97.26734924316406,2.6098294258117676,2.162942409515381,7.922318935394287,Image,97.26734924316406
teastore\utilities\tools.descartes.teastore.registryclient\src\main\java\tools\descartes\teastore\registryclient\StartupCallbackTask.java,2.036806106567383,0.0,104.303955078125,3.402031421661377,Registry,104.303955078125
teastore\services\tools.descartes.teastore.image\src\main\java\tools\descartes\teastore\image\setup\CachingMode.java,69.57587432861328,0.0,2.268613338470459,6.072509288787842,Image,69.57587432861328
teastore\utilities\tools.descartes.teastore.registryclient\src\main\java\tools\descartes\teastore\registryclient\rest\NonBalancedCRUDOperations.java,2.6936657428741455,3.071661949157715,41.081825256347656,7.211852550506592,Registry,41.081825256347656
teastore\services\tools.descartes.teastore.recommender\src\test\java\tools\descartes\teastore\recommender\algorithm\PreprocessedSlopeOneRecommenderTest.java,0.0,79.9704360961914,2.1689858436584473,2.4694597721099854,Recommender,79.9704360961914
teastore\services\tools.descartes.teastore.auth\src\main\java\tools\descartes\teastore\auth\security\ConstantKeyProvider.java,0.0,0.0,2.303253173828125,2.0043303966522217,Registry,2.303253173828125
teastore\services\tools.descartes.teastore.webui\src\main\java\tools\descartes\teastore\webui\servlet\ErrorServlet.java,40.50052261352539,0.0,4.520609378814697,120.92145538330078,WebUI,120.92145538330078
teastore\services\tools.descartes.teastore.image\src\test\java\tools\descartes\teastore\image\cache\TestFirstInFirstOut.java,62.811702728271484,0.5066303014755249,2.190142869949341,4.679195404052734,Image,62.811702728271484
teastore\services\tools.descartes.teastore.image\src\main\java\tools\descartes\teastore\image\cache\AbstractTreeCache.java,69.17306518554688,0.6194475889205933,2.2572391033172607,4.9523444175720215,Image,69.17306518554688
teastore\services\tools.descartes.teastore.persistence\src\main\java\tools\descartes\teastore\persistence\servlet\IndexServlet.java,0.49264416098594666,0.0,2.2706077098846436,3.433685541152954,WebUI,3.433685541152954
teastore\services\tools.descartes.teastore.image\src\test\java\tools\descartes\teastore\image\TestImageDB.java,77.5470962524414,1.0,2.1232666969299316,5.534437656402588,Image,77.5470962524414
teastore\services\tools.descartes.teastore.image\src\test\java\tools\descartes\teastore\image\TestImageDBKey.java,67.37722778320312,0.0,2.2609219551086426,4.965130805969238,Image,67.37722778320312
teastore\services\tools.descartes.teastore.auth\src\main\java\tools\descartes\teastore\auth\security\RandomSessionIdGenerator.java,0.0,0.0,2.3045201301574707,2.004338026046753,Registry,2.3045201301574707
teastore\services\tools.descartes.teastore.persistence\src\main\java\tools\descartes\teastore\persistence\domain\PersistenceUser.java,3.0040283203125,9.744606018066406,2.212291717529297,3.7064924240112305,Recommender,9.744606018066406
teastore\services\tools.descartes.teastore.image\src\main\java\tools\descartes\teastore\image\ImageDB.java,145.5111083984375,3.415947914123535,2.1303184032440186,107.91870880126953,Image,145.5111083984375
teastore\interfaces\tools.descartes.teastore.entities\src\main\java\tools\descartes\teastore\entities\message\SessionBlob.java,3.4801197052001953,1.5637351274490356,0.0,2.004053831100464,Image,3.4801197052001953
teastore\services\tools.descartes.teastore.auth\src\main\java\tools\descartes\teastore\auth\rest\ReadyRest.java,1.0226120948791504,1.6944193840026855,2.2934861183166504,2.900704860687256,WebUI,2.900704860687256
teastore\services\tools.descartes.teastore.image\src\test\java\tools\descartes\teastore\image\storage\rules\TestStoreLargeImages.java,67.57621765136719,0.0,2.246788740158081,7.187873840332031,Image,67.57621765136719
teastore\utilities\tools.descartes.teastore.kieker.rabbitmq\src\main\java\tools\descartes\teastore\kieker\rabbitmq\LogReaderStartup.java,0.0,0.0,0.0,2.0040016174316406,WebUI,2.0040016174316406
teastore\services\tools.descartes.teastore.image\src\test\java\tools\descartes\teastore\image\TestImageProvider.java,69.99313354492188,0.0,2.313692808151245,5.128962993621826,Image,69.99313354492188
teastore\services\tools.descartes.teastore.image\src\main\java\tools\descartes\teastore\image\storage\DriveStorage.java,77.81385803222656,1.670867919921875,2.1471543312072754,10.287277221679688,Image,77.81385803222656
teastore\services\tools.descartes.teastore.auth\src\main\java\tools\descartes\teastore\auth\security\ISessionIdGenerator.java,0.0,0.0,2.309694766998291,2.004368782043457,Registry,2.309694766998291
teastore\services\tools.descartes.teastore.persistence\src\main\java\tools\descartes\teastore\persistence\domain\converters\LocalDateTimeAttributeConverter.java,0.0,0.0,2.2810401916503906,2.0041911602020264,Registry,2.2810401916503906
teastore\services\tools.descartes.teastore.persistence\src\main\java\tools\descartes\teastore\persistence\domain\PersistenceCategory.java,7.907204627990723,2.345508575439453,2.2536587715148926,4.359866619110107,Image,7.907204627990723
teastore\services\tools.descartes.teastore.persistence\src\main\java\tools\descartes\teastore\persistence\daemons\InitialDataGenerationDaemon.java,1.1395795345306396,4.139200210571289,100.83600616455078,2.7273967266082764,Registry,100.83600616455078
teastore\services\tools.descartes.teastore.image\src\main\java\tools\descartes\teastore\image\cache\entry\ICacheEntry.java,69.28463745117188,0.6783603429794312,2.2982897758483887,5.084590435028076,Image,69.28463745117188
teastore\services\tools.descartes.teastore.webui\src\main\java\tools\descartes\teastore\webui\servlet\elhelper\ELHelperUtils.java,3.3719165325164795,0.0,2.2767720222473145,104.16498565673828,WebUI,104.16498565673828
teastore\services\tools.descartes.teastore.image\src\main\java\tools\descartes\teastore\image\setup\ImageProviderStartup.java,69.90184783935547,0.0,99.3235855102539,6.11126708984375,Registry,99.3235855102539
teastore\services\tools.descartes.teastore.auth\src\main\java\tools\descartes\teastore\auth\rest\AuthUserActionsRest.java,3.223909378051758,11.999641418457031,8.981635093688965,7.706835746765137,Recommender,11.999641418457031
teastore\services\tools.descartes.teastore.image\src\main\java\tools\descartes\teastore\image\rest\ImageProviderEndpoint.java,94.1594467163086,1.7060909271240234,3.6219592094421387,11.154995918273926,Image,94.1594467163086
teastore\services\tools.descartes.teastore.recommender\src\main\java\tools\descartes\teastore\recommender\algorithm\impl\DummyRecommender.java,0.0,150.97317504882812,2.291141986846924,3.004256010055542,Recommender,150.97317504882812
teastore\interfaces\tools.descartes.teastore.entities\src\main\java\tools\descartes\teastore\entities\ImageSizePreset.java,37.0,2.2304835319519043,0.0,4.004054069519043,Image,37.0
teastore\services\tools.descartes.teastore.recommender\src\test\java\tools\descartes\teastore\recommender\algorithm\SlopeOneRecommenderTest.java,0.0,66.61546325683594,2.0970184803009033,2.45247745513916,Recommender,66.61546325683594
teastore\services\tools.descartes.teastore.image\src\main\java\tools\descartes\teastore\image\setup\CreatorRunner.java,107.25407409667969,5.704285144805908,2.207458734512329,12.611767768859863,Image,107.25407409667969
teastore\services\tools.descartes.teastore.image\src\test\java\tools\descartes\teastore\image\cache\TestLastInFirstOut.java,62.811702728271484,0.5066303014755249,2.190142869949341,4.679195404052734,Image,62.811702728271484
teastore\utilities\tools.descartes.teastore.registryclient\src\main\java\tools\descartes\teastore\registryclient\rest\LoadBalancedImageOperations.java,86.83126831054688,4.661168098449707,41.12926483154297,10.001264572143555,Image,86.83126831054688
teastore\services\tools.descartes.teastore.persistence\src\main\java\tools\descartes\teastore\persistence\domain\UserRepository.java,4.588706016540527,6.78244686126709,2.1984236240386963,2.3291752338409424,Recommender,6.78244686126709
teastore\services\tools.descartes.teastore.recommender\src\main\java\tools\descartes\teastore\recommender\algorithm\impl\orderbased\OrderBasedRecommender.java,3.243522882461548,105.02085876464844,2.240281343460083,5.590410232543945,Recommender,105.02085876464844
teastore\services\tools.descartes.teastore.image\src\test\java\tools\descartes\teastore\image\storage\rules\TestStoreAll.java,68.7164077758789,0.0,2.2865638732910156,6.446151256561279,Image,68.7164077758789
teastore\services\tools.descartes.teastore.persistence\src\main\java\tools\descartes\teastore\persistence\repository\AbstractPersistenceRepository.java,2.2883195877075195,1.0651178359985352,4.563137054443359,3.250499963760376,Registry,4.563137054443359
teastore\services\tools.descartes.teastore.auth\src\main\java\tools\descartes\teastore\auth\startup\AuthStartup.java,0.0,0.0,101.2191162109375,3.2734880447387695,Registry,101.2191162109375
teastore\services\tools.descartes.teastore.persistence\src\main\java\tools\descartes\teastore\persistence\rest\DatabaseGenerationEndpoint.java,2.3929250240325928,18.8911190032959,45.08348846435547,6.988452911376953,Registry,45.08348846435547
teastore\services\tools.descartes.teastore.image\src\main\java\tools\descartes\teastore\image\cache\entry\TimedEntry.java,69.66893005371094,1.7689059972763062,2.2854418754577637,5.045510292053223,Image,69.66893005371094
teastore\utilities\tools.descartes.teastore.registryclient\src\main\java\tools\descartes\teastore\registryclient\RegistryClient.java,1.9171570539474487,7.293132781982422,123.55907440185547,9.182747840881348,Registry,123.55907440185547
teastore\services\tools.descartes.teastore.persistence\src\main\java\tools\descartes\teastore\persistence\repository\DatabaseManagementEntity.java,2.2851290702819824,0.0,2.2946724891662598,2.0042781829833984,Registry,2.2946724891662598
teastore\services\tools.descartes.teastore.recommender\src\main\java\tools\descartes\teastore\recommender\algorithm\IRecommender.java,0.0,151.46493530273438,3.514963150024414,3.0042707920074463,Recommender,151.46493530273438
teastore\services\tools.descartes.teastore.recommender\src\main\java\tools\descartes\teastore\recommender\rest\RecommendEndpoint.java,3.723261833190918,181.1163787841797,2.2767720222473145,3.886207342147827,Recommender,181.1163787841797
teastore\services\tools.descartes.teastore.image\src\main\java\tools\descartes\teastore\image\cache\MostRecentlyUsed.java,68.38231658935547,0.5981365442276001,2.2434916496276855,4.902820110321045,Image,68.38231658935547
teastore\utilities\tools.descartes.teastore.registryclient\src\main\java\tools\descartes\teastore\registryclient\Service.java,68.5018539428711,86.86837768554688,37.428993225097656,100.28460693359375,WebUI,100.28460693359375
teastore\services\tools.descartes.teastore.image\src\test\java\tools\descartes\teastore\image\cache\TestAbstractCache.java,49.01676559448242,0.19465529918670654,2.0577008724212646,3.7526004314422607,Image,49.01676559448242
teastore\services\tools.descartes.teastore.image\src\main\java\tools\descartes\teastore\image\cache\entry\CountedEntry.java,68.82849884033203,0.6653795838356018,2.288834810256958,5.0560221672058105,Image,68.82849884033203
teastore\interfaces\tools.descartes.teastore.entities\src\main\java\tools\descartes\teastore\entities\Product.java,8.518924713134766,3.0033421516418457,0.0,2.429030179977417,Image,8.518924713134766
teastore\services\tools.descartes.teastore.registry\src\main\java\tools\descartes\teastore\registry\rest\RegistryREST.java,4.173865795135498,1.4767242670059204,198.57937622070312,7.8706865310668945,Registry,198.57937622070312
