file_path,Storage,Common,E2E,Client,best_module,best_likelihood
src\client\java\teammates\client\connector\DatastoreClient.java,10.00,0.00,0.00,90.00,Client,90.00
src\client\java\teammates\client\connector\package-info.java,0.00,0.00,0.00,100.00,Client,100.00
src\client\java\teammates\client\scripts\statistics\StatisticsPerInstitute.java,0.00,0.00,0.00,100.00,Client,100.00
src\client\java\teammates\client\scripts\statistics\package-info.java,0.00,0.00,0.00,100.00,Client,100.00
src\client\java\teammates\client\scripts\statistics\StatisticsBundle.java,0.00,0.00,0.00,100.00,Client,100.00
src\client\java\teammates\client\scripts\statistics\CursorIterator.java,5.00,10.00,0.00,85.00,Client,85.00
src\client\java\teammates\client\scripts\statistics\FileStore.java,5.00,10.00,0.00,95.00,Client,95.00
src\client\java\teammates\client\scripts\DataMigrationForSanitizedDataInCourseAttributes.java,0.00,0.00,0.00,100.00,Client,100.00
src\client\java\teammates\client\scripts\DataMigrationForSampleGoogleIdInStudentAttributes.java,0.00,0.00,0.00,100.00,Client,100.00
src\client\java\teammates\client\scripts\DataMigrationForGoogleIdToGmail.java,0.00,0.00,0.00,100.00,Client,100.00
src\client\java\teammates\client\scripts\DataMigrationEntitiesBaseScript.java,0.00,5.00,0.00,95.00,Client,95.00
src\client\java\teammates\client\scripts\DataMigrationForSanitizedDataInInstructorAttributes.java,0.00,0.00,0.00,100.00,Client,100.00
src\client\java\teammates\client\scripts\DataMigrationForConstSumForceUnevenDistribution.java,0.00,0.00,0.00,100.00,Client,100.00
src\client\java\teammates\client\scripts\DataMigrationForNullCommentGiverType.java,0.00,0.00,0.00,100.00,Client,100.00
src\client\java\teammates\client\scripts\DataMigrationForFeedbackSessionMismatchedTimezone.java,0.00,0.00,0.00,100.00,Client,100.00
src\client\java\teammates\client\scripts\DataMigrationForInstructorNullIsArchivedField.java,0.00,0.00,0.00,100.00,Client,100.00
src\client\java\teammates\client\scripts\DataMigrationForInstructorFeedbackResponseComments.java,0.00,0.00,0.00,100.00,Client,100.00
src\client\java\teammates\client\scripts\DataBundleRegenerator.java,0.00,0.00,0.00,100.00,Client,100.00
src\client\java\teammates\client\scripts\DataMigrationForContributionQuestionDetailsIsZeroSum.java,0.00,0.00,0.00,100.00,Client,100.00
src\client\java\teammates\client\scripts\DataMigrationForTeamNameInResponseGiver.java,0.00,0.00,0.00,100.00,Client,100.00
src\client\java\teammates\client\scripts\DataMigrationForSanitizedInstructorName.java,0.00,0.00,0.00,100.00,Client,100.00
src\client\java\teammates\client\scripts\DataMigrationForStudentsAndTeamsRecipientType.java,0.00,0.00,0.00,100.00,Client,100.00
src\client\java\teammates\client\scripts\GoogleIdMigrationBaseScript.java,0.00,0.00,0.00,100.00,Client,100.00
src\client\java\teammates\client\scripts\DataMigrationForSanitizedDataInStudentAttributes.java,0.00,0.00,0.00,100.00,Client,100.00
src\client\java\teammates\client\scripts\DataMigrationForTextQuestionRecommendedLength.java,0.00,0.00,0.00,100.00,Client,100.00
src\client\java\teammates\client\scripts\ListActiveInstructors.java,0.00,0.00,0.00,100.00,Client,100.00
src\client\java\teammates\client\scripts\IndexFeedbackSessionFields.java,0.00,0.00,0.00,100.00,Client,100.00
src\client\java\teammates\client\scripts\DataMigrationForTextQuestionDetailsFormat.java,0.00,0.00,0.00,100.00,Client,100.00
src\client\java\teammates\client\scripts\DataMigrationForUnencryptedKeyForInstructors.java,5.00,5.00,0.00,90.00,Client,90.00
src\client\java\teammates\client\scripts\GenerateUsageStatisticsObjects.java,0.00,0.00,0.00,100.00,Client,100.00
src\client\java\teammates\client\scripts\DataMigrationForUnencryptedKeyForStudents.java,0.00,0.00,0.00,100.00,Client,100.00
src\client\java\teammates\client\scripts\TeamEvalResultCalculations.java,0.00,0.00,0.00,100.00,Client,100.00
src\client\java\teammates\client\scripts\SingleAccountGoogleIdMigrationScript.java,0.00,0.00,0.00,100.00,Client,100.00
src\client\java\teammates\client\scripts\MockCourseWithLargeResponseScript.java,0.00,0.00,0.00,100.00,Client,100.00
src\client\java\teammates\client\scripts\package-info.java,0.00,0.00,0.00,100.00,Client,100.00
src\client\java\teammates\client\scripts\PopulateCourseSearchDocuments.java,0.00,0.00,0.00,100.00,Client,100.00
src\client\java\teammates\client\util\LoopHelper.java,0.00,10.00,0.00,90.00,Client,90.00
src\client\java\teammates\client\util\ClientProperties.java,0.00,10.00,0.00,90.00,Client,90.00
src\client\java\teammates\client\util\package-info.java,0.00,5.00,0.00,95.00,Client,95.00
src\client\java\teammates\client\util\BackDoor.java,0.00,10.00,80.00,10.00,E2E,80.00
src\e2e\java\teammates\e2e\cases\axe\InstructorCoursesPageAxeTest.java,0.00,0.00,100.00,0.00,E2E,100.00
src\e2e\java\teammates\e2e\cases\axe\InstructorCourseEnrollPageAxeTest.java,0.00,0.00,100.00,0.00,E2E,100.00
src\e2e\java\teammates\e2e\cases\axe\AdminNotificationsPageAxeTest.java,0.00,0.00,100.00,0.00,E2E,100.00
src\e2e\java\teammates\e2e\cases\axe\AdminHomePageAxeTest.java,0.00,0.00,100.00,0.00,E2E,100.00
src\e2e\java\teammates\e2e\cases\axe\InstructorCourseJoinConfirmationPageAxeTest.java,0.00,0.00,100.00,0.00,E2E,100.00
src\e2e\java\teammates\e2e\cases\axe\FeedbackSubmitPageAxeTest.java,0.00,0.00,100.00,0.00,E2E,100.00
src\e2e\java\teammates\e2e\cases\axe\InstructorCourseEditPageAxeTest.java,0.00,0.00,100.00,0.00,E2E,100.00
src\e2e\java\teammates\e2e\cases\axe\AdminSessionsPageAxeTest.java,0.00,0.00,100.00,0.00,E2E,100.00
src\e2e\java\teammates\e2e\cases\axe\AdminSearchPageAxeTest.java,0.00,0.00,100.00,0.00,E2E,100.00
src\e2e\java\teammates\e2e\cases\axe\InstructorCourseDetailsPageAxeTest.java,0.00,0.00,100.00,0.00,E2E,100.00
src\e2e\java\teammates\e2e\cases\axe\FeedbackResultsPageAxeTest.java,0.00,0.00,100.00,0.00,E2E,100.00
src\e2e\java\teammates\e2e\cases\axe\AdminAccountsPageAxeTest.java,0.00,0.00,100.00,0.00,E2E,100.00
src\e2e\java\teammates\e2e\cases\axe\InstructorFeedbackSessionsPageAxeTest.java,0.00,0.00,100.00,0.00,E2E,100.00
src\e2e\java\teammates\e2e\cases\axe\InstructorCourseStudentDetailsPageAxeTest.java,0.00,0.00,100.00,0.00,E2E,100.00
src\e2e\java\teammates\e2e\cases\axe\InstructorFeedbackEditPageAxeTest.java,0.00,0.00,100.00,0.00,E2E,100.00
src\e2e\java\teammates\e2e\cases\axe\InstructorFeedbackReportPageAxeTest.java,0.00,0.00,100.00,0.00,E2E,100.00
src\e2e\java\teammates\e2e\cases\axe\InstructorCourseStudentDetailsEditPageAxeTest.java,0.00,0.00,100.00,0.00,E2E,100.00
src\e2e\java\teammates\e2e\cases\axe\InstructorSearchPageAxeTest.java,0.00,0.00,100.00,0.00,E2E,100.00
src\e2e\java\teammates\e2e\cases\axe\InstructorStudentActivityLogsPageAxeTest.java,0.00,0.00,100.00,0.00,E2E,100.00
src\e2e\java\teammates\e2e\cases\axe\InstructorStudentListPageAxeTest.java,0.00,0.00,100.00,0.00,E2E,100.00
src\e2e\java\teammates\e2e\cases\axe\InstructorSessionIndividualExtensionPageAxeTest.java,0.00,0.00,100.00,0.00,E2E,100.00
src\e2e\java\teammates\e2e\cases\axe\InstructorNotificationsPageAxeTest.java,0.00,0.00,100.00,0.00,E2E,100.00
src\e2e\java\teammates\e2e\cases\axe\InstructorStudentRecordsPageAxeTest.java,0.00,0.00,100.00,0.00,E2E,100.00
src\e2e\java\teammates\e2e\cases\axe\InstructorHomePageAxeTest.java,0.00,0.00,100.00,0.00,E2E,100.00
src\e2e\java\teammates\e2e\cases\axe\StudentCourseDetailsPageAxeTest.java,0.00,0.00,100.00,0.00,E2E,100.00
src\e2e\java\teammates\e2e\cases\axe\package-info.java,0.00,0.00,100.00,0.00,E2E,100.00
src\e2e\java\teammates\e2e\cases\axe\StudentHomePageAxeTest.java,0.00,0.00,100.00,0.00,E2E,100.00
src\e2e\java\teammates\e2e\cases\axe\StudentNotificationsPageAxeTest.java,0.00,0.00,100.00,0.00,E2E,100.00
src\e2e\java\teammates\e2e\cases\axe\StudentCourseJoinConfirmationPageAxeTest.java,0.00,0.00,100.00,0.00,E2E,100.00
src\e2e\java\teammates\e2e\cases\AutomatedSessionRemindersE2ETest.java,0.00,0.00,100.00,0.00,E2E,100.00
src\e2e\java\teammates\e2e\cases\AdminNotificationsPageE2ETest.java,0.00,0.00,100.00,0.00,E2E,100.00
src\e2e\java\teammates\e2e\cases\AdminAccountsPageE2ETest.java,0.00,0.00,100.00,0.00,E2E,100.00
src\e2e\java\teammates\e2e\cases\FeedbackMcqQuestionE2ETest.java,0.00,0.00,100.00,0.00,E2E,100.00
src\e2e\java\teammates\e2e\cases\BaseFeedbackQuestionE2ETest.java,0.00,0.00,100.00,0.00,E2E,100.00
src\e2e\java\teammates\e2e\cases\AdminSessionsPageE2ETest.java,0.00,0.00,100.00,0.00,E2E,100.00
src\e2e\java\teammates\e2e\cases\AdminSearchPageE2ETest.java,0.00,0.00,100.00,0.00,E2E,100.00
src\e2e\java\teammates\e2e\cases\BaseE2ETestCase.java,0.00,0.00,100.00,0.00,E2E,100.00
src\e2e\java\teammates\e2e\cases\FeedbackConstSumRecipientQuestionE2ETest.java,0.00,0.00,100.00,0.00,E2E,100.00
src\e2e\java\teammates\e2e\cases\AdminHomePageE2ETest.java,0.00,0.00,100.00,0.00,E2E,100.00
src\e2e\java\teammates\e2e\cases\FeedbackConstSumOptionQuestionE2ETest.java,0.00,0.00,100.00,0.00,E2E,100.00
src\e2e\java\teammates\e2e\cases\FeedbackContributionQuestionE2ETest.java,0.00,0.00,100.00,0.00,E2E,100.00
src\e2e\java\teammates\e2e\cases\FeedbackMsqQuestionE2ETest.java,0.00,0.00,100.00,0.00,E2E,100.00
src\e2e\java\teammates\e2e\cases\FeedbackNumScaleQuestionE2ETest.java,0.00,0.00,100.00,0.00,E2E,100.00
src\e2e\java\teammates\e2e\cases\FeedbackTextQuestionE2ETest.java,0.00,0.00,100.00,0.00,E2E,100.00
src\e2e\java\teammates\e2e\cases\FeedbackRankRecipientQuestionE2ETest.java,0.00,0.00,100.00,0.00,E2E,100.00
src\e2e\java\teammates\e2e\cases\FeedbackRubricQuestionE2ETest.java,0.00,0.00,100.00,0.00,E2E,100.00
src\e2e\java\teammates\e2e\cases\InstructorCourseEnrollPageE2ETest.java,0.00,0.00,100.00,0.00,E2E,100.00
src\e2e\java\teammates\e2e\cases\FeedbackResultsPageE2ETest.java,0.00,0.00,100.00,0.00,E2E,100.00
src\e2e\java\teammates\e2e\cases\FeedbackSubmitPageE2ETest.java,0.00,0.00,100.00,0.00,E2E,100.00
src\e2e\java\teammates\e2e\cases\FeedbackRankOptionQuestionE2ETest.java,0.00,0.00,100.00,0.00,E2E,100.00
src\e2e\java\teammates\e2e\cases\InstructorCourseDetailsPageE2ETest.java,0.00,0.00,100.00,0.00,E2E,100.00
src\e2e\java\teammates\e2e\cases\InstructorCourseEditPageE2ETest.java,0.00,0.00,100.00,0.00,E2E,100.00
src\e2e\java\teammates\e2e\cases\InstructorCourseJoinConfirmationPageE2ETest.java,0.00,0.00,100.00,0.00,E2E,100.00
src\e2e\java\teammates\e2e\cases\InstructorCourseStudentDetailsEditPageE2ETest.java,0.00,0.00,100.00,0.00,E2E,100.00
src\e2e\java\teammates\e2e\cases\InstructorCourseStudentDetailsPageE2ETest.java,0.00,0.00,100.00,0.00,E2E,100.00
src\e2e\java\teammates\e2e\cases\InstructorCoursesPageE2ETest.java,0.00,0.00,100.00,0.00,E2E,100.00
src\e2e\java\teammates\e2e\cases\InstructorFeedbackEditPageE2ETest.java,0.00,0.00,100.00,0.00,E2E,100.00
src\e2e\java\teammates\e2e\cases\InstructorFeedbackSessionsPageE2ETest.java,0.00,0.00,100.00,0.00,E2E,100.00
src\e2e\java\teammates\e2e\cases\InstructorNotificationsPageE2ETest.java,0.00,0.00,100.00,0.00,E2E,100.00
src\e2e\java\teammates\e2e\cases\InstructorHomePageE2ETest.java,0.00,0.00,100.00,0.00,E2E,100.00
src\e2e\java\teammates\e2e\cases\InstructorFeedbackReportPageE2ETest.java,0.00,0.00,100.00,0.00,E2E,100.00
src\e2e\java\teammates\e2e\cases\InstructorSearchPageE2ETest.java,0.00,0.00,100.00,0.00,E2E,100.00
src\e2e\java\teammates\e2e\cases\InstructorSessionIndividualExtensionPageE2ETest.java,0.00,0.00,100.00,0.00,E2E,100.00
src\e2e\java\teammates\e2e\cases\InstructorStudentActivityLogsPageE2ETest.java,0.00,0.00,100.00,0.00,E2E,100.00
src\e2e\java\teammates\e2e\cases\InstructorStudentListPageE2ETest.java,0.00,0.00,100.00,0.00,E2E,100.00
src\e2e\java\teammates\e2e\cases\InstructorStudentRecordsPageE2ETest.java,0.00,0.00,100.00,0.00,E2E,100.00
src\e2e\java\teammates\e2e\cases\NotificationBannerE2ETest.java,0.00,0.00,100.00,0.00,E2E,100.00
src\e2e\java\teammates\e2e\cases\package-info.java,0.00,0.00,100.00,0.00,E2E,100.00
src\e2e\java\teammates\e2e\cases\StudentHomePageE2ETest.java,0.00,0.00,100.00,0.00,E2E,100.00
src\e2e\java\teammates\e2e\cases\StudentCourseDetailsPageE2ETest.java,0.00,0.00,100.00,0.00,E2E,100.00
src\e2e\java\teammates\e2e\cases\StudentCourseJoinConfirmationPageE2ETest.java,0.00,0.00,100.00,0.00,E2E,100.00
src\e2e\java\teammates\e2e\cases\StudentNotificationsPageE2ETest.java,0.00,0.00,100.00,0.00,E2E,100.00
src\e2e\java\teammates\e2e\cases\TimezoneSyncerTest.java,0.00,0.00,100.00,0.00,E2E,100.00
src\e2e\java\teammates\e2e\cases\SystemErrorEmailReportE2ETest.java,0.00,0.00,100.00,0.00,E2E,100.00
src\e2e\java\teammates\e2e\pageobjects\AdminHomePage.java,0.00,0.00,100.00,0.00,E2E,100.00
src\e2e\java\teammates\e2e\pageobjects\ErrorReportingModal.java,0.00,0.00,100.00,0.00,E2E,100.00
src\e2e\java\teammates\e2e\pageobjects\AdminAccountsPage.java,0.00,0.00,100.00,0.00,E2E,100.00
src\e2e\java\teammates\e2e\pageobjects\AppPage.java,0.00,0.00,100.00,0.00,E2E,100.00
src\e2e\java\teammates\e2e\pageobjects\DevServerLoginPage.java,0.00,0.00,100.00,0.00,E2E,100.00
src\e2e\java\teammates\e2e\pageobjects\AdminSessionsPage.java,0.00,0.00,100.00,0.00,E2E,100.00
src\e2e\java\teammates\e2e\pageobjects\AdminTimezonePage.java,0.00,0.00,100.00,0.00,E2E,100.00
src\e2e\java\teammates\e2e\pageobjects\FeedbackResultsPage.java,0.00,0.00,100.00,0.00,E2E,100.00
src\e2e\java\teammates\e2e\pageobjects\AdminSearchPage.java,0.00,0.00,100.00,0.00,E2E,100.00
src\e2e\java\teammates\e2e\pageobjects\Browser.java,0.00,0.00,100.00,0.00,E2E,100.00
src\e2e\java\teammates\e2e\pageobjects\CourseJoinConfirmationPage.java,0.00,0.00,100.00,0.00,E2E,100.00
src\e2e\java\teammates\e2e\pageobjects\AdminNotificationsPage.java,0.00,0.00,100.00,0.00,E2E,100.00
src\e2e\java\teammates\e2e\pageobjects\IanaTimezonePage.java,0.00,0.00,100.00,0.00,E2E,100.00
src\e2e\java\teammates\e2e\pageobjects\FeedbackSubmitPage.java,0.00,0.00,100.00,0.00,E2E,100.00
src\e2e\java\teammates\e2e\pageobjects\HomePage.java,0.00,0.00,100.00,0.00,E2E,100.00
src\e2e\java\teammates\e2e\pageobjects\InstructorCourseDetailsPage.java,0.00,0.00,100.00,0.00,E2E,100.00
src\e2e\java\teammates\e2e\pageobjects\InstructorFeedbackSessionsPage.java,0.00,0.00,100.00,0.00,E2E,100.00
src\e2e\java\teammates\e2e\pageobjects\InstructorCoursesPage.java,0.00,0.00,100.00,0.00,E2E,100.00
src\e2e\java\teammates\e2e\pageobjects\InstructorCourseEnrollPage.java,0.00,0.00,100.00,0.00,E2E,100.00
src\e2e\java\teammates\e2e\pageobjects\InstructorFeedbackEditPage.java,0.00,0.00,100.00,0.00,E2E,100.00
src\e2e\java\teammates\e2e\pageobjects\InstructorFeedbackResultsPage.java,0.00,0.00,100.00,0.00,E2E,100.00
src\e2e\java\teammates\e2e\pageobjects\InstructorCourseEditPage.java,0.00,0.00,100.00,0.00,E2E,100.00
src\e2e\java\teammates\e2e\pageobjects\InstructorCourseStudentDetailsEditPage.java,0.00,0.00,100.00,0.00,E2E,100.00
src\e2e\java\teammates\e2e\pageobjects\InstructorCourseStudentDetailsViewPage.java,0.00,0.00,100.00,0.00,E2E,100.00
src\e2e\java\teammates\e2e\pageobjects\InstructorNotificationsPage.java,0.00,0.00,100.00,0.00,E2E,100.00
src\e2e\java\teammates\e2e\pageobjects\InstructorHomePage.java,0.00,0.00,100.00,0.00,E2E,100.00
src\e2e\java\teammates\e2e\pageobjects\StudentCourseDetailsPage.java,0.00,0.00,100.00,0.00,E2E,100.00
src\e2e\java\teammates\e2e\pageobjects\InstructorSearchPage.java,0.00,0.00,100.00,0.00,E2E,100.00
src\e2e\java\teammates\e2e\pageobjects\StudentNotificationsPage.java,0.00,0.00,100.00,0.00,E2E,100.00
src\e2e\java\teammates\e2e\pageobjects\InstructorStudentListPage.java,0.00,0.00,100.00,0.00,E2E,100.00
src\e2e\java\teammates\e2e\pageobjects\InstructorStudentRecordsPage.java,0.00,0.00,100.00,0.00,E2E,100.00
src\e2e\java\teammates\e2e\pageobjects\InstructorSessionIndividualExtensionPage.java,0.00,0.00,100.00,0.00,E2E,100.00
src\e2e\java\teammates\e2e\pageobjects\StudentHomePage.java,0.00,0.00,100.00,0.00,E2E,100.00
src\e2e\java\teammates\e2e\pageobjects\InstructorStudentActivityLogsPage.java,0.00,0.00,100.00,0.00,E2E,100.00
src\e2e\java\teammates\e2e\pageobjects\UserNotificationsPage.java,0.00,0.00,100.00,0.00,E2E,100.00
src\e2e\java\teammates\e2e\pageobjects\package-info.java,0.00,0.00,100.00,0.00,E2E,100.00
src\e2e\java\teammates\e2e\util\TestProperties.java,0.00,5.00,95.00,0.00,E2E,95.00
src\e2e\java\teammates\e2e\util\MaximumRetriesExceededException.java,0.00,5.00,95.00,0.00,E2E,95.00
src\e2e\java\teammates\e2e\util\BackDoor.java,0.00,5.00,95.00,0.00,E2E,95.00
src\e2e\java\teammates\e2e\util\package-info.java,0.00,10.00,90.00,0.00,E2E,90.00
src\e2e\java\teammates\e2e\util\EmailAccountTest.java,0.00,5.00,95.00,0.00,E2E,95.00
src\e2e\java\teammates\e2e\util\EmailAccount.java,0.00,5.00,95.00,0.00,E2E,95.00
src\e2e\java\teammates\e2e\util\Retryable.java,0.00,5.00,95.00,0.00,E2E,95.00
src\e2e\java\teammates\e2e\util\GmailServiceMaker.java,0.00,5.00,95.00,0.00,E2E,95.00
src\e2e\java\teammates\e2e\util\RetryManager.java,0.00,10.00,90.00,0.00,E2E,90.00
src\e2e\java\teammates\e2e\util\AxeUtil.java,0.00,5.00,95.00,0.00,E2E,95.00
src\e2e\java\teammates\e2e\util\TestDataValidityTest.java,0.00,0.00,100.00,0.00,E2E,100.00
src\e2e\java\teammates\e2e\util\TestNgXmlTest.java,0.00,5.00,95.00,0.00,E2E,95.00
src\e2e\java\teammates\e2e\util\TestPropertiesTest.java,0.00,5.00,95.00,0.00,E2E,95.00
src\main\java\teammates\common\datatransfer\attributes\AccountRequestAttributes.java,0.00,100.00,0.00,0.00,Common,100.00
src\main\java\teammates\common\datatransfer\attributes\AccountAttributes.java,5.00,98.00,0.00,2.00,Common,98.00
src\main\java\teammates\common\datatransfer\attributes\FeedbackResponseCommentAttributes.java,0.00,100.00,0.00,0.00,Common,100.00
src\main\java\teammates\common\datatransfer\attributes\EntityAttributes.java,0.00,100.00,0.00,0.00,Common,100.00
src\main\java\teammates\common\datatransfer\attributes\CourseAttributes.java,5.00,98.00,0.00,2.00,Common,98.00
src\main\java\teammates\common\datatransfer\attributes\package-info.java,2.00,96.00,1.00,1.00,Common,96.00
src\main\java\teammates\common\datatransfer\attributes\DeadlineExtensionAttributes.java,0.00,99.00,0.00,1.00,Common,99.00
src\main\java\teammates\common\datatransfer\attributes\FeedbackResponseAttributes.java,5.00,98.00,1.00,2.00,Common,98.00
src\main\java\teammates\common\datatransfer\attributes\FeedbackSessionAttributes.java,0.00,100.00,0.00,0.00,Common,100.00
src\main\java\teammates\common\datatransfer\attributes\FeedbackQuestionAttributes.java,5.00,98.00,0.00,0.00,Common,98.00
src\main\java\teammates\common\datatransfer\attributes\InstructorAttributes.java,0.00,99.00,0.00,1.00,Common,99.00
src\main\java\teammates\common\datatransfer\attributes\NotificationAttributes.java,0.00,100.00,0.00,0.00,Common,100.00
src\main\java\teammates\common\datatransfer\attributes\UsageStatisticsAttributes.java,0.00,100.00,0.00,0.00,Common,100.00
src\main\java\teammates\common\datatransfer\attributes\StudentAttributes.java,0.00,99.00,0.00,1.00,Common,99.00
src\main\java\teammates\common\datatransfer\logs\FeedbackSessionAuditLogDetails.java,0.00,99.00,0.00,1.00,Common,99.00
src\main\java\teammates\common\datatransfer\logs\FeedbackSessionLogType.java,0.00,100.00,0.00,0.00,Common,100.00
src\main\java\teammates\common\datatransfer\logs\package-info.java,0.00,100.00,0.00,0.00,Common,100.00
src\main\java\teammates\common\datatransfer\logs\EmailSentLogDetails.java,0.00,100.00,0.00,0.00,Common,100.00
src\main\java\teammates\common\datatransfer\logs\DefaultLogDetails.java,0.00,100.00,0.00,0.00,Common,100.00
src\main\java\teammates\common\datatransfer\logs\InstanceLogDetails.java,0.00,100.00,0.00,0.00,Common,100.00
src\main\java\teammates\common\datatransfer\logs\GeneralLogEntry.java,0.00,100.00,0.00,0.00,Common,100.00
src\main\java\teammates\common\datatransfer\logs\LogSeverity.java,0.00,100.00,0.00,0.00,Common,100.00
src\main\java\teammates\common\datatransfer\logs\ExceptionLogDetails.java,0.00,100.00,0.00,0.00,Common,100.00
src\main\java\teammates\common\datatransfer\logs\LogDetails.java,0.00,98.00,0.00,2.00,Common,98.00
src\main\java\teammates\common\datatransfer\logs\LogEvent.java,0.00,100.00,0.00,0.00,Common,100.00
src\main\java\teammates\common\datatransfer\logs\QueryLogsParams.java,0.00,100.00,0.00,0.00,Common,100.00
src\main\java\teammates\common\datatransfer\logs\SourceLocation.java,0.00,100.00,0.00,0.00,Common,100.00
src\main\java\teammates\common\datatransfer\logs\RequestLogUser.java,0.00,100.00,0.00,0.00,Common,100.00
src\main\java\teammates\common\datatransfer\logs\RequestLogDetails.java,0.00,100.00,0.00,0.00,Common,100.00
src\main\java\teammates\common\datatransfer\questions\FeedbackMsqResponseDetails.java,0.00,99.00,0.00,1.00,Common,99.00
src\main\java\teammates\common\datatransfer\questions\FeedbackConstantSumResponseDetails.java,0.00,100.00,0.00,0.00,Common,100.00
src\main\java\teammates\common\datatransfer\questions\FeedbackNumericalScaleQuestionDetails.java,0.00,100.00,0.00,0.00,Common,100.00
src\main\java\teammates\common\datatransfer\questions\FeedbackMcqResponseDetails.java,0.00,100.00,0.00,0.00,Common,100.00
src\main\java\teammates\common\datatransfer\questions\FeedbackConstantSumDistributePointsType.java,0.00,100.00,0.00,0.00,Common,100.00
src\main\java\teammates\common\datatransfer\questions\FeedbackQuestionDetails.java,0.00,100.00,0.00,0.00,Common,100.00
src\main\java\teammates\common\datatransfer\questions\FeedbackContributionResponseDetails.java,0.00,100.00,0.00,0.00,Common,100.00
src\main\java\teammates\common\datatransfer\questions\FeedbackMcqQuestionDetails.java,0.00,100.00,0.00,0.00,Common,100.00
src\main\java\teammates\common\datatransfer\questions\FeedbackNumericalScaleResponseDetails.java,0.00,100.00,0.00,0.00,Common,100.00
src\main\java\teammates\common\datatransfer\questions\FeedbackContributionQuestionDetails.java,0.00,100.00,0.00,0.00,Common,100.00
src\main\java\teammates\common\datatransfer\questions\FeedbackMsqQuestionDetails.java,0.00,100.00,0.00,0.00,Common,100.00
src\main\java\teammates\common\datatransfer\questions\FeedbackConstantSumQuestionDetails.java,0.00,100.00,0.00,0.00,Common,100.00
src\main\java\teammates\common\datatransfer\questions\FeedbackRankQuestionDetails.java,0.00,100.00,0.00,0.00,Common,100.00
src\main\java\teammates\common\datatransfer\questions\FeedbackQuestionType.java,0.00,100.00,0.00,0.00,Common,100.00
src\main\java\teammates\common\datatransfer\questions\FeedbackRankRecipientsResponseDetails.java,0.00,100.00,0.00,0.00,Common,100.00
src\main\java\teammates\common\datatransfer\questions\FeedbackRankOptionsQuestionDetails.java,0.00,99.00,0.00,1.00,Common,99.00
src\main\java\teammates\common\datatransfer\questions\FeedbackRubricResponseDetails.java,0.00,100.00,0.00,0.00,Common,100.00
src\main\java\teammates\common\datatransfer\questions\FeedbackRubricQuestionDetails.java,0.00,100.00,0.00,0.00,Common,100.00
src\main\java\teammates\common\datatransfer\questions\FeedbackRankOptionsResponseDetails.java,0.00,99.00,0.00,1.00,Common,99.00
src\main\java\teammates\common\datatransfer\questions\FeedbackRankRecipientsQuestionDetails.java,0.00,100.00,0.00,0.00,Common,100.00
src\main\java\teammates\common\datatransfer\questions\FeedbackResponseDetails.java,2.00,98.00,0.00,0.00,Common,98.00
src\main\java\teammates\common\datatransfer\questions\FeedbackTextQuestionDetails.java,0.00,100.00,0.00,0.00,Common,100.00
src\main\java\teammates\common\datatransfer\questions\package-info.java,0.00,100.00,0.00,0.00,Common,100.00
src\main\java\teammates\common\datatransfer\questions\FeedbackTextResponseDetails.java,0.00,100.00,0.00,0.00,Common,100.00
src\main\java\teammates\common\datatransfer\FeedbackResultFetchType.java,0.00,100.00,0.00,0.00,Common,100.00
src\main\java\teammates\common\datatransfer\FeedbackSessionLogEntry.java,0.00,100.00,0.00,0.00,Common,100.00
src\main\java\teammates\common\datatransfer\AttributesDeletionQuery.java,0.00,100.00,0.00,0.00,Common,100.00
src\main\java\teammates\common\datatransfer\ErrorLogEntry.java,0.00,100.00,0.00,0.00,Common,100.00
src\main\java\teammates\common\datatransfer\InstructorPrivileges.java,0.00,100.00,0.00,0.00,Common,100.00
src\main\java\teammates\common\datatransfer\CourseRoster.java,0.00,100.00,0.00,0.00,Common,100.00
src\main\java\teammates\common\datatransfer\DataBundle.java,0.00,100.00,0.00,0.00,Common,100.00
src\main\java\teammates\common\datatransfer\InstructorPrivilegesLegacy.java,0.00,100.00,0.00,0.00,Common,100.00
src\main\java\teammates\common\datatransfer\InstructorPermissionSet.java,1.00,98.00,0.00,1.00,Common,98.00
src\main\java\teammates\common\datatransfer\FeedbackQuestionRecipient.java,0.00,99.00,0.00,1.00,Common,99.00
src\main\java\teammates\common\datatransfer\NotificationStyle.java,0.00,100.00,0.00,0.00,Common,100.00
src\main\java\teammates\common\datatransfer\FeedbackParticipantType.java,0.00,100.00,0.00,0.00,Common,100.00
src\main\java\teammates\common\datatransfer\NotificationTargetUser.java,0.00,100.00,0.00,0.00,Common,100.00
src\main\java\teammates\common\datatransfer\package-info.java,0.00,100.00,0.00,0.00,Common,100.00
src\main\java\teammates\common\datatransfer\UserInfo.java,0.00,100.00,0.00,0.00,Common,100.00
src\main\java\teammates\common\datatransfer\QueryLogsResults.java,5.00,95.00,0.00,0.00,Common,95.00
src\main\java\teammates\common\datatransfer\UserInfoCookie.java,0.00,100.00,0.00,0.00,Common,100.00
src\main\java\teammates\common\datatransfer\SessionResultsBundle.java,0.00,99.00,0.00,1.00,Common,99.00
src\main\java\teammates\common\datatransfer\TeamEvalResult.java,0.00,98.00,0.00,2.00,Common,98.00
src\main\java\teammates\common\exception\HttpRequestFailedException.java,0.00,100.00,0.00,0.00,Common,100.00
src\main\java\teammates\common\exception\EntityAlreadyExistsException.java,0.00,100.00,0.00,0.00,Common,100.00
src\main\java\teammates\common\exception\InvalidParametersException.java,0.00,100.00,0.00,0.00,Common,100.00
src\main\java\teammates\common\exception\package-info.java,0.00,100.00,0.00,0.00,Common,100.00
src\main\java\teammates\common\exception\EntityDoesNotExistException.java,0.00,100.00,0.00,0.00,Common,100.00
src\main\java\teammates\common\exception\EmailSendingException.java,0.00,100.00,0.00,0.00,Common,100.00
src\main\java\teammates\common\exception\DeadlineExceededException.java,0.00,100.00,0.00,0.00,Common,100.00
src\main\java\teammates\common\exception\InstructorUpdateException.java,0.00,100.00,0.00,0.00,Common,100.00
src\main\java\teammates\common\exception\EnrollException.java,0.00,100.00,0.00,0.00,Common,100.00
src\main\java\teammates\common\exception\AuthException.java,0.00,100.00,0.00,0.00,Common,100.00
src\main\java\teammates\common\exception\SearchServiceException.java,0.00,100.00,0.00,0.00,Common,100.00
src\main\java\teammates\common\util\AppUrl.java,0.00,100.00,0.00,0.00,Common,100.00
src\main\java\teammates\common\util\FileHelper.java,0.00,99.00,1.00,0.00,Common,99.00
src\main\java\teammates\common\util\Logger.java,0.00,100.00,0.00,0.00,Common,100.00
src\main\java\teammates\common\util\EmailWrapper.java,0.00,100.00,0.00,0.00,Common,100.00
src\main\java\teammates\common\util\FieldValidator.java,1.00,99.00,0.00,0.00,Common,99.00
src\main\java\teammates\common\util\Const.java,0.00,100.00,0.00,0.00,Common,100.00
src\main\java\teammates\common\util\JsonUtils.java,0.00,100.00,0.00,0.00,Common,100.00
src\main\java\teammates\common\util\EmailSendingStatus.java,0.00,100.00,0.00,0.00,Common,100.00
src\main\java\teammates\common\util\EmailType.java,0.00,100.00,0.00,0.00,Common,100.00
src\main\java\teammates\common\util\HttpRequestHelper.java,0.00,99.00,0.00,1.00,Common,99.00
src\main\java\teammates\common\util\HttpRequest.java,0.00,99.00,0.00,1.00,Common,99.00
src\main\java\teammates\common\util\Config.java,0.00,100.00,0.00,0.00,Common,100.00
src\main\java\teammates\common\util\package-info.java,0.00,100.00,0.00,0.00,Common,100.00
src\main\java\teammates\common\util\StdOutConsoleHandler.java,0.00,99.00,0.00,1.00,Common,99.00
src\main\java\teammates\common\util\SanitizationHelper.java,0.00,100.00,0.00,0.00,Common,100.00
src\main\java\teammates\common\util\TimeHelper.java,0.00,100.00,0.00,0.00,Common,100.00
src\main\java\teammates\common\util\Templates.java,0.00,99.00,0.00,1.00,Common,99.00
src\main\java\teammates\common\util\RequestTracer.java,0.00,100.00,0.00,0.00,Common,100.00
src\main\java\teammates\common\util\Url.java,0.00,100.00,0.00,0.00,Common,100.00
src\main\java\teammates\common\util\TzdbResourceZoneRulesProvider.java,0.00,100.00,0.00,0.00,Common,100.00
src\main\java\teammates\common\util\TaskWrapper.java,0.00,100.00,0.00,0.00,Common,100.00
src\main\java\teammates\common\util\StringHelper.java,0.00,100.00,0.00,0.00,Common,100.00
src\main\java\teammates\logic\api\AuthProxy.java,0.00,5.00,0.00,95.00,Client,95.00
src\main\java\teammates\logic\api\RecaptchaVerifier.java,0.00,90.00,0.00,0.00,Common,90.00
src\main\java\teammates\logic\api\EmailGenerator.java,0.00,100.00,0.00,0.00,Common,100.00
src\main\java\teammates\logic\api\EmailSender.java,0.00,90.00,0.00,0.00,Common,90.00
src\main\java\teammates\logic\api\LogsProcessor.java,85.00,10.00,0.00,5.00,Storage,85.00
src\main\java\teammates\logic\api\TaskQueuer.java,0.00,0.00,0.00,0.00,None,0.00
src\main\java\teammates\logic\api\Logic.java,0.00,0.00,0.00,0.00,None,0.00
src\main\java\teammates\logic\api\package-info.java,0.00,90.00,0.00,10.00,Common,90.00
src\main\java\teammates\logic\api\UserProvision.java,0.00,100.00,0.00,0.00,Common,100.00
src\main\java\teammates\logic\core\DataBundleLogic.java,95.00,3.00,1.00,1.00,Storage,95.00
src\main\java\teammates\logic\core\AccountRequestsLogic.java,0.00,0.00,0.00,0.00,None,0.00
src\main\java\teammates\logic\core\CoursesLogic.java,0.00,0.00,0.00,0.00,None,0.00
src\main\java\teammates\logic\core\FeedbackResponseCommentsLogic.java,0.00,0.00,0.00,0.00,None,0.00
src\main\java\teammates\logic\core\LogicStarter.java,0.00,0.00,0.00,0.00,None,0.00
src\main\java\teammates\logic\core\AccountsLogic.java,0.00,0.00,0.00,0.00,None,0.00
src\main\java\teammates\logic\core\FeedbackSessionsLogic.java,0.00,0.00,0.00,0.00,None,0.00
src\main\java\teammates\logic\core\NotificationsLogic.java,90.00,5.00,0.00,5.00,Storage,90.00
src\main\java\teammates\logic\core\FeedbackResponsesLogic.java,0.00,0.00,0.00,0.00,None,0.00
src\main\java\teammates\logic\core\FeedbackQuestionsLogic.java,10.00,0.00,0.00,0.00,None,10.00
src\main\java\teammates\logic\core\StudentsLogic.java,0.00,0.00,0.00,0.00,None,0.00
src\main\java\teammates\logic\core\DeadlineExtensionsLogic.java,95.00,5.00,0.00,0.00,Storage,95.00
src\main\java\teammates\logic\core\UsageStatisticsLogic.java,0.00,0.00,0.00,100.00,Client,100.00
src\main\java\teammates\logic\core\package-info.java,0.00,0.00,0.00,0.00,None,0.00
src\main\java\teammates\logic\core\InstructorsLogic.java,0.00,0.00,0.00,0.00,None,0.00
src\main\java\teammates\logic\external\EmptyRecaptchaService.java,0.00,0.00,90.00,0.00,E2E,90.00
src\main\java\teammates\logic\external\LogService.java,90.00,3.00,2.00,5.00,Storage,90.00
src\main\java\teammates\logic\external\EmailSenderService.java,0.00,0.00,0.00,0.00,None,0.00
src\main\java\teammates\logic\external\LocalTaskQueueService.java,0.00,0.00,0.00,100.00,Client,100.00
src\main\java\teammates\logic\external\LocalLoggingService.java,0.00,0.00,95.00,5.00,E2E,95.00
src\main\java\teammates\logic\external\EmptyAuthService.java,0.00,0.00,0.00,100.00,Client,100.00
src\main\java\teammates\logic\external\AuthService.java,0.00,0.00,0.00,0.00,None,0.00
src\main\java\teammates\logic\external\GoogleRecaptchaService.java,0.00,0.00,0.00,100.00,Client,100.00
src\main\java\teammates\logic\external\GoogleCloudLoggingService.java,0.00,0.00,0.00,0.00,None,0.00
src\main\java\teammates\logic\external\FirebaseAuthService.java,0.00,0.00,0.00,0.00,None,0.00
src\main\java\teammates\logic\external\EmptyEmailService.java,0.00,0.00,0.00,0.00,None,0.00
src\main\java\teammates\logic\external\GoogleCloudTasksService.java,0.00,0.00,0.00,0.00,None,0.00
src\main\java\teammates\logic\external\MailgunService.java,0.00,0.00,0.00,0.00,None,0.00
src\main\java\teammates\logic\external\package-info.java,0.00,0.00,0.00,100.00,Client,100.00
src\main\java\teammates\logic\external\TaskQueueService.java,5.00,10.00,0.00,85.00,Client,85.00
src\main\java\teammates\logic\external\MailjetService.java,0.00,0.00,0.00,0.00,None,0.00
src\main\java\teammates\logic\external\RecaptchaService.java,0.00,5.00,0.00,0.00,None,5.00
src\main\java\teammates\logic\external\SendgridService.java,0.00,0.00,0.00,0.00,None,0.00
src\main\java\teammates\storage\api\AccountsDb.java,100.00,0.00,0.00,0.00,Storage,100.00
src\main\java\teammates\storage\api\AccountRequestsDb.java,100.00,0.00,0.00,0.00,Storage,100.00
src\main\java\teammates\storage\api\NotificationsDb.java,100.00,0.00,0.00,0.00,Storage,100.00
src\main\java\teammates\storage\api\FeedbackResponsesDb.java,99.00,1.00,0.00,0.00,Storage,99.00
src\main\java\teammates\storage\api\FeedbackSessionsDb.java,100.00,0.00,0.00,0.00,Storage,100.00
src\main\java\teammates\storage\api\FeedbackQuestionsDb.java,99.00,1.00,0.00,0.00,Storage,99.00
src\main\java\teammates\storage\api\EntitiesDb.java,98.00,2.00,0.00,0.00,Storage,98.00
src\main\java\teammates\storage\api\DatastoreEmulatorRunner.java,95.00,2.00,2.00,1.00,Storage,95.00
src\main\java\teammates\storage\api\FeedbackResponseCommentsDb.java,100.00,0.00,0.00,0.00,Storage,100.00
src\main\java\teammates\storage\api\CoursesDb.java,99.00,1.00,0.00,0.00,Storage,99.00
src\main\java\teammates\storage\api\InstructorsDb.java,100.00,0.00,0.00,0.00,Storage,100.00
src\main\java\teammates\storage\api\DeadlineExtensionsDb.java,99.00,1.00,0.00,0.00,Storage,99.00
src\main\java\teammates\storage\api\package-info.java,95.00,2.00,2.00,1.00,Storage,95.00
src\main\java\teammates\storage\api\OfyHelper.java,99.00,1.00,0.00,0.00,Storage,99.00
src\main\java\teammates\storage\api\StudentsDb.java,99.00,1.00,0.00,0.00,Storage,99.00
src\main\java\teammates\storage\api\UsageStatisticsDb.java,98.00,2.00,0.00,0.00,Storage,98.00
src\main\java\teammates\storage\entity\BaseEntity.java,100.00,0.00,0.00,0.00,Storage,100.00
src\main\java\teammates\storage\entity\DeadlineExtension.java,98.00,2.00,0.00,0.00,Storage,98.00
src\main\java\teammates\storage\entity\FeedbackSession.java,99.00,1.00,0.00,0.00,Storage,99.00
src\main\java\teammates\storage\entity\Course.java,95.00,4.00,0.00,0.00,Storage,95.00
src\main\java\teammates\storage\entity\FeedbackResponseComment.java,99.00,1.00,0.00,0.00,Storage,99.00
src\main\java\teammates\storage\entity\FeedbackQuestion.java,100.00,0.00,0.00,0.00,Storage,100.00
src\main\java\teammates\storage\entity\Instructor.java,98.00,2.00,0.00,0.00,Storage,98.00
src\main\java\teammates\storage\entity\Account.java,98.00,2.00,0.00,0.00,Storage,98.00
src\main\java\teammates\storage\entity\AccountRequest.java,98.00,2.00,0.00,0.00,Storage,98.00
src\main\java\teammates\storage\entity\FeedbackResponse.java,99.00,1.00,0.00,0.00,Storage,99.00
src\main\java\teammates\storage\entity\Notification.java,98.00,2.00,0.00,0.00,Storage,98.00
src\main\java\teammates\storage\entity\CourseStudent.java,98.00,2.00,0.00,0.00,Storage,98.00
src\main\java\teammates\storage\entity\package-info.java,95.00,4.00,0.00,0.00,Storage,95.00
src\main\java\teammates\storage\entity\UsageStatistics.java,98.00,2.00,0.00,0.00,Storage,98.00
src\main\java\teammates\storage\search\AccountRequestSearchDocument.java,95.00,5.00,0.00,0.00,Storage,95.00
src\main\java\teammates\storage\search\SearchManager.java,95.00,4.00,0.00,0.00,Storage,95.00
src\main\java\teammates\storage\search\InstructorSearchDocument.java,98.00,2.00,0.00,0.00,Storage,98.00
src\main\java\teammates\storage\search\SearchManagerFactory.java,98.00,2.00,0.00,0.00,Storage,98.00
src\main\java\teammates\storage\search\package-info.java,95.00,3.00,1.00,1.00,Storage,95.00
src\main\java\teammates\storage\search\SearchManagerStarter.java,95.00,3.00,1.00,1.00,Storage,95.00
src\main\java\teammates\storage\search\SearchDocument.java,95.00,4.00,0.00,0.00,Storage,95.00
src\main\java\teammates\storage\search\StudentSearchManager.java,98.00,2.00,0.00,0.00,Storage,98.00
src\main\java\teammates\storage\search\InstructorSearchManager.java,99.00,1.00,0.00,0.00,Storage,99.00
src\main\java\teammates\storage\search\StudentSearchDocument.java,98.00,2.00,0.00,0.00,Storage,98.00
src\main\java\teammates\storage\search\AccountRequestSearchManager.java,95.00,3.00,1.00,1.00,Storage,95.00
src\main\java\teammates\ui\constants\QuestionTypeStructures.java,0.00,95.00,0.00,0.00,Common,95.00
src\main\java\teammates\ui\constants\package-info.java,5.00,15.00,0.00,80.00,Client,80.00
src\main\java\teammates\ui\constants\DefaultInstructorPermissions.java,0.00,95.00,0.00,0.00,Common,95.00
src\main\java\teammates\ui\constants\ApiConst.java,0.00,95.00,0.00,0.00,Common,95.00
src\main\java\teammates\ui\constants\ResourceEndpoints.java,0.00,95.00,0.00,0.00,Common,95.00
src\main\java\teammates\ui\output\CourseSectionNamesData.java,5.00,95.00,0.00,0.00,Common,95.00
src\main\java\teammates\ui\output\ApiOutput.java,5.00,90.00,2.00,3.00,Common,90.00
src\main\java\teammates\ui\output\AccountRequestsData.java,0.00,95.00,0.00,5.00,Common,95.00
src\main\java\teammates\ui\output\CommentVisibilityType.java,5.00,90.00,2.00,3.00,Common,90.00
src\main\java\teammates\ui\output\AccountRequestData.java,0.00,95.00,0.00,5.00,Common,95.00
src\main\java\teammates\ui\output\CourseData.java,5.00,90.00,0.00,5.00,Common,90.00
src\main\java\teammates\ui\output\AuthInfo.java,0.00,95.00,0.00,0.00,Common,95.00
src\main\java\teammates\ui\output\AccountsData.java,5.00,90.00,2.00,3.00,Common,90.00
src\main\java\teammates\ui\output\AccountData.java,0.00,80.00,0.00,0.00,Common,80.00
src\main\java\teammates\ui\output\CoursesData.java,5.00,85.00,0.00,10.00,Common,85.00
src\main\java\teammates\ui\output\CourseArchiveData.java,0.00,85.00,0.00,0.00,Common,85.00
src\main\java\teammates\ui\output\ActionClasses.java,0.00,10.00,0.00,0.00,None,10.00
src\main\java\teammates\ui\output\DeadlineExtensionData.java,5.00,90.00,2.00,3.00,Common,90.00
src\main\java\teammates\ui\output\FeedbackQuestionRecipientsData.java,0.00,95.00,0.00,5.00,Common,95.00
src\main\java\teammates\ui\output\EmailData.java,0.00,95.00,0.00,5.00,Common,95.00
src\main\java\teammates\ui\output\FeedbackSessionData.java,0.00,95.00,0.00,0.00,Common,95.00
src\main\java\teammates\ui\output\FeedbackQuestionData.java,5.00,95.00,0.00,0.00,Common,95.00
src\main\java\teammates\ui\output\FeedbackResponseData.java,0.00,95.00,0.00,0.00,Common,95.00
src\main\java\teammates\ui\output\FeedbackResponseCommentData.java,5.00,90.00,2.00,3.00,Common,90.00
src\main\java\teammates\ui\output\FeedbackQuestionsData.java,5.00,90.00,0.00,0.00,Common,90.00
src\main\java\teammates\ui\output\FeedbackSessionLogData.java,5.00,90.00,2.00,3.00,Common,90.00
src\main\java\teammates\ui\output\FeedbackResponsesData.java,5.00,90.00,2.00,3.00,Common,90.00
src\main\java\teammates\ui\output\FeedbackQuestionRecipientData.java,0.00,100.00,0.00,0.00,Common,100.00
src\main\java\teammates\ui\output\FeedbackSessionLogEntryData.java,5.00,90.00,0.00,5.00,Common,90.00
src\main\java\teammates\ui\output\FeedbackSessionStatsData.java,5.00,90.00,0.00,5.00,Common,90.00
src\main\java\teammates\ui\output\FeedbackSessionPublishStatus.java,0.00,95.00,0.00,0.00,Common,95.00
src\main\java\teammates\ui\output\FeedbackSessionSubmissionStatus.java,0.00,95.00,0.00,5.00,Common,95.00
src\main\java\teammates\ui\output\FeedbackSessionSubmittedGiverSet.java,5.00,90.00,2.00,3.00,Common,90.00
src\main\java\teammates\ui\output\FeedbackSessionLogsData.java,0.00,30.00,0.00,0.00,None,30.00
src\main\java\teammates\ui\output\FeedbackVisibilityType.java,0.00,100.00,0.00,0.00,Common,100.00
src\main\java\teammates\ui\output\EnrollStudentsData.java,0.00,100.00,0.00,0.00,Common,100.00
src\main\java\teammates\ui\output\HasResponsesData.java,0.00,95.00,0.00,0.00,Common,95.00
src\main\java\teammates\ui\output\GeneralLogsData.java,0.00,95.00,0.00,5.00,Common,95.00
src\main\java\teammates\ui\output\InstructorData.java,5.00,90.00,2.00,3.00,Common,90.00
src\main\java\teammates\ui\output\InstructorPermissionRole.java,0.00,95.00,0.00,0.00,Common,95.00
src\main\java\teammates\ui\output\FeedbackSessionsData.java,0.00,100.00,0.00,0.00,Common,100.00
src\main\java\teammates\ui\output\JoinLinkData.java,0.00,95.00,0.00,5.00,Common,95.00
src\main\java\teammates\ui\output\InstructorsData.java,0.00,90.00,0.00,0.00,Common,90.00
src\main\java\teammates\ui\output\JoinState.java,5.00,90.00,2.00,3.00,Common,90.00
src\main\java\teammates\ui\output\InstructorPrivilegeData.java,0.00,90.00,0.00,0.00,Common,90.00
src\main\java\teammates\ui\output\JoinStatus.java,0.00,90.00,0.00,0.00,Common,90.00
src\main\java\teammates\ui\output\NotificationsData.java,0.00,90.00,0.00,0.00,Common,90.00
src\main\java\teammates\ui\output\NotificationData.java,0.00,95.00,0.00,5.00,Common,95.00
src\main\java\teammates\ui\output\MessageOutput.java,0.00,95.00,0.00,5.00,Common,95.00
src\main\java\teammates\ui\output\NumberOfEntitiesToGiveFeedbackToSetting.java,0.00,95.00,0.00,5.00,Common,95.00
src\main\java\teammates\ui\output\OngoingSession.java,5.00,95.00,0.00,0.00,Common,95.00
src\main\java\teammates\ui\output\OngoingSessionsData.java,5.00,90.00,0.00,0.00,Common,90.00
src\main\java\teammates\ui\output\ReadNotificationsData.java,0.00,90.00,0.00,0.00,Common,90.00
src\main\java\teammates\ui\output\RegkeyValidityData.java,5.00,90.00,2.00,3.00,Common,90.00
src\main\java\teammates\ui\output\ResponseVisibleSetting.java,0.00,95.00,0.00,5.00,Common,95.00
src\main\java\teammates\ui\output\SendLoginEmailResponseData.java,0.00,85.00,0.00,0.00,Common,85.00
src\main\java\teammates\ui\output\RegenerateKeyData.java,0.00,30.00,0.00,0.00,None,30.00
src\main\java\teammates\ui\output\SessionResultsData.java,0.00,100.00,0.00,0.00,Common,100.00
src\main\java\teammates\ui\output\SessionVisibleSetting.java,0.00,95.00,0.00,5.00,Common,95.00
src\main\java\teammates\ui\output\StudentsData.java,0.00,95.00,0.00,0.00,Common,95.00
src\main\java\teammates\ui\output\StudentData.java,5.00,90.00,2.00,3.00,Common,90.00
src\main\java\teammates\ui\output\TimeZonesData.java,0.00,95.00,0.00,0.00,Common,95.00
src\main\java\teammates\ui\output\UsageStatisticsData.java,5.00,90.00,2.00,3.00,Common,90.00
src\main\java\teammates\ui\output\UsageStatisticsRangeData.java,0.00,85.00,0.00,0.00,Common,85.00
src\main\java\teammates\ui\output\SessionLinksRecoveryResponseData.java,0.00,100.00,0.00,0.00,Common,100.00
src\main\java\teammates\ui\output\package-info.java,0.00,30.00,0.00,0.00,None,30.00
src\main\java\teammates\ui\request\FeedbackQuestionBasicRequest.java,0.00,100.00,0.00,0.00,Common,100.00
src\main\java\teammates\ui\request\FeedbackQuestionCreateRequest.java,0.00,95.00,0.00,5.00,Common,95.00
src\main\java\teammates\ui\request\ErrorReportRequest.java,5.00,85.00,3.00,7.00,Common,85.00
src\main\java\teammates\ui\request\AccountCreateRequest.java,0.00,95.00,0.00,5.00,Common,95.00
src\main\java\teammates\ui\request\CourseCreateRequest.java,0.00,90.00,0.00,0.00,Common,90.00
src\main\java\teammates\ui\request\FeedbackQuestionUpdateRequest.java,0.00,95.00,0.00,5.00,Common,95.00
src\main\java\teammates\ui\request\FeedbackResponseCommentCreateRequest.java,0.00,95.00,0.00,0.00,Common,95.00
src\main\java\teammates\ui\request\BasicRequest.java,5.00,15.00,0.00,80.00,Client,80.00
src\main\java\teammates\ui\request\FeedbackResponseCommentBasicRequest.java,5.00,90.00,2.00,3.00,Common,90.00
src\main\java\teammates\ui\request\CourseArchiveRequest.java,0.00,90.00,0.00,10.00,Common,90.00
src\main\java\teammates\ui\request\CourseUpdateRequest.java,0.00,90.00,0.00,0.00,Common,90.00
src\main\java\teammates\ui\request\CourseBasicRequest.java,0.00,95.00,0.00,0.00,Common,95.00
src\main\java\teammates\ui\request\FeedbackResponsesRequest.java,10.00,80.00,0.00,0.00,Common,80.00
src\main\java\teammates\ui\request\FeedbackSessionCreateRequest.java,5.00,90.00,2.00,3.00,Common,90.00
src\main\java\teammates\ui\request\FeedbackSessionBasicRequest.java,5.00,95.00,0.00,0.00,Common,95.00
src\main\java\teammates\ui\request\FeedbackSessionRespondentRemindRequest.java,5.00,90.00,0.00,5.00,Common,90.00
src\main\java\teammates\ui\request\InstructorCreateRequest.java,5.00,95.00,0.00,0.00,Common,95.00
src\main\java\teammates\ui\request\FeedbackSessionRemindRequest.java,5.00,90.00,0.00,5.00,Common,90.00
src\main\java\teammates\ui\request\InstructorPrivilegeUpdateRequest.java,5.00,90.00,0.00,0.00,Common,90.00
src\main\java\teammates\ui\request\FeedbackSessionUpdateRequest.java,0.00,95.00,0.00,5.00,Common,95.00
src\main\java\teammates\ui\request\Intent.java,0.00,95.00,0.00,5.00,Common,95.00
src\main\java\teammates\ui\request\MarkNotificationAsReadRequest.java,5.00,95.00,0.00,0.00,Common,95.00
src\main\java\teammates\ui\request\InvalidHttpRequestBodyException.java,0.00,95.00,0.00,0.00,Common,95.00
src\main\java\teammates\ui\request\NotificationCreateRequest.java,5.00,90.00,2.00,3.00,Common,90.00
src\main\java\teammates\ui\request\NotificationUpdateRequest.java,0.00,95.00,0.00,5.00,Common,95.00
src\main\java\teammates\ui\request\NotificationBasicRequest.java,5.00,90.00,0.00,5.00,Common,90.00
src\main\java\teammates\ui\request\StudentsEnrollRequest.java,5.00,90.00,0.00,0.00,Common,90.00
src\main\java\teammates\ui\request\SendEmailRequest.java,5.00,85.00,2.00,3.00,Common,85.00
src\main\java\teammates\ui\request\StudentUpdateRequest.java,5.00,90.00,0.00,5.00,Common,90.00
src\main\java\teammates\ui\request\package-info.java,0.00,0.00,0.00,100.00,Client,100.00
src\main\java\teammates\ui\request\FeedbackResponseCommentUpdateRequest.java,0.00,95.00,0.00,5.00,Common,95.00
src\main\java\teammates\ui\servlets\LegacyUrlMapper.java,0.00,0.00,0.00,100.00,Client,100.00
src\main\java\teammates\ui\servlets\OAuth2CallbackServlet.java,0.00,0.00,0.00,100.00,Client,100.00
src\main\java\teammates\ui\servlets\WebApiServlet.java,0.00,0.00,0.00,0.00,None,0.00
src\main\java\teammates\ui\servlets\package-info.java,5.00,5.00,5.00,85.00,Client,85.00
src\main\java\teammates\ui\servlets\OriginCheckFilter.java,0.00,0.00,0.00,100.00,Client,100.00
src\main\java\teammates\ui\servlets\HealthCheckServlet.java,0.00,0.00,0.00,100.00,Client,100.00
src\main\java\teammates\ui\servlets\DevServerLoginServlet.java,0.00,0.00,0.00,100.00,Client,100.00
src\main\java\teammates\ui\servlets\LogoutServlet.java,0.00,0.00,0.00,100.00,Client,100.00
src\main\java\teammates\ui\servlets\LoginServlet.java,0.00,0.00,0.00,100.00,Client,100.00
src\main\java\teammates\ui\servlets\RequestTraceFilter.java,0.00,0.00,0.00,100.00,Client,100.00
src\main\java\teammates\ui\servlets\AuthServlet.java,0.00,0.00,0.00,100.00,Client,100.00
src\main\java\teammates\ui\servlets\WebSecurityHeaderFilter.java,0.00,0.00,0.00,100.00,Client,100.00
src\main\java\teammates\ui\servlets\WebPageServlet.java,0.00,0.00,0.00,0.00,None,0.00
src\main\java\teammates\ui\webapi\AuthType.java,0.00,95.00,0.00,5.00,Common,95.00
src\main\java\teammates\ui\webapi\AccountRequestSearchIndexingWorkerAction.java,0.00,0.00,0.00,95.00,Client,95.00
src\main\java\teammates\ui\webapi\BinCourseAction.java,0.00,0.00,0.00,0.00,None,0.00
src\main\java\teammates\ui\webapi\ActionMappingException.java,0.00,95.00,0.00,5.00,Common,95.00
src\main\java\teammates\ui\webapi\AdminOnlyAction.java,0.00,0.00,0.00,100.00,Client,100.00
src\main\java\teammates\ui\webapi\AdminExceptionTestAction.java,0.00,0.00,95.00,5.00,E2E,95.00
src\main\java\teammates\ui\webapi\ActionResult.java,0.00,5.00,0.00,0.00,None,5.00
src\main\java\teammates\ui\webapi\ArchiveCourseAction.java,0.00,0.00,0.00,100.00,Client,100.00
src\main\java\teammates\ui\webapi\BasicFeedbackSubmissionAction.java,0.00,0.00,0.00,0.00,None,0.00
src\main\java\teammates\ui\webapi\ActionFactory.java,0.00,5.00,0.00,90.00,Client,90.00
src\main\java\teammates\ui\webapi\BasicCommentSubmissionAction.java,15.00,10.00,0.00,0.00,None,15.00
src\main\java\teammates\ui\webapi\BinFeedbackSessionAction.java,0.00,0.00,0.00,100.00,Client,100.00
src\main\java\teammates\ui\webapi\CalculateUsageStatisticsAction.java,0.00,0.00,0.00,95.00,Client,95.00
src\main\java\teammates\ui\webapi\CreateAccountRequestAction.java,0.00,0.00,0.00,100.00,Client,100.00
src\main\java\teammates\ui\webapi\CreateAccountAction.java,0.00,0.00,0.00,100.00,Client,100.00
src\main\java\teammates\ui\webapi\CreateFeedbackSessionLogAction.java,0.00,0.00,0.00,0.00,None,0.00
src\main\java\teammates\ui\webapi\CompileLogsAction.java,0.00,0.00,0.00,95.00,Client,95.00
src\main\java\teammates\ui\webapi\CreateFeedbackSessionAction.java,0.00,0.00,0.00,100.00,Client,100.00
src\main\java\teammates\ui\webapi\CreateCourseAction.java,0.00,0.00,0.00,0.00,None,0.00
src\main\java\teammates\ui\webapi\Action.java,0.00,0.00,0.00,100.00,Client,100.00
src\main\java\teammates\ui\webapi\CreateInstructorAction.java,0.00,0.00,0.00,5.00,None,5.00
src\main\java\teammates\ui\webapi\CreateFeedbackQuestionAction.java,0.00,0.00,0.00,0.00,None,0.00
src\main\java\teammates\ui\webapi\CreateNotificationAction.java,0.00,0.00,0.00,100.00,Client,100.00
src\main\java\teammates\ui\webapi\CreateFeedbackResponseCommentAction.java,0.00,0.00,0.00,0.00,None,0.00
src\main\java\teammates\ui\webapi\DatastoreBackupAction.java,10.00,0.00,0.00,90.00,Client,90.00
src\main\java\teammates\ui\webapi\DeleteAccountAction.java,0.00,0.00,0.00,95.00,Client,95.00
src\main\java\teammates\ui\webapi\DeleteDataBundleAction.java,0.00,0.00,0.00,0.00,None,0.00
src\main\java\teammates\ui\webapi\DeleteAccountRequestAction.java,0.00,0.00,0.00,100.00,Client,100.00
src\main\java\teammates\ui\webapi\DeleteCourseAction.java,0.00,0.00,0.00,100.00,Client,100.00
src\main\java\teammates\ui\webapi\DeleteFeedbackQuestionAction.java,0.00,0.00,0.00,0.00,None,0.00
src\main\java\teammates\ui\webapi\DeleteInstructorAction.java,0.00,0.00,0.00,100.00,Client,100.00
src\main\java\teammates\ui\webapi\DeleteNotificationAction.java,0.00,0.00,0.00,95.00,Client,95.00
src\main\java\teammates\ui\webapi\DeleteFeedbackResponseCommentAction.java,0.00,0.00,0.00,65.00,Client,65.00
src\main\java\teammates\ui\webapi\DeleteStudentsAction.java,0.00,0.00,0.00,100.00,Client,100.00
src\main\java\teammates\ui\webapi\DeleteStudentAction.java,0.00,0.00,0.00,0.00,None,0.00
src\main\java\teammates\ui\webapi\EntityNotFoundException.java,5.00,90.00,0.00,5.00,Common,90.00
src\main\java\teammates\ui\webapi\EnrollStudentsAction.java,0.00,0.00,0.00,100.00,Client,100.00
src\main\java\teammates\ui\webapi\FeedbackSessionClosingRemindersAction.java,0.00,0.00,0.00,95.00,Client,95.00
src\main\java\teammates\ui\webapi\FeedbackSessionOpeningSoonRemindersAction.java,0.00,5.00,0.00,95.00,Client,95.00
src\main\java\teammates\ui\webapi\FeedbackSessionOpeningRemindersAction.java,0.00,0.00,0.00,100.00,Client,100.00
src\main\java\teammates\ui\webapi\FeedbackSessionPublishedRemindersAction.java,0.00,0.00,0.00,100.00,Client,100.00
src\main\java\teammates\ui\webapi\DeleteFeedbackSessionAction.java,0.00,0.00,0.00,100.00,Client,100.00
src\main\java\teammates\ui\webapi\FeedbackSessionPublishedEmailWorkerAction.java,0.00,0.00,0.00,100.00,Client,100.00
src\main\java\teammates\ui\webapi\FeedbackSessionRemindEmailWorkerAction.java,0.00,0.00,0.00,100.00,Client,100.00
src\main\java\teammates\ui\webapi\FeedbackSessionClosedRemindersAction.java,0.00,0.00,0.00,100.00,Client,100.00
src\main\java\teammates\ui\webapi\FeedbackSessionRemindParticularUsersEmailWorkerAction.java,0.00,0.00,0.00,95.00,Client,95.00
src\main\java\teammates\ui\webapi\FeedbackSessionResendPublishedEmailWorkerAction.java,0.00,0.00,0.00,95.00,Client,95.00
src\main\java\teammates\ui\webapi\GateKeeper.java,5.00,90.00,0.00,0.00,Common,90.00
src\main\java\teammates\ui\webapi\FeedbackSessionUnpublishedEmailWorkerAction.java,0.00,0.00,0.00,100.00,Client,100.00
src\main\java\teammates\ui\webapi\GetAccountAction.java,0.00,0.00,0.00,100.00,Client,100.00
src\main\java\teammates\ui\webapi\GenerateEmailAction.java,0.00,0.00,0.00,100.00,Client,100.00
src\main\java\teammates\ui\webapi\GetAccountsAction.java,0.00,0.00,0.00,100.00,Client,100.00
src\main\java\teammates\ui\webapi\GetCourseAction.java,0.00,0.00,0.00,100.00,Client,100.00
src\main\java\teammates\ui\webapi\GetAccountRequestAction.java,5.00,0.00,0.00,95.00,Client,95.00
src\main\java\teammates\ui\webapi\GetCourseJoinStatusAction.java,0.00,0.00,0.00,100.00,Client,100.00
src\main\java\teammates\ui\webapi\GetCoursesAction.java,0.00,0.00,0.00,0.00,None,0.00
src\main\java\teammates\ui\webapi\GetCourseSectionNamesAction.java,0.00,0.00,0.00,100.00,Client,100.00
src\main\java\teammates\ui\webapi\GetDeadlineExtensionAction.java,5.00,5.00,0.00,90.00,Client,90.00
src\main\java\teammates\ui\webapi\GetAuthInfoAction.java,0.00,0.00,0.00,0.00,None,0.00
src\main\java\teammates\ui\webapi\GetFeedbackQuestionsAction.java,0.00,0.00,0.00,100.00,Client,100.00
src\main\java\teammates\ui\webapi\GetFeedbackQuestionRecipientsAction.java,0.00,0.00,0.00,0.00,None,0.00
src\main\java\teammates\ui\webapi\GetFeedbackSessionAction.java,0.00,0.00,0.00,100.00,Client,100.00
src\main\java\teammates\ui\webapi\GetFeedbackSessionLogsAction.java,0.00,0.00,0.00,100.00,Client,100.00
src\main\java\teammates\ui\webapi\GetFeedbackResponseCommentAction.java,0.00,0.00,0.00,0.00,None,0.00
src\main\java\teammates\ui\webapi\GetActionClassesAction.java,0.00,0.00,0.00,0.00,None,0.00
src\main\java\teammates\ui\webapi\GetFeedbackSessionsAction.java,0.00,0.00,0.00,90.00,Client,90.00
src\main\java\teammates\ui\webapi\GetHasResponsesAction.java,0.00,0.00,0.00,100.00,Client,100.00
src\main\java\teammates\ui\webapi\GetInstructorAction.java,0.00,0.00,0.00,100.00,Client,100.00
src\main\java\teammates\ui\webapi\GetFeedbackResponsesAction.java,0.00,0.00,0.00,0.00,None,0.00
src\main\java\teammates\ui\webapi\GetInstructorPrivilegeAction.java,0.00,0.00,0.00,5.00,None,5.00
src\main\java\teammates\ui\webapi\GetNotificationAction.java,0.00,0.00,0.00,100.00,Client,100.00
src\main\java\teammates\ui\webapi\GetSessionResponseStatsAction.java,0.00,0.00,0.00,95.00,Client,95.00
src\main\java\teammates\ui\webapi\GetReadNotificationsAction.java,0.00,0.00,0.00,100.00,Client,100.00
src\main\java\teammates\ui\webapi\GetOngoingSessionsAction.java,0.00,0.00,0.00,95.00,Client,95.00
src\main\java\teammates\ui\webapi\GetFeedbackSessionSubmittedGiverSetAction.java,0.00,0.00,0.00,0.00,None,0.00
src\main\java\teammates\ui\webapi\GetNotificationsAction.java,0.00,0.00,0.00,100.00,Client,100.00
src\main\java\teammates\ui\webapi\GetRegkeyValidityAction.java,0.00,0.00,0.00,100.00,Client,100.00
src\main\java\teammates\ui\webapi\GetSessionResultsAction.java,0.00,0.00,0.00,95.00,Client,95.00
src\main\java\teammates\ui\webapi\GetInstructorsAction.java,0.00,0.00,0.00,0.00,None,0.00
src\main\java\teammates\ui\webapi\GetUsageStatisticsAction.java,0.00,0.00,0.00,95.00,Client,95.00
src\main\java\teammates\ui\webapi\GetStudentAction.java,0.00,0.00,0.00,5.00,None,5.00
src\main\java\teammates\ui\webapi\InvalidOperationException.java,5.00,95.00,0.00,0.00,Common,95.00
src\main\java\teammates\ui\webapi\InstructorCourseJoinEmailWorkerAction.java,0.00,0.00,0.00,100.00,Client,100.00
src\main\java\teammates\ui\webapi\InstructorSearchIndexingWorkerAction.java,0.00,0.00,0.00,95.00,Client,95.00
src\main\java\teammates\ui\webapi\InvalidHttpParameterException.java,0.00,95.00,0.00,5.00,Common,95.00
src\main\java\teammates\ui\webapi\GetStudentsAction.java,0.00,0.00,0.00,0.00,None,0.00
src\main\java\teammates\ui\webapi\package-info.java,0.00,0.00,0.00,100.00,Client,100.00
src\main\java\teammates\ui\webapi\GetUserCookieAction.java,0.00,5.00,0.00,95.00,Client,95.00
src\main\java\teammates\ui\webapi\GetTimeZonesAction.java,0.00,0.00,0.00,100.00,Client,100.00
src\main\java\teammates\ui\webapi\JsonResult.java,0.00,20.00,0.00,0.00,None,20.00
src\main\java\teammates\ui\webapi\JoinCourseAction.java,0.00,0.00,0.00,100.00,Client,100.00
src\main\java\teammates\ui\webapi\MarkNotificationAsReadAction.java,5.00,10.00,0.00,85.00,Client,85.00
src\main\java\teammates\ui\webapi\PublishFeedbackSessionAction.java,0.00,0.00,0.00,95.00,Client,95.00
src\main\java\teammates\ui\webapi\PutDataBundleDocumentsAction.java,5.00,0.00,0.00,0.00,None,5.00
src\main\java\teammates\ui\webapi\QueryLogsAction.java,0.00,0.00,0.00,100.00,Client,100.00
src\main\java\teammates\ui\webapi\RemindFeedbackSessionResultAction.java,0.00,0.00,0.00,100.00,Client,100.00
src\main\java\teammates\ui\webapi\ResetAccountAction.java,0.00,5.00,0.00,95.00,Client,95.00
src\main\java\teammates\ui\webapi\RegenerateInstructorKeyAction.java,0.00,0.00,0.00,95.00,Client,95.00
src\main\java\teammates\ui\webapi\RegenerateStudentKeyAction.java,0.00,0.00,0.00,100.00,Client,100.00
src\main\java\teammates\ui\webapi\ResetAccountRequestAction.java,0.00,0.00,0.00,100.00,Client,100.00
src\main\java\teammates\ui\webapi\RemindFeedbackSessionSubmissionAction.java,0.00,0.00,0.00,0.00,None,0.00
src\main\java\teammates\ui\webapi\RestoreCourseAction.java,0.00,0.00,0.00,100.00,Client,100.00
src\main\java\teammates\ui\webapi\SearchAccountRequestsAction.java,0.00,0.00,0.00,100.00,Client,100.00
src\main\java\teammates\ui\webapi\SearchStudentsAction.java,0.00,0.00,0.00,100.00,Client,100.00
src\main\java\teammates\ui\webapi\SendEmailWorkerAction.java,0.00,0.00,0.00,100.00,Client,100.00
src\main\java\teammates\ui\webapi\RestoreFeedbackSessionAction.java,0.00,0.00,0.00,100.00,Client,100.00
src\main\java\teammates\ui\webapi\SessionLinksRecoveryAction.java,0.00,0.00,0.00,100.00,Client,100.00
src\main\java\teammates\ui\webapi\PutDataBundleAction.java,0.00,0.00,0.00,0.00,None,0.00
src\main\java\teammates\ui\webapi\SendJoinReminderEmailAction.java,0.00,0.00,0.00,95.00,Client,95.00
src\main\java\teammates\ui\webapi\SendLoginEmailAction.java,0.00,0.00,0.00,100.00,Client,100.00
src\main\java\teammates\ui\webapi\SearchInstructorsAction.java,0.00,0.00,0.00,10.00,None,10.00
src\main\java\teammates\ui\webapi\StudentCourseJoinEmailWorkerAction.java,0.00,0.00,0.00,95.00,Client,95.00
src\main\java\teammates\ui\webapi\SendErrorReportAction.java,0.00,0.00,0.00,100.00,Client,100.00
src\main\java\teammates\ui\webapi\StudentSearchIndexingWorkerAction.java,5.00,10.00,0.00,85.00,Client,85.00
src\main\java\teammates\ui\webapi\UnauthorizedAccessException.java,0.00,95.00,0.00,5.00,Common,95.00
src\main\java\teammates\ui\webapi\SubmitFeedbackResponsesAction.java,0.00,0.00,0.00,100.00,Client,100.00
src\main\java\teammates\ui\webapi\UpdateFeedbackQuestionAction.java,5.00,10.00,0.00,85.00,Client,85.00
src\main\java\teammates\ui\webapi\UpdateCourseAction.java,0.00,0.00,0.00,100.00,Client,100.00
src\main\java\teammates\ui\webapi\UpdateInstructorAction.java,0.00,0.00,0.00,100.00,Client,100.00
src\main\java\teammates\ui\webapi\UpdateInstructorPrivilegeAction.java,0.00,0.00,0.00,100.00,Client,100.00
src\main\java\teammates\ui\webapi\UpdateNotificationAction.java,0.00,0.00,0.00,95.00,Client,95.00
src\main\java\teammates\ui\webapi\UnpublishFeedbackSessionAction.java,0.00,0.00,0.00,0.00,None,0.00
src\main\java\teammates\ui\webapi\UpdateFeedbackSessionAction.java,0.00,0.00,0.00,100.00,Client,100.00
src\main\java\teammates\ui\webapi\UpdateStudentAction.java,0.00,0.00,0.00,100.00,Client,100.00
src\main\java\teammates\ui\webapi\UpdateFeedbackResponseCommentAction.java,0.00,0.00,0.00,0.00,None,0.00
