file_path,configs,datasets,policies,robot_devices,utilities,best_module,best_likelihood
lerobot\tests\policies\vla_jepa\test_world_model.py,2.7727303504943848,2.445537567138672,81.07023620605469,0.9125823974609375,7.806424140930176,policies,81.07023620605469
lerobot\src\lerobot\cameras\zmq\configuration_zmq.py,11.738577842712402,5.866923809051514,2.36529541015625,13.448929786682129,6.213144302368164,robot_devices,13.448929786682129
lerobot\src\lerobot\cameras\opencv\__init__.py,0.20876678824424744,0.20876678824424744,0.0,11.091257095336914,0.20876678824424744,robot_devices,11.091257095336914
lerobot\tests\policies\rtc\test_rtc_relative_actions.py,32.07827377319336,6.671658515930176,105.25898742675781,71.86070251464844,16.640352249145508,policies,105.25898742675781
lerobot\examples\lekiwi\replay.py,18.19693946838379,31.327848434448242,1.7176101207733154,58.296504974365234,5.811628818511963,robot_devices,58.296504974365234
lerobot\examples\so100_to_so100_EE\rollout.py,24.553808212280273,5.402792930603027,23.978145599365234,64.92696380615234,6.083244323730469,robot_devices,64.92696380615234
lerobot\src\lerobot\async_inference\robot_client.py,28.56144905090332,13.295595169067383,19.191606521606445,126.98048400878906,17.71257209777832,robot_devices,126.98048400878906
lerobot\tests\policies\pi0_pi05\test_pi05.py,27.646806716918945,37.11787796020508,98.81421661376953,32.04822540283203,10.677695274353027,policies,98.81421661376953
lerobot\tests\policies\test_gaussian_actor_config.py,28.689172744750977,37.14924621582031,89.81257629394531,29.148094177246094,13.34953498840332,policies,89.81257629394531
lerobot\tests\policies\lingbot_va\test_modules.py,12.350286483764648,13.826727867126465,89.48179626464844,30.628074645996094,16.80108642578125,policies,89.48179626464844
lerobot\tests\mocks\mock_serial_patch.py,3.653597831726074,3.0555875301361084,1.4031010866165161,1.4031010866165161,4.683361530303955,utilities,4.683361530303955
lerobot\tests\policies\groot\test_groot_train_random_crop.py,15.079442977905273,9.041887283325195,71.02845001220703,38.34336853027344,11.955157279968262,policies,71.02845001220703
lerobot\tests\policies\vla_jepa\test_vla_jepa.py,32.50418472290039,43.69026184082031,86.1734619140625,81.99983978271484,17.936193466186523,policies,86.1734619140625
lerobot\examples\omx\record_grab.py,12.96733283996582,49.01881790161133,6.08835506439209,73.83025360107422,13.350519180297852,robot_devices,73.83025360107422
lerobot\src\lerobot\configs\policies.py,82.08631134033203,22.25490951538086,94.19316864013672,93.34762573242188,21.872631072998047,policies,94.19316864013672
lerobot\tests\policies\vla_jepa\test_action_head.py,22.342391967773438,5.1735124588012695,70.07046508789062,25.03819465637207,11.86635684967041,policies,70.07046508789062
lerobot\tests\processor\test_migration_detection.py,97.11859130859375,21.943634033203125,33.6667594909668,9.055075645446777,13.17836856842041,configs,97.11859130859375
lerobot\tests\fixtures\dataset_factories.py,12.346957206726074,110.76786041259766,7.785925388336182,83.72855377197266,18.41625213623047,datasets,110.76786041259766
lerobot\tests\policies\test_gaussian_actor_policy.py,32.095191955566406,75.71102142333984,71.55819702148438,17.89567756652832,16.636438369750977,datasets,75.71102142333984
lerobot\tests\fixtures\files.py,8.197267532348633,97.69419860839844,4.90080451965332,3.33600115776062,14.420931816101074,datasets,97.69419860839844
lerobot\tests\policies\pi0_pi05\test_pi0.py,26.815439224243164,36.397132873535156,94.17335510253906,32.686424255371094,9.900725364685059,policies,94.17335510253906
lerobot\src\lerobot\async_inference\__init__.py,0.2077755630016327,0.2077755630016327,0.0,8.959968566894531,2.889347553253174,robot_devices,8.959968566894531
lerobot\tests\policies\vla_jepa\conftest.py,24.04470443725586,12.822772026062012,85.31072998046875,33.063934326171875,9.17599105834961,policies,85.31072998046875
lerobot\examples\port_datasets\display_error_files.py,11.366436004638672,70.76880645751953,3.794984817504883,5.0463762283325195,18.24639892578125,datasets,70.76880645751953
lerobot\tests\datasets\test_quantiles_dataset_integration.py,3.621462106704712,94.34178924560547,2.7638609409332275,22.13736343383789,13.475296974182129,datasets,94.34178924560547
lerobot\tests\policies\test_relative_actions.py,4.820455551147461,83.8127212524414,74.7497787475586,7.837618350982666,12.533748626708984,datasets,83.8127212524414
lerobot\tests\policies\pi0_pi05\test_pi0_compile.py,19.286806106567383,3.9804725646972656,83.7697982788086,34.40913009643555,16.746387481689453,policies,83.7697982788086
lerobot\tests\utils\test_hub.py,23.875816345214844,9.49435806274414,8.376545906066895,10.710782051086426,14.351280212402344,configs,23.875816345214844
lerobot\tests\policies\pi0_pi05\test_pi0_original_vs_lerobot.py,25.24617576599121,38.50653839111328,92.4608154296875,44.76371765136719,9.807634353637695,policies,92.4608154296875
lerobot\src\lerobot\annotations\steerable_pipeline\config.py,17.136947631835938,14.711585998535156,8.700292587280273,26.62288475036621,11.074325561523438,robot_devices,26.62288475036621
lerobot\tests\mocks\mock_feetech.py,1.8601301908493042,10.178951263427734,5.406900882720947,1.1737048625946045,4.809779644012451,datasets,10.178951263427734
lerobot\src\lerobot\annotations\steerable_pipeline\validator.py,6.541857719421387,38.214115142822266,5.754710674285889,11.776803970336914,12.124317169189453,datasets,38.214115142822266
lerobot\tests\processor\test_batch_processor.py,21.647918701171875,12.373407363891602,11.985681533813477,81.52891540527344,9.433815956115723,robot_devices,81.52891540527344
lerobot\src\lerobot\cameras\zmq\camera_zmq.py,26.76885223388672,16.49983024597168,10.05903434753418,12.126761436462402,15.332436561584473,configs,26.76885223388672
lerobot\tests\mocks\mock_dynamixel.py,2.5274925231933594,10.593741416931152,13.974231719970703,1.4173415899276733,6.5284318923950195,policies,13.974231719970703
lerobot\examples\dataset\create_progress_videos.py,19.749204635620117,55.696380615234375,10.482671737670898,16.94757652282715,26.373645782470703,datasets,55.696380615234375
lerobot\tests\datasets\test_dataset_metadata.py,22.44021224975586,101.12842559814453,6.413845062255859,81.37415313720703,20.50174331665039,datasets,101.12842559814453
lerobot\tests\processor\test_policy_robot_bridge.py,23.263851165771484,6.715725898742676,26.22124481201172,62.137290954589844,2.284320116043091,robot_devices,62.137290954589844
lerobot\tests\processor\test_rename_processor.py,26.96902847290039,14.860268592834473,18.461990356445312,56.51518630981445,9.09462833404541,robot_devices,56.51518630981445
lerobot\examples\lekiwi\record.py,19.36346435546875,39.1295280456543,1.2120000123977661,63.8633918762207,11.375185012817383,robot_devices,63.8633918762207
lerobot\examples\lekiwi\evaluate.py,25.586566925048828,44.34719467163086,24.35136604309082,94.69275665283203,15.35057258605957,robot_devices,94.69275665283203
lerobot\src\lerobot\annotations\steerable_pipeline\modules\general_vqa.py,25.736085891723633,34.694766998291016,7.341522216796875,16.223011016845703,23.47141456604004,datasets,34.694766998291016
lerobot\tests\policies\pi0_pi05\test_pi0_rtc.py,26.865854263305664,33.0989875793457,85.00874328613281,33.08472442626953,7.556256294250488,policies,85.00874328613281
lerobot\examples\phone_to_so100\record.py,20.69366455078125,41.49665451049805,2.90657901763916,72.65028381347656,13.72547435760498,robot_devices,72.65028381347656
lerobot\tests\datasets\test_delta_timestamps.py,0.9289580583572388,78.28633117675781,3.642364025115967,9.217645645141602,5.358057975769043,datasets,78.28633117675781
lerobot\tests\processor\test_gaussian_actor_processor.py,25.799772262573242,18.67131996154785,21.706449508666992,33.03994369506836,6.708051681518555,robot_devices,33.03994369506836
lerobot\src\lerobot\annotations\steerable_pipeline\vlm_client.py,28.607563018798828,26.16242218017578,12.667399406433105,62.018890380859375,26.432435989379883,robot_devices,62.018890380859375
lerobot\tests\policies\rtc\test_modeling_rtc.py,20.61806869506836,4.3382463455200195,58.97913360595703,19.462064743041992,7.9227519035339355,policies,58.97913360595703
lerobot\tests\datasets\test_streaming_video_encoder.py,18.07855224609375,86.60542297363281,3.786966562271118,15.867501258850098,10.519720077514648,datasets,86.60542297363281
lerobot\examples\rtc\eval_dataset.py,42.74026107788086,47.606895446777344,34.74478530883789,32.652252197265625,23.869129180908203,datasets,47.606895446777344
lerobot\tests\processor\test_converters.py,2.9779765605926514,8.349552154541016,9.581011772155762,28.201875686645508,2.199223518371582,robot_devices,28.201875686645508
lerobot\examples\isaac_teleop_to_so101\isaac_teleop\teleop_xr_controller.py,20.286428451538086,1.1821781396865845,1.3725119829177856,39.313133239746094,7.933849811553955,robot_devices,39.313133239746094
lerobot\src\lerobot\datasets\dataset_writer.py,12.398543357849121,99.4929428100586,10.341221809387207,23.958866119384766,18.75153350830078,datasets,99.4929428100586
lerobot\src\lerobot\common\wandb_utils.py,33.383758544921875,47.593990325927734,27.780649185180664,10.988701820373535,21.426036834716797,datasets,47.593990325927734
lerobot\examples\isaac_teleop_to_so101\isaac_teleop\xr_controller_processor.py,3.2154123783111572,3.891063690185547,8.204176902770996,55.12534713745117,2.2025976181030273,robot_devices,55.12534713745117
lerobot\src\lerobot\datasets\dataset_reader.py,60.12400436401367,108.10296630859375,5.318432331085205,23.055009841918945,16.816396713256836,datasets,108.10296630859375
lerobot\tests\envs\test_envs.py,19.855941772460938,15.258814811706543,12.050057411193848,16.650529861450195,20.593908309936523,utilities,20.593908309936523
lerobot\tests\datasets\test_language_render.py,6.631503105163574,88.35366821289062,2.865581750869751,12.585098266601562,10.020549774169922,datasets,88.35366821289062
lerobot\tests\utils\test_io_utils.py,2.5323727130889893,9.886576652526855,9.183944702148438,1.5141940116882324,6.320362091064453,datasets,9.886576652526855
lerobot\setup.py,1.19595205783844,5.5309224128723145,0.0,8.457979202270508,0.7998493313789368,robot_devices,8.457979202270508
lerobot\src\lerobot\async_inference\policy_server.py,29.714950561523438,14.430305480957031,97.62687683105469,67.20008850097656,19.772809982299805,policies,97.62687683105469
lerobot\examples\lekiwi\teleoperate.py,20.144775390625,6.501396179199219,1.922120451927185,58.28206253051758,5.7035417556762695,robot_devices,58.28206253051758
lerobot\tests\robots\test_unitree_g1.py,62.36968231201172,4.6732964515686035,4.372142791748047,93.8464584350586,6.90358829498291,robot_devices,93.8464584350586
lerobot\tests\policies\xvla\test_xvla_original_vs_lerobot.py,23.201541900634766,26.45644760131836,86.58365631103516,44.00325012207031,13.408185958862305,policies,86.58365631103516
lerobot\tests\teleoperators\test_rebot_102_leader.py,17.659404754638672,3.4403951168060303,8.634931564331055,25.316871643066406,8.852972030639648,robot_devices,25.316871643066406
lerobot\examples\dataset\use_dataset_tools.py,4.0962300300598145,92.1907958984375,5.18508768081665,14.360696792602539,7.191651344299316,datasets,92.1907958984375
lerobot\src\lerobot\configs\dataset.py,53.290218353271484,33.20922088623047,1.169179081916809,22.144245147705078,8.664144515991211,configs,53.290218353271484
lerobot\src\lerobot\datasets\depth_utils.py,5.756896495819092,65.24333953857422,3.994699239730835,7.584235668182373,7.32904577255249,datasets,65.24333953857422
lerobot\examples\so100_to_so100_EE\teleoperate.py,19.967031478881836,9.666047096252441,2.4657509326934814,62.35275650024414,6.454064846038818,robot_devices,62.35275650024414
lerobot\tests\datasets\test_lerobot_dataset.py,8.440117835998535,107.43144989013672,7.40626859664917,40.016536712646484,24.29680824279785,datasets,107.43144989013672
lerobot\tests\policies\lingbot_va\test_configuration_lingbot_va.py,34.21979522705078,6.265369892120361,85.87181091308594,22.80950164794922,5.419488906860352,policies,85.87181091308594
lerobot\tests\policies\pi0_pi05\openpi_pytorch\image_tools.py,3.548926591873169,4.926987171173096,81.54612731933594,1.836028814315796,10.222198486328125,policies,81.54612731933594
lerobot\tests\test_control_robot.py,0.4357740581035614,95.20135498046875,0.0,86.5979995727539,11.685093879699707,datasets,95.20135498046875
lerobot\tests\utils\test_random_utils.py,1.6947637796401978,3.236082077026367,0.8473818898200989,0.8473818898200989,2.0844759941101074,datasets,3.236082077026367
lerobot\tests\training\test_multi_gpu.py,37.79800033569336,94.21095275878906,26.297090530395508,92.8106918334961,25.818944931030273,datasets,94.21095275878906
lerobot\tests\test_available.py,0.0,85.46798706054688,0.8269184231758118,11.01951789855957,6.378831386566162,datasets,85.46798706054688
lerobot\tests\policies\multi_task_dit\test_multi_task_dit.py,27.354923248291016,34.325157165527344,82.8510971069336,40.67643737792969,12.138001441955566,policies,82.8510971069336
lerobot\src\lerobot\cameras\zmq\__init__.py,0.20876678824424744,0.20876678824424744,0.0,11.091257095336914,0.20876678824424744,robot_devices,11.091257095336914
lerobot\examples\isaac_teleop_to_so101\record.py,8.452926635742188,46.79698944091797,7.037328243255615,115.64164733886719,21.674684524536133,robot_devices,115.64164733886719
lerobot\tests\datasets\test_language.py,9.730842590332031,104.92936706542969,2.438664436340332,29.713520050048828,13.515292167663574,datasets,104.92936706542969
lerobot\tests\rl\test_actor_learner.py,28.777992248535156,85.91863250732422,18.70708656311035,35.012237548828125,17.091468811035156,datasets,85.91863250732422
lerobot\tests\processor\test_libero_processor.py,3.5545103549957275,4.942307472229004,7.0,51.6527214050293,1.3057665824890137,robot_devices,51.6527214050293
lerobot\src\lerobot\datasets\pyav_utils.py,4.026708602905273,68.64220428466797,5.196390628814697,7.286100387573242,13.163739204406738,datasets,68.64220428466797
lerobot\tests\policies\lingbot_va\test_processor.py,23.718963623046875,31.342620849609375,92.13370513916016,21.755786895751953,7.395879745483398,policies,92.13370513916016
lerobot\tests\test_robomme_env.py,17.09952735900879,26.679893493652344,2.8448402881622314,0.496977299451828,7.566867351531982,datasets,26.679893493652344
lerobot\examples\dataset\use_dataset_image_transforms.py,32.067138671875,36.683048248291016,2.1136791706085205,8.460463523864746,8.47209358215332,datasets,36.683048248291016
lerobot\src\lerobot\datasets\image_writer.py,7.6405792236328125,88.26724243164062,3.4032175540924072,10.386226654052734,20.219675064086914,datasets,88.26724243164062
lerobot\tests\policies\groot\test_groot_vs_original.py,23.58526039123535,18.003549575805664,102.49956512451172,65.39354705810547,18.592527389526367,policies,102.49956512451172
lerobot\examples\isaac_teleop_to_so101\common.py,30.807636260986328,29.030366897583008,10.261526107788086,137.83067321777344,39.33704376220703,robot_devices,137.83067321777344
lerobot\src\lerobot\configs\default.py,56.6288948059082,16.636821746826172,3.590925693511963,21.48221206665039,13.772496223449707,configs,56.6288948059082
lerobot\tests\rl\test_sac_algorithm.py,31.334381103515625,77.61858367919922,22.554494857788086,29.168493270874023,13.746322631835938,datasets,77.61858367919922
lerobot\src\lerobot\annotations\steerable_pipeline\reader.py,7.193784236907959,17.32382583618164,3.4863312244415283,23.20302391052246,11.505556106567383,robot_devices,23.20302391052246
lerobot\tests\processor\test_vqbet_processor.py,25.760438919067383,19.192977905273438,22.073110580444336,33.17864227294922,6.166350364685059,robot_devices,33.17864227294922
lerobot\src\lerobot\datasets\multi_dataset.py,3.7060463428497314,108.41365814208984,2.3423678874969482,28.23771095275879,16.28760528564453,datasets,108.41365814208984
lerobot\tests\processor\test_tdmpc_processor.py,25.760438919067383,19.908674240112305,23.32414436340332,33.179656982421875,6.166350364685059,robot_devices,33.179656982421875
lerobot\tests\rl\test_actor.py,5.255430698394775,80.16718292236328,16.344173431396484,36.34780502319336,10.906577110290527,datasets,80.16718292236328
lerobot\tests\training\test_visual_validation.py,27.93913459777832,94.0271987915039,18.133522033691406,57.45760726928711,12.507307052612305,datasets,94.0271987915039
lerobot\tests\mocks\mock_teleop.py,18.406665802001953,3.8519370555877686,1.7518205642700195,46.6485710144043,1.2336981296539307,robot_devices,46.6485710144043
lerobot\tests\processor\test_diffusion_processor.py,25.690025329589844,19.78798484802246,24.19455909729004,33.096885681152344,6.147355556488037,robot_devices,33.096885681152344
lerobot\src\lerobot\cameras\realsense\__init__.py,0.20876678824424744,0.20876678824424744,0.0,11.091257095336914,0.20876678824424744,robot_devices,11.091257095336914
lerobot\tests\optim\test_schedulers.py,21.39038848876953,4.103814125061035,3.377614974975586,1.0944112539291382,10.614784240722656,configs,21.39038848876953
lerobot\tests\policies\pi0_fast\test_pi0_fast_original_vs_lerobot.py,24.372928619384766,27.97791862487793,86.22669219970703,43.65694046020508,11.01762866973877,policies,86.22669219970703
lerobot\examples\dataset\load_lerobot_dataset.py,3.7389044761657715,92.14859008789062,1.7830250263214111,71.5853042602539,9.836819648742676,datasets,92.14859008789062
lerobot\examples\tutorial\act\act_training_example.py,12.191482543945312,39.925872802734375,18.7836971282959,94.16809844970703,15.142951965332031,robot_devices,94.16809844970703
lerobot\src\lerobot\cameras\realsense\camera_realsense.py,33.94834518432617,22.971817016601562,7.621678829193115,111.59407043457031,16.00625228881836,robot_devices,111.59407043457031
lerobot\src\lerobot\configs\video.py,66.39535522460938,32.24342346191406,8.659356117248535,7.910268783569336,12.638715744018555,configs,66.39535522460938
lerobot\tests\utils\test_process.py,0.8715597987174988,81.01892852783203,0.0,7.636523246765137,4.753346920013428,datasets,81.01892852783203
lerobot\tests\scripts\test_train_remote_dispatch.py,5.941091060638428,85.26726531982422,18.402114868164062,10.625200271606445,5.750521183013916,datasets,85.26726531982422
lerobot\tests\rewards\__init__.py,0.20943289995193481,0.20943289995193481,0.0,0.0,0.20943289995193481,configs,0.20943289995193481
lerobot\tests\jobs\test_dataset.py,1.7378854751586914,94.4717788696289,1.1370041370391846,12.460820198059082,11.75532341003418,datasets,94.4717788696289
lerobot\src\lerobot\cameras\reachy2_camera\configuration_reachy2_camera.py,12.093916893005371,7.437983512878418,2.3623886108398438,13.521397590637207,6.3622283935546875,robot_devices,13.521397590637207
lerobot\tests\rl\test_trainer.py,15.514507293701172,81.66961669921875,1.206376314163208,37.25185012817383,8.681196212768555,datasets,81.66961669921875
lerobot\src\lerobot\cameras\zmq\image_server.py,24.45216178894043,11.951147079467773,6.380818843841553,36.97317123413086,12.164924621582031,robot_devices,36.97317123413086
lerobot\tests\datasets\test_dataset_tools.py,7.350242614746094,128.47714233398438,6.239513397216797,28.966854095458984,23.67022132873535,datasets,128.47714233398438
lerobot\src\lerobot\datasets\compute_stats.py,11.156264305114746,83.13031768798828,11.883695602416992,4.417716026306152,10.567362785339355,datasets,83.13031768798828
lerobot\tests\policies\lingbot_va\test_factory.py,22.094160079956055,0.3892211616039276,95.29511260986328,25.048004150390625,4.00752067565918,policies,95.29511260986328
lerobot\tests\processor\test_act_processor.py,25.765413284301758,17.70287322998047,20.75941276550293,33.15513610839844,5.511510372161865,robot_devices,33.15513610839844
lerobot\src\lerobot\configs\__init__.py,69.69747924804688,8.4522705078125,9.742670059204102,8.457979202270508,3.3921139240264893,configs,69.69747924804688
lerobot\src\lerobot\datasets\feature_utils.py,10.780086517333984,102.271484375,10.043901443481445,62.970985412597656,24.198423385620117,datasets,102.271484375
lerobot\tests\utils\test_sample_weighting.py,28.177898406982422,34.495914459228516,24.775880813598633,51.28917694091797,6.590907573699951,robot_devices,51.28917694091797
lerobot\examples\phone_to_so100\teleoperate.py,21.5009822845459,10.831894874572754,3.266392946243286,94.74848937988281,8.714674949645996,robot_devices,94.74848937988281
lerobot\tests\policies\rtc\test_action_queue.py,25.35655403137207,5.489201068878174,56.12818145751953,19.46670150756836,9.096171379089355,policies,56.12818145751953
lerobot\tests\processor\test_pipeline.py,80.82292175292969,84.37345886230469,27.546728134155273,34.53460693359375,23.048582077026367,datasets,84.37345886230469
lerobot\tests\processor\test_batch_conversion.py,0.0,8.04690170288086,6.680456638336182,0.4014059901237488,0.31624165177345276,datasets,8.04690170288086
lerobot\tests\policies\pi0_pi05\utils\openpi_parity.py,11.859956741333008,42.01496887207031,88.32431030273438,45.54838180541992,12.763345718383789,policies,88.32431030273438
lerobot\src\lerobot\cameras\configs.py,51.47785186767578,5.5267767906188965,4.09158992767334,12.403488159179688,9.224746704101562,configs,51.47785186767578
lerobot\tests\policies\groot\test_groot_state_dropout.py,15.871560096740723,5.732138156890869,78.3592300415039,10.767999649047852,7.836729526519775,policies,78.3592300415039
lerobot\tests\policies\evo1\test_evo1.py,32.525360107421875,33.97613525390625,77.11277770996094,26.537565231323242,23.42447280883789,policies,77.11277770996094
lerobot\tests\policies\vla_jepa\test_configuration.py,32.79985427856445,6.648791313171387,84.5189208984375,0.0,4.809781074523926,policies,84.5189208984375
lerobot\tests\rewards\test_sarm_utils.py,1.4927492141723633,7.053356647491455,13.592060089111328,0.5575395822525024,5.582261085510254,policies,13.592060089111328
lerobot\tests\utils\test_encoding_utils.py,3.9719245433807373,3.6417806148529053,5.746104717254639,2.780348777770996,6.33664608001709,utilities,6.33664608001709
lerobot\tests\teleoperators\test_unitree_g1_teleoperator.py,19.062496185302734,14.137725830078125,5.879938125610352,18.110734939575195,13.233570098876953,configs,19.062496185302734
lerobot\tests\policies\test_sarm_subtask_annotations.py,0.5618584752082825,2.238877534866333,74.60736846923828,0.0,4.149244785308838,policies,74.60736846923828
lerobot\tests\datasets\test_depth.py,4.605919361114502,90.95204162597656,6.053075790405273,20.66634178161621,9.684544563293457,datasets,90.95204162597656
lerobot\src\lerobot\annotations\steerable_pipeline\frames.py,14.985474586486816,29.011205673217773,7.628175258636475,26.303653717041016,25.093463897705078,datasets,29.011205673217773
lerobot\src\lerobot\configs\types.py,55.93826675415039,4.277037620544434,10.0,8.638668060302734,3.9551141262054443,configs,55.93826675415039
lerobot\tests\datasets\test_visualize_dataset.py,0.270809531211853,92.26322174072266,0.6095256805419922,24.906198501586914,3.910522699356079,datasets,92.26322174072266
lerobot\tests\policies\groot\utils\dump_original_n1_7.py,82.22234344482422,26.048946380615234,96.92205047607422,40.49799346923828,16.26508903503418,policies,96.92205047607422
lerobot\src\lerobot\annotations\steerable_pipeline\prompts\__init__.py,1.9444301128387451,5.479386806488037,1.2972497940063477,10.103911399841309,3.584160327911377,robot_devices,10.103911399841309
lerobot\tests\rewards\test_topreward.py,5.092703819274902,8.040141105651855,11.888066291809082,28.2523193359375,7.548023700714111,robot_devices,28.2523193359375
lerobot\tests\policies\pi0_pi05\test_pi05_original_vs_lerobot.py,25.24617576599121,38.50653839111328,92.12272644042969,44.76371765136719,9.807634353637695,policies,92.12272644042969
lerobot\tests\rewards\test_topreward_processor.py,20.911590576171875,15.050034523010254,8.860835075378418,1.2312612533569336,11.32925033569336,configs,20.911590576171875
lerobot\src\lerobot\datasets\language.py,8.99104118347168,75.57536315917969,2.5318846702575684,12.341113090515137,10.175848960876465,datasets,75.57536315917969
lerobot\examples\isaac_teleop_to_so101\isaac_teleop\config_isaac_teleop.py,15.577220916748047,8.02471923828125,2.2070653438568115,3.6833574771881104,9.955277442932129,configs,15.577220916748047
lerobot\examples\isaac_teleop_to_so101\isaac_teleop\teleop_so101_leader_arm.py,21.539993286132812,2.2398922443389893,1.9543588161468506,55.80685806274414,7.859430313110352,robot_devices,55.80685806274414
lerobot\tests\mocks\mock_robot.py,70.6707763671875,6.72578763961792,9.045234680175781,63.80364227294922,6.067333221435547,configs,70.6707763671875
lerobot\tests\test_rollout.py,29.643749237060547,89.0057373046875,17.606021881103516,101.0981216430664,21.03324317932129,robot_devices,101.0981216430664
lerobot\src\lerobot\datasets\dataset_tools.py,21.444786071777344,120.22929382324219,10.000777244567871,88.43868255615234,28.95598793029785,datasets,120.22929382324219
lerobot\src\lerobot\configs\eval.py,62.60004806518555,10.577922821044922,19.07452964782715,11.94875431060791,10.711823463439941,configs,62.60004806518555
lerobot\src\lerobot\cameras\opencv\configuration_opencv.py,13.319437026977539,8.172701835632324,2.5296945571899414,12.73004150390625,6.828597068786621,configs,13.319437026977539
lerobot\examples\annotations\run_hf_job.py,7.517731189727783,70.29869842529297,6.928971290588379,11.179945945739746,15.527345657348633,datasets,70.29869842529297
lerobot\src\lerobot\cameras\camera.py,18.070592880249023,3.118983030319214,6.439451694488525,11.920083999633789,2.0838265419006348,configs,18.070592880249023
lerobot\tests\policies\test_policies.py,34.06193161010742,98.13473510742188,123.25276947021484,103.57079315185547,31.43362045288086,policies,123.25276947021484
lerobot\src\lerobot\datasets\factory.py,19.454097747802734,103.8048324584961,2.84476637840271,23.160959243774414,18.211334228515625,datasets,103.8048324584961
lerobot\src\lerobot\cameras\__init__.py,52.44508743286133,0.5554522275924683,0.0,12.101330757141113,1.9743361473083496,configs,52.44508743286133
lerobot\tests\policies\pi0_pi05\openpi_pytorch\gemma.py,18.82827377319336,5.643815994262695,82.06735229492188,0.7828157544136047,4.822824478149414,policies,82.06735229492188
lerobot\tests\motors\test_damiao.py,9.610873222351074,5.35414457321167,10.797684669494629,23.446996688842773,9.323243141174316,robot_devices,23.446996688842773
lerobot\src\lerobot\configs\recipe.py,54.27204513549805,12.479734420776367,2.222984552383423,10.453779220581055,8.502945899963379,configs,54.27204513549805
lerobot\src\lerobot\async_inference\helpers.py,12.856356620788574,36.84142303466797,25.509906768798828,91.10834503173828,19.991840362548828,robot_devices,91.10834503173828
lerobot\tests\utils\test_foxglove_visualization.py,1.6114500761032104,8.152050971984863,1.4617887735366821,2.5081400871276855,5.565908908843994,datasets,8.152050971984863
lerobot\tests\rl\test_learner_service.py,2.0503451824188232,9.14707088470459,0.23405402898788452,33.285362243652344,7.5444207191467285,robot_devices,33.285362243652344
lerobot\tests\policies\rtc\test_debug_tracker.py,8.282910346984863,5.826545715332031,59.33954620361328,25.47496223449707,14.873619079589844,policies,59.33954620361328
lerobot\tests\policies\pi0_pi05\openpi_pytorch\gemma_pytorch.py,29.22887420654297,15.421256065368652,77.70083618164062,21.367509841918945,13.768821716308594,policies,77.70083618164062
lerobot\tests\policies\groot\test_groot_n1_7.py,80.25395965576172,90.50074768066406,92.97223663330078,42.73117446899414,34.97005081176758,policies,92.97223663330078
lerobot\examples\tutorial\pi0\using_pi0_example.py,19.59112548828125,30.821638107299805,10.405892372131348,100.73614501953125,6.309504508972168,robot_devices,100.73614501953125
lerobot\tests\scripts\test_lerobot_annotate.py,0.7590633630752563,91.86866760253906,0.0,23.744537353515625,5.610353946685791,datasets,91.86866760253906
lerobot\examples\training\train_policy.py,11.751279830932617,35.80595397949219,21.300485610961914,40.10702896118164,12.63067626953125,robot_devices,40.10702896118164
lerobot\examples\tutorial\act\act_using_example.py,19.711681365966797,33.25914001464844,8.677745819091797,99.63375854492188,9.623556137084961,robot_devices,99.63375854492188
lerobot\examples\so100_to_so100_EE\replay.py,17.860998153686523,33.05094528198242,1.843285083770752,62.76347351074219,6.520864009857178,robot_devices,62.76347351074219
lerobot\tests\__init__.py,0.2096000760793686,0.2096000760793686,0.0,0.0,0.2096000760793686,configs,0.2096000760793686
lerobot\src\lerobot\annotations\steerable_pipeline\staging.py,0.18718567490577698,8.659331321716309,4.00007963180542,22.604188919067383,6.0752949714660645,robot_devices,22.604188919067383
lerobot\tests\rewards\test_reward_model_base.py,36.89817428588867,108.02527618408203,27.762126922607422,88.46617889404297,22.175270080566406,datasets,108.02527618408203
lerobot\tests\datasets\test_image_writer.py,5.776578903198242,99.15796661376953,4.6234846115112305,8.76515007019043,15.885600090026855,datasets,99.15796661376953
lerobot\src\lerobot\async_inference\constants.py,0.20358675718307495,0.20358675718307495,92.76182556152344,69.0336685180664,9.470803260803223,policies,92.76182556152344
lerobot\tests\envs\test_dispatch.py,24.02794075012207,11.201874732971191,17.608667373657227,55.9254035949707,13.720888137817383,robot_devices,55.9254035949707
lerobot\tests\policies\pi0_pi05\test_pi05_compile.py,19.21030616760254,3.9804725646972656,83.59220123291016,34.30409622192383,16.735273361206055,policies,83.59220123291016
lerobot\tests\robots\test_reachy2.py,21.36581802368164,9.183629989624023,3.367164373397827,80.85535430908203,6.448619842529297,robot_devices,80.85535430908203
lerobot\tests\utils.py,6.721199035644531,3.020418405532837,6.398678302764893,46.674354553222656,10.945584297180176,robot_devices,46.674354553222656
lerobot\tests\policies\rtc\test_configuration_rtc.py,29.521459579467773,0.0,78.30215454101562,0.0,2.902012825012207,policies,78.30215454101562
lerobot\src\lerobot\datasets\pipeline_features.py,0.3107501268386841,88.52877807617188,1.4120324850082397,44.98019790649414,2.5218958854675293,datasets,88.52877807617188
lerobot\tests\policies\pi0_pi05\openpi_pytorch\__init__.py,0.20876678824424744,0.20876678824424744,83.91068267822266,0.0,2.4589505195617676,policies,83.91068267822266
lerobot\tests\utils\test_logging_utils.py,2.074490785598755,2.435840368270874,1.6833643913269043,26.93272590637207,8.772477149963379,robot_devices,26.93272590637207
lerobot\tests\processor\test_smolvla_processor.py,25.99403953552246,22.239343643188477,107.22193145751953,42.796016693115234,7.186885833740234,policies,107.22193145751953
lerobot\examples\phone_to_so100\evaluate.py,26.52630043029785,45.044830322265625,24.633047103881836,100.39900970458984,16.196264266967773,robot_devices,100.39900970458984
lerobot\examples\isaac_teleop_to_so101\isaac_teleop\base.py,26.382633209228516,8.99813461303711,5.167830467224121,75.93456268310547,23.973913192749023,robot_devices,75.93456268310547
lerobot\src\lerobot\annotations\steerable_pipeline\modules\interjections_and_speech.py,19.974750518798828,16.15728759765625,2.0754518508911133,12.163951873779297,13.023670196533203,configs,19.974750518798828
lerobot\tests\datasets\test_dataset_writer.py,5.558055400848389,106.7103042602539,3.802912473678589,25.17588996887207,11.23914909362793,datasets,106.7103042602539
lerobot\examples\phone_to_so100\rollout.py,24.553808212280273,5.402792930603027,23.978145599365234,64.92696380615234,6.083244323730469,robot_devices,64.92696380615234
lerobot\tests\transport\test_transport_utils.py,1.9143640995025635,9.498469352722168,2.93524169921875,27.414377212524414,8.7515869140625,robot_devices,27.414377212524414
lerobot\src\lerobot\datasets\language_render.py,7.046229839324951,76.8746566772461,2.7579641342163086,6.525857448577881,7.944678783416748,datasets,76.8746566772461
lerobot\tests\datasets\test_video_encoding.py,27.378198623657227,90.5357666015625,10.678007125854492,23.01662254333496,17.857669830322266,datasets,90.5357666015625
lerobot\tests\policies\pi0_pi05\test_pi05_rtc.py,26.897111892700195,32.6693229675293,87.2761001586914,32.85697555541992,7.6333537101745605,policies,87.2761001586914
lerobot\tests\processor\test_tokenizer_processor.py,29.658611297607422,9.808046340942383,16.698476791381836,137.00575256347656,19.63016128540039,robot_devices,137.00575256347656
lerobot\examples\tutorial\smolvla\using_smolvla_example.py,19.77785301208496,30.588882446289062,8.11424446105957,102.7854995727539,6.064993858337402,robot_devices,102.7854995727539
lerobot\examples\isaac_teleop_to_so101\override_reset_pose.py,7.671809196472168,8.086434364318848,1.4031230211257935,62.69645309448242,7.424924373626709,robot_devices,62.69645309448242
lerobot\src\lerobot\common\train_utils.py,20.02906036376953,7.486276149749756,20.42272186279297,6.742446422576904,14.104879379272461,policies,20.42272186279297
lerobot\tests\envs\test_robotwin.py,23.429431915283203,6.965075492858887,4.08636474609375,64.21147155761719,16.074010848999023,robot_devices,64.21147155761719
lerobot\tests\datasets\test_sampler.py,2.0621767044067383,92.0122299194336,7.108431816101074,7.691921710968018,11.311088562011719,datasets,92.0122299194336
lerobot\tests\datasets\test_streaming.py,10.371106147766113,95.03620147705078,5.182986736297607,28.372892379760742,17.158496856689453,datasets,95.03620147705078
lerobot\src\lerobot\cameras\reachy2_camera\__init__.py,0.20860092341899872,0.20860092341899872,0.0,11.98963737487793,0.20860092341899872,robot_devices,11.98963737487793
lerobot\examples\so100_to_so100_EE\record.py,19.421171188354492,40.20017623901367,1.7185157537460327,70.03414916992188,11.554532051086426,robot_devices,70.03414916992188
lerobot\src\lerobot\annotations\steerable_pipeline\executor.py,23.928565979003906,12.90393352508545,5.699014186859131,26.04861068725586,17.59090805053711,robot_devices,26.04861068725586
lerobot\tests\policies\pi0_pi05\utils\__init__.py,0.20893290638923645,0.20893290638923645,83.94800567626953,0.0,2.460111618041992,policies,83.94800567626953
lerobot\tests\optim\test_optimizers.py,28.326745986938477,6.148976802825928,8.364591598510742,1.7417185306549072,6.102157115936279,configs,28.326745986938477
lerobot\scripts\ci\parse_eval_metrics.py,16.968931198120117,13.882536888122559,18.39098358154297,3.124619245529175,14.190428733825684,policies,18.39098358154297
lerobot\tests\robots\test_so100_follower.py,0.644943356513977,4.321570873260498,1.0,83.50996398925781,2.0329649448394775,robot_devices,83.50996398925781
lerobot\tests\rewards\test_sarm_processor.py,21.631319046020508,43.45982360839844,11.961348533630371,24.671987533569336,7.620697498321533,datasets,43.45982360839844
lerobot\tests\utils\test_replay_buffer.py,3.615431308746338,87.14288330078125,3.486652374267578,46.84482955932617,9.970202445983887,datasets,87.14288330078125
lerobot\tests\datasets\test_video_decoder_cache.py,5.231083869934082,81.92719268798828,1.5068771839141846,25.66115379333496,8.1593656539917,datasets,81.92719268798828
lerobot\src\lerobot\datasets\streaming_dataset.py,59.750282287597656,103.4780044555664,5.177938938140869,26.005592346191406,22.897327423095703,datasets,103.4780044555664
lerobot\examples\tutorial\rl\hilserl_example.py,28.792665481567383,41.56758499145508,20.067171096801758,102.98816680908203,15.477611541748047,robot_devices,102.98816680908203
lerobot\examples\tutorial\async-inf\policy_server.py,22.54656219482422,0.89847731590271,14.646200180053711,0.6519252061843872,4.437241554260254,configs,22.54656219482422
lerobot\examples\isaac_teleop_to_so101\isaac_teleop\__init__.py,0.20663094520568848,0.20663094520568848,1.0,53.35938262939453,0.539791464805603,robot_devices,53.35938262939453
lerobot\tests\jobs\test_hf.py,31.11846351623535,93.93712615966797,23.86899185180664,36.75273513793945,21.628585815429688,datasets,93.93712615966797
lerobot\tests\teleoperators\test_reachy2_teleoperator.py,17.096284866333008,3.4067413806915283,3.2548365592956543,73.61656188964844,5.409523963928223,robot_devices,73.61656188964844
lerobot\src\lerobot\configs\parser.py,84.13114166259766,16.721494674682617,8.712964057922363,13.039046287536621,22.88994789123535,configs,84.13114166259766
lerobot\tests\processor\test_pi0_processor.py,23.753028869628906,36.544803619384766,18.3596134185791,43.2412223815918,7.116271018981934,robot_devices,43.2412223815918
lerobot\examples\port_datasets\slurm_port_shards.py,10.656970977783203,97.37287139892578,4.138465404510498,3.0613391399383545,20.92717170715332,datasets,97.37287139892578
lerobot\examples\tutorial\diffusion\diffusion_training_example.py,11.954675674438477,39.778175354003906,22.15456771850586,94.16809844970703,14.939071655273438,robot_devices,94.16809844970703
lerobot\tests\policies\pi0_pi05\utils\torch_compile.py,15.606982231140137,3.832253932952881,74.22537231445312,16.295942306518555,14.056140899658203,policies,74.22537231445312
lerobot\tests\processor\test_device_processor.py,22.09317398071289,10.05259895324707,20.356714248657227,125.74317169189453,9.63856029510498,robot_devices,125.74317169189453
lerobot\tests\utils\test_visualization_utils.py,0.6827032566070557,5.221155166625977,5.006060600280762,0.0,1.7302078008651733,datasets,5.221155166625977
lerobot\tests\rl\test_data_mixer.py,1.8909834623336792,90.12748718261719,1.8918732404708862,34.721527099609375,7.664937973022461,datasets,90.12748718261719
lerobot\examples\tutorial\rl\reward_classifier_example.py,22.96478271484375,38.77922821044922,7.511322498321533,41.90797805786133,13.153945922851562,robot_devices,41.90797805786133
lerobot\tests\policies\groot\test_groot_n1_7_oss_parity.py,67.20397186279297,19.905643463134766,81.93667602539062,33.25001525878906,14.293915748596191,policies,81.93667602539062
lerobot\examples\training\train_with_streaming.py,11.85413646697998,34.3687629699707,18.188434600830078,40.884586334228516,13.04488754272461,robot_devices,40.884586334228516
lerobot\examples\dataset\slurm_compute_rabc.py,38.936405181884766,103.37250518798828,18.44740867614746,42.45941162109375,38.48173904418945,datasets,103.37250518798828
lerobot\src\lerobot\datasets\dataset_metadata.py,24.850299835205078,106.59549713134766,12.240850448608398,79.37808990478516,26.18739128112793,datasets,106.59549713134766
lerobot\tests\test_cli_peft.py,31.31985855102539,35.54643630981445,26.925928115844727,14.348033905029297,23.506027221679688,datasets,35.54643630981445
lerobot\tests\policies\smolvla\test_smolvla_rtc.py,26.940645217895508,33.73611068725586,85.34943389892578,33.24012756347656,10.533183097839355,policies,85.34943389892578
lerobot\tests\test_yaml_policy_path.py,30.910621643066406,36.056209564208984,21.60560417175293,13.340227127075195,10.7808198928833,datasets,36.056209564208984
lerobot\examples\isaac_teleop_to_so101\__init__.py,0.20893290638923645,0.20893290638923645,0.0,0.0,0.545805037021637,utilities,0.545805037021637
lerobot\examples\tutorial\diffusion\diffusion_using_example.py,19.474910736083984,33.022369384765625,11.97998332977295,99.63375854492188,9.389981269836426,robot_devices,99.63375854492188
lerobot\src\lerobot\common\control_utils.py,9.874777793884277,38.31892776489258,21.75324058532715,104.03514099121094,21.11739158630371,robot_devices,104.03514099121094
lerobot\tests\rewards\test_modeling_robometer.py,34.88666534423828,10.473160743713379,12.730386734008789,31.42418670654297,13.677482604980469,configs,34.88666534423828
lerobot\tests\rewards\test_classifier_processor.py,22.97172737121582,21.340044021606445,13.396806716918945,32.6998405456543,4.3364033699035645,robot_devices,32.6998405456543
lerobot\scripts\ci\extract_task_descriptions.py,12.632682800292969,17.51036834716797,8.720670700073242,52.208763122558594,14.172187805175781,robot_devices,52.208763122558594
lerobot\src\lerobot\annotations\steerable_pipeline\writer.py,9.066667556762695,12.43110179901123,4.320191860198975,19.992023468017578,12.00165843963623,robot_devices,19.992023468017578
lerobot\examples\isaac_teleop_to_so101\isaac_teleop\clutch.py,1.8814749717712402,1.8468800783157349,0.8271918892860413,7.420069694519043,2.6609928607940674,robot_devices,7.420069694519043
lerobot\src\lerobot\cameras\reachy2_camera\reachy2_camera.py,26.138141632080078,9.516603469848633,10.448894500732422,13.825459480285645,12.777445793151855,configs,26.138141632080078
lerobot\tests\processor\test_normalize_processor.py,20.804624557495117,31.988075256347656,24.733562469482422,81.8694076538086,12.178220748901367,robot_devices,81.8694076538086
lerobot\examples\port_datasets\slurm_aggregate_shards.py,9.387228965759277,92.16059112548828,4.430088520050049,3.0255229473114014,20.99689483642578,datasets,92.16059112548828
lerobot\src\lerobot\annotations\steerable_pipeline\modules\__init__.py,0.20826999843120575,0.20826999843120575,0.677686333656311,8.981289863586426,3.7681140899658203,robot_devices,8.981289863586426
lerobot\src\lerobot\annotations\__init__.py,0.20926597714424133,0.20926597714424133,0.0,9.024239540100098,0.20926597714424133,robot_devices,9.024239540100098
lerobot\tests\processor\test_observation_processor.py,19.048870086669922,12.297618865966797,15.577681541442871,3.2445688247680664,6.249940872192383,configs,19.048870086669922
lerobot\examples\port_datasets\port_droid.py,16.604427337646484,106.43022918701172,12.829384803771973,77.5298080444336,33.24048614501953,datasets,106.43022918701172
lerobot\tests\policies\molmoact2\test_molmoact2.py,37.57604217529297,34.956661224365234,81.5897445678711,37.60494613647461,30.08846092224121,policies,81.5897445678711
lerobot\tests\motors\test_feetech.py,3.0791664123535156,9.26034164428711,15.02810001373291,27.236675262451172,13.212966918945312,robot_devices,27.236675262451172
lerobot\src\lerobot\async_inference\configs.py,82.57735443115234,10.232170104980469,26.725488662719727,99.16877746582031,18.74822425842285,robot_devices,99.16877746582031
lerobot\tests\policies\groot\test_groot_lerobot.py,25.811603546142578,29.624425888061523,93.882568359375,55.514488220214844,11.790077209472656,policies,93.882568359375
lerobot\tests\processor\test_pipeline_from_pretrained_helpers.py,35.1705322265625,19.98680305480957,10.471588134765625,9.966525077819824,15.82936954498291,configs,35.1705322265625
lerobot\tests\utils\test_collate.py,0.24216733872890472,81.81379699707031,1.0,11.447919845581055,4.431945323944092,datasets,81.81379699707031
lerobot\tests\datasets\test_datasets.py,37.676368713378906,116.91527557373047,24.753528594970703,77.33171844482422,30.949434280395508,datasets,116.91527557373047
lerobot\tests\policies\rtc\test_action_interpolator.py,9.015893936157227,3.552957773208618,74.48570251464844,61.547367095947266,9.52131462097168,policies,74.48570251464844
lerobot\src\lerobot\cameras\realsense\configuration_realsense.py,11.694181442260742,6.8714189529418945,2.555884838104248,10.907453536987305,1.4341490268707275,configs,11.694181442260742
lerobot\tests\policies\wall_x\test_wallx.py,26.423200607299805,36.507659912109375,90.8934555053711,33.43013381958008,9.581488609313965,policies,90.8934555053711
lerobot\src\lerobot\cameras\utils.py,69.56038665771484,2.765270948410034,1.127563238143921,39.67619705200195,2.490952491760254,configs,69.56038665771484
lerobot\src\lerobot\datasets\lerobot_dataset.py,14.104366302490234,109.02428436279297,8.37228012084961,80.752685546875,33.901451110839844,datasets,109.02428436279297
lerobot\tests\rewards\test_modeling_topreward.py,26.023792266845703,12.979281425476074,14.397185325622559,35.35981369018555,18.682247161865234,robot_devices,35.35981369018555
lerobot\tests\fixtures\optimizers.py,18.47428321838379,0.8975114226341248,5.785347938537598,0.0,5.177942752838135,configs,18.47428321838379
lerobot\tests\robots\test_rebot_b601_follower.py,16.750198364257812,4.687581539154053,10.31096076965332,103.578857421875,11.183996200561523,robot_devices,103.578857421875
lerobot\examples\phone_to_so100\replay.py,17.860998153686523,33.05094528198242,1.843285083770752,62.76347351074219,6.520864009857178,robot_devices,62.76347351074219
lerobot\tests\utils\test_rerun_visualization.py,2.459303855895996,9.103903770446777,2.3012213706970215,18.552734375,12.361672401428223,robot_devices,18.552734375
lerobot\tests\motors\test_motors_bus.py,5.040050983428955,15.065749168395996,13.152603149414062,16.384552001953125,14.480074882507324,robot_devices,16.384552001953125
lerobot\tests\fixtures\hub.py,8.396427154541016,105.8892822265625,4.645951747894287,20.483732223510742,17.587181091308594,datasets,105.8892822265625
lerobot\src\lerobot\common\__init__.py,0.20893290638923645,0.20893290638923645,0.0,9.00987720489502,0.20893290638923645,robot_devices,9.00987720489502
lerobot\src\lerobot\cameras\opencv\camera_opencv.py,33.71186447143555,17.416980743408203,9.169793128967285,15.021658897399902,13.101949691772461,configs,33.71186447143555
lerobot\examples\so100_to_so100_EE\evaluate.py,26.52630043029785,45.044830322265625,24.633047103881836,100.39900970458984,16.196264266967773,robot_devices,100.39900970458984
lerobot\tests\rewards\test_modeling_classifier.py,22.11660385131836,4.058041095733643,14.21976375579834,33.62118911743164,5.892419815063477,robot_devices,33.62118911743164
lerobot\tests\processor\test_render_messages_processor.py,1.2373402118682861,85.55175018310547,0.0,8.936379432678223,5.006804943084717,datasets,85.55175018310547
lerobot\tests\motors\test_dynamixel.py,1.2680325508117676,8.299134254455566,16.186336517333984,25.90216636657715,11.841379165649414,robot_devices,25.90216636657715
lerobot\src\lerobot\datasets\aggregate.py,12.961864471435547,105.66397094726562,6.540267467498779,84.29177856445312,20.8065185546875,datasets,105.66397094726562
lerobot\examples\port_datasets\slurm_upload.py,19.021392822265625,108.7921371459961,14.892868995666504,23.632089614868164,30.873764038085938,datasets,108.7921371459961
lerobot\tests\jobs\test_job_config.py,21.27981948852539,30.679166793823242,16.929841995239258,8.309013366699219,4.3394880294799805,datasets,30.679166793823242
lerobot\tests\policies\pi0_pi05\openpi_pytorch\pi0_pytorch.py,25.197471618652344,12.164691925048828,70.57146453857422,33.34770965576172,13.399773597717285,policies,70.57146453857422
lerobot\tests\datasets\test_dataset_utils.py,64.97339630126953,96.5301513671875,4.659342288970947,52.06237030029297,13.226449966430664,datasets,96.5301513671875
lerobot\tests\utils\test_train_utils.py,24.414127349853516,10.322161674499512,22.7124080657959,11.943085670471191,13.563241004943848,configs,24.414127349853516
lerobot\src\lerobot\configs\train.py,89.51091003417969,48.26294708251953,35.49248123168945,24.625370025634766,29.691959381103516,configs,89.51091003417969
lerobot\examples\backward_compatibility\replay.py,20.00017547607422,35.65397262573242,4.317798137664795,73.00395965576172,9.958368301391602,robot_devices,73.00395965576172
lerobot\examples\omx\reset_environment.py,7.615788459777832,7.7784013748168945,8.045998573303223,64.7948989868164,13.087666511535645,robot_devices,64.7948989868164
lerobot\examples\lekiwi\rollout.py,24.214519500732422,4.639223575592041,22.716251373291016,56.35626220703125,5.517817497253418,robot_devices,56.35626220703125
lerobot\tests\mocks\mock_motors_bus.py,2.492473602294922,10.186117172241211,12.180802345275879,15.286842346191406,8.164755821228027,robot_devices,15.286842346191406
lerobot\src\lerobot\annotations\steerable_pipeline\modules\plan_subtasks_memory.py,27.309206008911133,24.701208114624023,8.098974227905273,58.566383361816406,26.712709426879883,robot_devices,58.566383361816406
lerobot\src\lerobot\datasets\io_utils.py,10.87619686126709,109.82390594482422,9.252899169921875,10.208467483520508,26.336774826049805,datasets,109.82390594482422
lerobot\src\lerobot\configs\rewards.py,80.23249053955078,19.02875328063965,20.101125717163086,44.85758590698242,21.25835418701172,configs,80.23249053955078
lerobot\tests\jobs\__init__.py,0.20943289995193481,0.20943289995193481,0.0,0.0,0.20943289995193481,configs,0.20943289995193481
lerobot\tests\datasets\test_image_transforms.py,27.189355850219727,80.70679473876953,5.895317554473877,8.559563636779785,18.923986434936523,datasets,80.70679473876953
lerobot\tests\policies\fastwam\test_fastwam_policy.py,31.671506881713867,41.62879180908203,96.05052185058594,80.0157470703125,19.323827743530273,policies,96.05052185058594
lerobot\tests\rl\test_queue.py,4.773517608642578,80.77964782714844,0.0,7.397050857543945,4.409506797790527,datasets,80.77964782714844
lerobot\tests\processor\test_pi05_processor.py,23.828950881958008,36.732505798339844,17.606767654418945,43.39674758911133,7.182662010192871,robot_devices,43.39674758911133
lerobot\examples\tutorial\async-inf\robot_client.py,8.74348258972168,4.293205261230469,17.371809005737305,93.63247680664062,7.450558662414551,robot_devices,93.63247680664062
lerobot\tests\scripts\test_edit_dataset_parsing.py,22.12187957763672,89.77999877929688,0.802916944026947,7.6291351318359375,6.915248394012451,datasets,89.77999877929688
lerobot\tests\policies\eo1\test_eo1.py,26.39790916442871,6.511027812957764,104.9771957397461,40.29254150390625,11.589591026306152,policies,104.9771957397461
lerobot\tests\datasets\test_dataset_reader.py,4.1768598556518555,105.8868408203125,2.134247064590454,30.761581420898438,12.163824081420898,datasets,105.8868408203125
lerobot\tests\utils\test_keyboard_input.py,10.22446346282959,5.357221603393555,1.125781536102295,12.589640617370605,10.970100402832031,robot_devices,12.589640617370605
lerobot\tests\policies\pi0_pi05\openpi_pytorch\preprocessing_pytorch.py,6.380183696746826,8.789835929870605,76.3082275390625,39.63508605957031,11.76928424835205,policies,76.3082275390625
lerobot\examples\isaac_teleop_to_so101\teleoperate.py,5.016298770904541,6.271181106567383,3.816899061203003,92.44526672363281,8.131263732910156,robot_devices,92.44526672363281
lerobot\src\lerobot\datasets\sampler.py,4.159516334533691,85.73670196533203,2.117293357849121,8.055431365966797,10.091901779174805,datasets,85.73670196533203
lerobot\tests\policies\rtc\test_latency_tracker.py,1.724073886871338,2.6474390029907227,68.43616485595703,1.4582639932632446,4.821048736572266,policies,68.43616485595703
lerobot\tests\rewards\test_robometer_processor.py,20.83193588256836,14.047124862670898,21.012834548950195,1.6520549058914185,12.742466926574707,policies,21.012834548950195
lerobot\src\lerobot\annotations\steerable_pipeline\__init__.py,0.20826999843120575,0.20826999843120575,0.0,8.981289863586426,0.20826999843120575,robot_devices,8.981289863586426
lerobot\tests\fixtures\constants.py,6.220589637756348,9.396224021911621,5.738100528717041,66.79790496826172,10.602429389953613,robot_devices,66.79790496826172
lerobot\tests\policies\groot\test_groot_training_optim_contract.py,25.153499603271484,6.797706604003906,81.59336853027344,14.062653541564941,14.492599487304688,policies,81.59336853027344
