file_path,dsp,feature,filter_bank,general,best_module,best_likelihood
include\dsp\resample_algorithm.h,95.00,0.00,0.00,5.00,dsp,95.00
include\dsp\xcorr_algorithm.h,90.00,5.00,0.00,5.00,dsp,90.00
include\dsp\czt_algorithm.h,90.00,0.00,0.00,10.00,dsp,90.00
include\feature\xxcc_algorithm.h,5.00,95.00,3.00,2.00,feature,95.00
include\feature\deconv_algorithm.h,10.00,95.00,0.00,5.00,feature,95.00
include\feature\chroma_algorithm.h,5.00,95.00,10.00,3.00,feature,95.00
include\feature\spectral_algorithm.h,10.00,95.00,0.00,5.00,feature,95.00
include\filterbank\auditory_weight.h,15.00,5.00,95.00,5.00,filter_bank,95.00
include\mir\harmonicRatio_algorithm.h,10.00,90.00,0.00,5.00,feature,90.00
include\mir\_pitch_yin.h,90.00,5.00,0.00,5.00,dsp,90.00
include\mir\hpss_algorithm.h,90.00,5.00,0.00,5.00,dsp,90.00
include\mir\onset_algorithm.h,10.00,75.00,0.00,15.00,feature,75.00
include\util\flux_wave.h,5.00,0.00,0.00,95.00,general,95.00
include\util\flux_util.h,10.00,5.00,0.00,95.00,general,95.00
include\hht_algorithm.h,90.00,0.00,0.00,10.00,dsp,90.00
include\emd_algorithm.h,90.00,0.00,0.00,10.00,dsp,90.00
include\dwt_algorithm.h,90.00,5.00,2.00,3.00,dsp,90.00
include\fst_algorithm.h,90.00,2.00,1.00,7.00,dsp,90.00
include\cwt_algorithm.h,92.00,2.00,3.00,3.00,dsp,92.00
include\ewt_algorithm.h,90.00,0.00,0.00,10.00,dsp,90.00
include\reassign_algorithm.h,10.00,0.00,0.00,90.00,general,90.00
include\cqt_algorithm.h,10.00,85.00,5.00,20.00,feature,85.00
include\cwd_algorithm.h,90.00,0.00,0.00,10.00,dsp,90.00
include\nsgt_algorithm.h,90.00,0.00,10.00,30.00,dsp,90.00
include\flux_base.h,85.00,5.00,20.00,40.00,dsp,85.00
include\pwt_algorithm.h,90.00,0.00,5.00,5.00,dsp,90.00
include\temporal_algorithm.h,5.00,95.00,0.00,10.00,feature,95.00
include\wpt_algorithm.h,95.00,2.00,1.00,2.00,dsp,95.00
include\wvd_algorithm.h,90.00,0.00,0.00,10.00,dsp,90.00
include\swt_algorithm.h,85.00,5.00,0.00,10.00,dsp,85.00
include\spectrogram_algorithm.h,15.00,90.00,5.00,30.00,feature,90.00
include\st_algorithm.h,90.00,0.00,0.00,10.00,dsp,90.00
include\synsq_algorithm.h,10.00,0.00,5.00,95.00,general,95.00
include\wsst_algorithm.h,15.00,0.00,0.00,85.00,general,85.00
src\dsp\czt_algorithm.c,95.00,0.00,0.00,5.00,dsp,95.00
src\dsp\filterDesign_fir.h,95.00,0.00,3.00,2.00,dsp,95.00
src\dsp\fft_algorithm.c,95.00,0.00,0.00,5.00,dsp,95.00
src\dsp\dft_algorithm.c,95.00,0.00,0.00,5.00,dsp,95.00
src\dsp\filterDesign_fir.c,98.00,0.00,2.00,0.00,dsp,98.00
src\dsp\conv_algorithm.h,95.00,20.00,5.00,30.00,dsp,95.00
src\dsp\dct_algorithm.h,95.00,3.00,0.00,2.00,dsp,95.00
src\dsp\czt_algorithm.h,95.00,0.00,0.00,5.00,dsp,95.00
src\dsp\conv_algorithm.c,95.00,2.00,1.00,2.00,dsp,95.00
src\dsp\fft_algorithm.h,95.00,2.00,1.00,2.00,dsp,95.00
src\dsp\dct_algorithm.c,95.00,2.00,1.00,2.00,dsp,95.00
src\dsp\dft_algorithm.h,95.00,0.00,0.00,5.00,dsp,95.00
src\dsp\filterDesign_iir.c,25.00,25.00,25.00,25.00,None,25.00
src\dsp\filterDesign_iir.h,90.00,5.00,10.00,5.00,dsp,90.00
src\dsp\filterDesign_freqz.c,95.00,0.00,3.00,2.00,dsp,95.00
src\dsp\filterDesign_freqz.h,90.00,0.00,5.00,5.00,dsp,90.00
src\dsp\resample_algorithm.c,95.00,0.00,0.00,5.00,dsp,95.00
src\dsp\flux_correct.h,90.00,0.00,0.00,10.00,dsp,90.00
src\dsp\flux_correct.c,95.00,2.00,1.00,2.00,dsp,95.00
src\dsp\flux_window.c,95.00,0.00,0.00,5.00,dsp,95.00
src\dsp\flux_window.h,95.00,0.00,0.00,5.00,dsp,95.00
src\dsp\hilbert_algorithm.c,95.00,0.00,0.00,5.00,dsp,95.00
src\dsp\resample_algorithm.h,95.00,0.00,0.00,5.00,dsp,95.00
src\dsp\hilbert_algorithm.h,95.00,1.00,1.00,3.00,dsp,95.00
src\dsp\xcorr_algorithm.c,95.00,0.00,0.00,5.00,dsp,95.00
src\dsp\xcorr_algorithm.h,90.00,5.00,2.00,3.00,dsp,90.00
src\feature\xxcc_algorithm.c,10.00,95.00,0.00,5.00,feature,95.00
src\feature\xxcc_algorithm.h,5.00,95.00,0.00,10.00,feature,95.00
src\feature\spectral_algorithm.h,10.00,95.00,0.00,5.00,feature,95.00
src\feature\deconv_algorithm.h,10.00,95.00,0.00,5.00,feature,95.00
src\feature\deconv_algorithm.c,15.00,90.00,0.00,5.00,feature,90.00
src\feature\spectral_algorithm.c,10.00,95.00,0.00,5.00,feature,95.00
src\filterbank\coef\__coef_r.h,95.00,0.00,5.00,0.00,dsp,95.00
src\filterbank\coef\__coef_d.h,90.00,3.00,5.00,2.00,dsp,90.00
src\filterbank\dwt_filterCoef.c,92.00,2.00,3.00,3.00,dsp,92.00
src\filterbank\cqt_filterBank.c,10.00,0.00,95.00,5.00,filter_bank,95.00
src\filterbank\dwt_filterCoef.h,90.00,3.00,5.00,2.00,dsp,90.00
src\filterbank\chroma_filterBank.h,10.00,5.00,98.00,2.00,filter_bank,98.00
src\filterbank\cqt_filterBank.h,10.00,0.00,98.00,2.00,filter_bank,98.00
src\filterbank\chroma_filterBank.c,10.00,0.00,98.00,2.00,filter_bank,98.00
src\filterbank\cwt_filterBank.h,10.00,0.00,95.00,5.00,filter_bank,95.00
src\filterbank\auditory_weight.h,10.00,5.00,95.00,10.00,filter_bank,95.00
src\filterbank\cwt_filterBank.c,10.00,0.00,95.00,5.00,filter_bank,95.00
src\filterbank\auditory_filterBank.c,10.00,0.00,98.00,2.00,filter_bank,98.00
src\filterbank\auditory_weight.c,10.00,5.00,95.00,3.00,filter_bank,95.00
src\filterbank\auditory_filterBank.h,10.00,5.00,95.00,0.00,filter_bank,95.00
src\filterbank\nsgt_filterBank.h,10.00,0.00,95.00,5.00,filter_bank,95.00
src\filterbank\nsgt_filterBank.c,5.00,0.00,95.00,0.00,filter_bank,95.00
src\mir\_pitch_yin.h,95.00,4.00,0.00,1.00,dsp,95.00
src\mir\harmonicRatio_algorithm.h,10.00,95.00,0.00,5.00,feature,95.00
src\mir\_pitch_stft.c,10.00,85.00,0.00,5.00,feature,85.00
src\mir\hpss_algorithm.c,95.00,2.00,1.00,2.00,dsp,95.00
src\mir\harmonicRatio_algorithm.c,15.00,90.00,0.00,5.00,feature,90.00
src\mir\_pitch_yin.c,15.00,85.00,0.00,5.00,feature,85.00
src\mir\onset_algorithm.h,85.00,10.00,0.00,5.00,dsp,85.00
src\mir\_pitch_stft.h,85.00,8.00,0.00,7.00,dsp,85.00
src\mir\onset_algorithm.c,10.00,90.00,5.00,5.00,feature,90.00
src\util\flux_wave.h,0.00,0.00,0.00,100.00,general,100.00
src\util\flux_wave.c,5.00,0.00,0.00,95.00,general,95.00
src\util\flux_util.h,10.00,5.00,0.00,95.00,general,95.00
src\util\flux_util.c,10.00,0.00,0.00,95.00,general,95.00
src\flux_temporal.c,10.00,85.00,0.00,5.00,feature,85.00
src\cqt_algorithm.c,10.00,85.00,5.00,0.00,feature,85.00
src\cwt_algorithm.h,90.00,0.00,0.00,10.00,dsp,90.00
src\dwt_algorithm.c,90.00,0.00,8.00,2.00,dsp,90.00
src\bft_algorithm.c,85.00,0.00,5.00,10.00,dsp,85.00
src\flux_spectral.h,5.00,95.00,0.00,0.00,feature,95.00
src\cwt_algorithm.c,75.00,5.00,10.00,10.00,dsp,75.00
src\dwt_algorithm.h,90.00,0.00,0.00,10.00,dsp,90.00
src\flux_spectral.c,10.00,95.00,0.00,5.00,feature,95.00
src\flux_base.h,85.00,5.00,8.00,2.00,dsp,85.00
src\cqt_algorithm.h,15.00,70.00,10.00,5.00,feature,70.00
src\bft_algorithm.h,90.00,0.00,5.00,5.00,dsp,90.00
src\reassign_algorithm.c,15.00,0.00,0.00,85.00,general,85.00
src\flux_temporal.h,5.00,95.00,0.00,10.00,feature,95.00
src\fst_algorithm.h,90.00,0.00,0.00,10.00,dsp,90.00
src\fst_algorithm.c,10.00,5.00,0.00,85.00,general,85.00
src\nsgt_algorithm.c,10.00,0.00,20.00,90.00,general,90.00
src\reassign_algorithm.h,10.00,0.00,0.00,90.00,general,90.00
src\nsgt_algorithm.h,15.00,0.00,10.00,75.00,general,75.00
src\pwt_algorithm.c,85.00,0.00,10.00,5.00,dsp,85.00
src\pwt_algorithm.h,75.00,0.00,10.00,15.00,dsp,75.00
src\spectrogram_algorithm.h,10.00,85.00,5.00,0.00,feature,85.00
src\stft_algorithm.c,95.00,0.00,0.00,5.00,dsp,95.00
src\spectrogram_algorithm.c,15.00,30.00,5.00,80.00,general,80.00
src\st_algorithm.h,90.00,0.00,0.00,10.00,dsp,90.00
src\stft_algorithm.h,95.00,0.00,0.00,5.00,dsp,95.00
src\swt_algorithm.c,90.00,0.00,8.00,2.00,dsp,90.00
src\st_algorithm.c,95.00,2.00,1.00,2.00,dsp,95.00
src\temporal_algorithm.c,10.00,100.00,0.00,5.00,feature,100.00
src\swt_algorithm.h,90.00,0.00,0.00,10.00,dsp,90.00
src\synsq_algorithm.h,10.00,0.00,0.00,95.00,general,95.00
src\synsq_algorithm.c,15.00,0.00,5.00,80.00,general,80.00
src\wpt_algorithm.h,90.00,2.00,3.00,5.00,dsp,90.00
src\temporal_algorithm.h,10.00,95.00,0.00,5.00,feature,95.00
src\wpt_algorithm.c,85.00,0.00,10.00,5.00,dsp,85.00
src\wsst_algorithm.c,20.00,0.00,0.00,95.00,general,95.00
src\wsst_algorithm.h,10.00,5.00,10.00,75.00,general,75.00
