file_path,Facade,FileStorage,MediaManagement,Packaging,TagWatermarking,UserDBAdapter,UserManagement,best_module,best_likelihood
mediastore\Implementation\mediastore.basic\src\edu\kit\ipd\sdq\mediastore\basic\interfaces\IMediaAccessMaintenance.java,1.0028026103973389,0.0,0.0,0.0,0.0,0.14707858860492706,0.0,Facade,1.0028026103973389
mediastore\Implementation\mediastore.basic\src\edu\kit\ipd\sdq\mediastore\basic\interfaces\IUserManagementRemote.java,1.0028477907180786,0.0,0.0,0.0,0.0,0.14877822995185852,60.30615997314453,UserManagement,60.30615997314453
mediastore\Implementation\mediastore.basic\src\edu\kit\ipd\sdq\mediastore\basic\interfaces\IDownload.java,5.66811990737915,8.391655921936035,4.665393352508545,4.665393352508545,2.7391533851623535,1.144195795059204,0.0,FileStorage,8.391655921936035
mediastore\Implementation\mediastore.basic\src\edu\kit\ipd\sdq\mediastore\basic\interfaces\IDownloadAudioWatermarkingLocal.java,1.0028477907180786,2.059615135192871,0.0,0.0,0.0,0.14877822995185852,0.0,FileStorage,2.059615135192871
mediastore\Implementation\mediastore.ejb.tagwatermarking\src\edu\kit\ipd\sdq\mediastore\ejb\tagwatermarking\TagWatermarkingImpl.java,7.948945999145508,13.001165390014648,9.836787223815918,8.12228012084961,133.39405822753906,1.0,0.6127310991287231,TagWatermarking,133.39405822753906
mediastore\Implementation\mediastore.basic\src\edu\kit\ipd\sdq\mediastore\basic\interfaces\IMediaManagementRemote.java,1.0028477907180786,0.0,60.61542510986328,0.0,0.0,0.14877822995185852,0.0,MediaManagement,60.61542510986328
mediastore\Implementation\mediastore.ejb.audiowatermarking\src\edu\kit\ipd\sdq\mediastore\ejb\audiowatermarking\AudioWatermarkingImpl.java,9.766301155090332,20.931615829467773,10.640972137451172,13.788556098937988,8.56919002532959,3.5353963375091553,0.8644874095916748,FileStorage,20.931615829467773
mediastore\Implementation\mediastore.basic\src\edu\kit\ipd\sdq\mediastore\basic\interfaces\IDownloadMediaAccessRemote.java,1.0028477907180786,0.0,0.0,0.0,0.0,0.14877822995185852,0.0,Facade,1.0028477907180786
mediastore\Implementation\mediastore.web\src\edu\kit\ipd\sdq\mediastore\web\beans\UploadBean.java,131.39088439941406,19.53441047668457,8.817242622375488,10.810311317443848,5.170615196228027,2.6397407054901123,3.3736557960510254,Facade,131.39088439941406
mediastore\Implementation\mediastore.basic\src\edu\kit\ipd\sdq\mediastore\basic\exceptions\DbException.java,1.0027480125427246,0.0,0.0,0.0,0.0,0.1450078785419464,0.0,Facade,1.0027480125427246
mediastore\Implementation\mediastore.basic\src\edu\kit\ipd\sdq\mediastore\basic\exceptions\PropertiesException.java,1.0027587413787842,0.0,0.0,0.0,0.0,0.14541734755039215,0.0,Facade,1.0027587413787842
mediastore\Implementation\mediastore.basic\src\edu\kit\ipd\sdq\mediastore\basic\data\UserRegData.java,1.0024020671844482,0.0,1.0,0.0,0.0,3.589221954345703,2.7190394401550293,UserDBAdapter,3.589221954345703
mediastore\Implementation\mediastore.basic\src\edu\kit\ipd\sdq\mediastore\basic\exceptions\UnknownServerException.java,1.0028138160705566,2.9482057094573975,0.0,0.0,0.0,0.14749984443187714,0.0,FileStorage,2.9482057094573975
mediastore\Implementation\mediastore.basic\src\edu\kit\ipd\sdq\mediastore\basic\interfaces\IDownloadCacheRemote.java,1.0028477907180786,0.0,0.0,0.0,0.0,0.14877822995185852,0.0,Facade,1.0028477907180786
mediastore\Implementation\mediastore.ejb.mediaaccess\src\edu\kit\ipd\sdq\mediastore\ejb\mediaaccess\DbManager.java,8.925442695617676,16.96729278564453,8.154386520385742,10.834057807922363,7.655328273773193,2.575805187225342,1.7162750959396362,FileStorage,16.96729278564453
mediastore\Implementation\mediastore.basic\src\edu\kit\ipd\sdq\mediastore\basic\interfaces\IDownloadMediaAccess.java,2.2110612392425537,1.2082020044326782,1.2082020044326782,1.2082020044326782,0.0,0.14920929074287415,0.0,Facade,2.2110612392425537
mediastore\Implementation\mediastore.basic\src\edu\kit\ipd\sdq\mediastore\basic\exceptions\UserAlreadyExistsException.java,3.252460241317749,0.0,2.499793529510498,1.124845266342163,0.0,3.770468235015869,2.499793529510498,UserDBAdapter,3.770468235015869
mediastore\Implementation\mediastore.ejb.packaging\src\edu\kit\ipd\sdq\mediastore\ejb\packaging\PackagingImpl.java,4.598690986633301,10.577839851379395,4.659239292144775,114.42244720458984,3.378587007522583,0.3942883014678955,0.43248552083969116,Packaging,114.42244720458984
mediastore\Implementation\mediastore.basic\src\edu\kit\ipd\sdq\mediastore\basic\interfaces\IDownloadTagWatermarking.java,2.2110612392425537,1.2082020044326782,1.2082020044326782,1.2082020044326782,0.0,0.14920929074287415,0.0,Facade,2.2110612392425537
mediastore\Implementation\mediastore.basic\src\edu\kit\ipd\sdq\mediastore\basic\interfaces\IPackaging.java,2.002791404724121,5.5688557624816895,1.0,70.33529663085938,2.5688557624816895,0.1466597318649292,0.0,Packaging,70.33529663085938
mediastore\Implementation\mediastore.basic\src\edu\kit\ipd\sdq\mediastore\basic\interfaces\IBusinessInterface.java,1.002859354019165,0.0,0.0,0.0,0.0,0.14920929074287415,0.0,Facade,1.002859354019165
mediastore\Implementation\mediastore.basic\src\edu\kit\ipd\sdq\mediastore\basic\config\GlobalConstantsContainer.java,2.4881885051727295,6.709600448608398,1.8664538860321045,4.110756874084473,2.244302749633789,0.12257373332977295,0.0,FileStorage,6.709600448608398
mediastore\Implementation\mediastore.basic\src\edu\kit\ipd\sdq\mediastore\basic\exceptions\FailedDownloadException.java,2.0027804374694824,4.0,1.0,2.0,2.0,0.14624324440956116,0.0,FileStorage,4.0
mediastore\Implementation\mediastore.basic\src\edu\kit\ipd\sdq\mediastore\basic\interfaces\IMediaAccessMaintenanceLocal.java,1.0028477907180786,2.059615135192871,0.0,0.0,0.0,0.14877822995185852,0.0,FileStorage,2.059615135192871
mediastore\Implementation\mediastore.basic\src\edu\kit\ipd\sdq\mediastore\basic\interfaces\ICacheMaintenanceRemote.java,1.0028477907180786,0.0,0.0,0.0,0.0,0.14877822995185852,0.0,Facade,1.0028477907180786
mediastore\Implementation\mediastore.ejb.mediaaccess\src\edu\kit\ipd\sdq\mediastore\ejb\mediaaccess\MediaAccessImpl.java,10.85715389251709,20.89765739440918,9.646478652954102,12.484272003173828,7.006545066833496,1.437319278717041,0.47968506813049316,FileStorage,20.89765739440918
mediastore\Implementation\mediastore.basic\src\edu\kit\ipd\sdq\mediastore\basic\interfaces\IDownloadMediaAccessLocal.java,1.0028477907180786,2.059615135192871,0.0,0.0,0.0,0.14877822995185852,0.0,FileStorage,2.059615135192871
mediastore\Implementation\mediastore.basic\src\edu\kit\ipd\sdq\mediastore\basic\interfaces\IMediaManagementLocal.java,1.0028477907180786,2.059615135192871,60.61542510986328,0.0,0.0,0.14877822995185852,0.0,MediaManagement,60.61542510986328
mediastore\Implementation\mediastore.ejb.audiowatermarking\src\edu\kit\ipd\sdq\mediastore\ejb\audiowatermarking\WavFileException.java,2.7767751216888428,2.0,1.0,1.0,1.0,0.0,0.0,Facade,2.7767751216888428
mediastore\Implementation\mediastore.basic\src\edu\kit\ipd\sdq\mediastore\basic\data\AudioFileInfo.java,4.415780544281006,7.192614555358887,1.0,2.6684813499450684,2.6684813499450684,2.2958924770355225,0.0,FileStorage,7.192614555358887
mediastore\Implementation\mediastore.basic\src\edu\kit\ipd\sdq\mediastore\basic\interfaces\IDownloadAudioWatermarkingRemote.java,1.0028477907180786,0.0,0.0,0.0,0.0,0.14877822995185852,0.0,Facade,1.0028477907180786
mediastore\Implementation\mediastore.basic\src\edu\kit\ipd\sdq\mediastore\basic\config\Main.java,149.25917053222656,7.802037239074707,183.7727813720703,168.98968505859375,121.5031967163086,179.90696716308594,174.66021728515625,MediaManagement,183.7727813720703
mediastore\Implementation\mediastore.basic\src\edu\kit\ipd\sdq\mediastore\basic\config\EJB.java,2.1508471965789795,1.0,0.0,1.0,0.0,2.1046411991119385,1.9560223817825317,Facade,2.1508471965789795
mediastore\Implementation\mediastore.basic\src\edu\kit\ipd\sdq\mediastore\basic\BaseEJB.java,2.567633867263794,2.9252872467041016,0.0,0.27431076765060425,0.27431076765060425,1.1081576347351074,2.4806888103485107,FileStorage,2.9252872467041016
mediastore\Implementation\mediastore.basic\src\edu\kit\ipd\sdq\mediastore\basic\interfaces\IFacadeRemote.java,46.792415618896484,0.0,0.0,0.0,0.0,0.14877822995185852,0.0,Facade,46.792415618896484
mediastore\Implementation\mediastore.basic\src\edu\kit\ipd\sdq\mediastore\basic\interfaces\IPackagingRemote.java,1.0028477907180786,0.0,0.0,57.728973388671875,0.0,0.14877822995185852,0.0,Packaging,57.728973388671875
mediastore\Implementation\mediastore.basic\src\edu\kit\ipd\sdq\mediastore\basic\interfaces\IMediaAccessRemote.java,1.0028477907180786,0.0,0.0,0.0,0.0,0.14877822995185852,0.0,Facade,1.0028477907180786
mediastore\Implementation\mediastore.ejb.reencoder\src\edu\kit\ipd\sdq\mediastore\ejb\reencoder\ReEncoderImpl.java,10.107684135437012,19.147491455078125,8.989453315734863,11.007575988769531,7.675765514373779,2.3212060928344727,0.0,FileStorage,19.147491455078125
mediastore\Implementation\mediastore.basic\src\edu\kit\ipd\sdq\mediastore\basic\data\AudioFile.java,3.955256462097168,6.138274669647217,1.0,2.443589687347412,2.443589687347412,2.3546876907348633,0.0,FileStorage,6.138274669647217
mediastore\Implementation\mediastore.ejb.facade\src\edu\kit\ipd\sdq\mediastore\ejb\facade\FacadeImpl.java,107.60503387451172,14.061630249023438,186.67169189453125,8.47075366973877,5.157289505004883,3.0880558490753174,161.29901123046875,MediaManagement,186.67169189453125
mediastore\Implementation\mediastore.basic\src\edu\kit\ipd\sdq\mediastore\basic\interfaces\IMediaManagement.java,7.348094940185547,12.067394256591797,72.3011474609375,6.470562934875488,4.572204113006592,1.1406514644622803,0.0,MediaManagement,72.3011474609375
mediastore\Implementation\mediastore.basic\src\edu\kit\ipd\sdq\mediastore\basic\interfaces\ICacheMaintenance.java,1.0028477907180786,0.0,0.0,0.0,0.0,0.14877822995185852,0.0,Facade,1.0028477907180786
mediastore\Implementation\mediastore.ejb.userdbadapter\src\edu\kit\ipd\sdq\mediastore\ejb\userdbadapter\UserDBAdapterImpl.java,1.7861212491989136,0.0,1.0,0.0,0.0,123.79417419433594,2.349100112915039,UserDBAdapter,123.79417419433594
mediastore\Implementation\mediastore.basic\src\edu\kit\ipd\sdq\mediastore\basic\interfaces\IUserDBAdapterLocal.java,1.0028477907180786,2.059615135192871,0.0,0.0,0.0,64.35224151611328,0.0,UserDBAdapter,64.35224151611328
mediastore\Implementation\mediastore.basic\src\edu\kit\ipd\sdq\mediastore\basic\interfaces\IDownloadReEncoder.java,2.2110612392425537,1.2082020044326782,1.2082020044326782,1.2082020044326782,0.0,0.14920929074287415,0.0,Facade,2.2110612392425537
mediastore\Implementation\mediastore.basic\src\edu\kit\ipd\sdq\mediastore\basic\interfaces\IMediaAccessLocal.java,1.0028477907180786,2.059615135192871,0.0,0.0,0.0,0.14877822995185852,0.0,FileStorage,2.059615135192871
mediastore\Implementation\mediastore.basic\src\edu\kit\ipd\sdq\mediastore\basic\utils\PropertiesUtil.java,1.4975676536560059,0.0,0.0,0.0,0.0,0.134060800075531,0.8219377994537354,Facade,1.4975676536560059
mediastore\Implementation\mediastore.basic\src\edu\kit\ipd\sdq\mediastore\basic\interfaces\IFacadeLocal.java,46.792415618896484,2.059615135192871,0.0,0.0,0.0,0.14877822995185852,0.0,Facade,46.792415618896484
mediastore\Implementation\mediastore.basic\src\edu\kit\ipd\sdq\mediastore\basic\config\RequiredInterface.java,2.998782157897949,0.0,0.0,0.0,0.0,3.1338675022125244,0.0,UserDBAdapter,3.1338675022125244
mediastore\Implementation\mediastore.ejb.userdbadapter\src\edu\kit\ipd\sdq\mediastore\ejb\userdbadapter\DbManager.java,10.37228775024414,0.39553359150886536,4.353705883026123,4.249425411224365,0.3933866620063782,117.94699096679688,5.191771984100342,UserDBAdapter,117.94699096679688
mediastore\Implementation\mediastore.basic\src\edu\kit\ipd\sdq\mediastore\basic\data\FileContentRemote.java,1.0027267932891846,2.5922484397888184,0.0,1.0,1.0,2.799168109893799,0.0,UserDBAdapter,2.799168109893799
mediastore\Implementation\mediastore.basic\src\edu\kit\ipd\sdq\mediastore\basic\interfaces\ICacheMaintenanceLocal.java,1.0028477907180786,2.059615135192871,0.0,0.0,0.0,0.14877822995185852,0.0,FileStorage,2.059615135192871
mediastore\Implementation\mediastore.basic\src\edu\kit\ipd\sdq\mediastore\basic\exceptions\BadLoginDataException.java,1.0028026103973389,0.0,0.7645344734191895,0.0,0.0,0.9116130471229553,1.8100504875183105,UserManagement,1.8100504875183105
mediastore\Implementation\mediastore.basic\src\edu\kit\ipd\sdq\mediastore\basic\interfaces\IDownloadReEncoderLocal.java,1.0028477907180786,2.059615135192871,0.0,0.0,0.0,0.14877822995185852,0.0,FileStorage,2.059615135192871
mediastore\Implementation\mediastore.basic\src\edu\kit\ipd\sdq\mediastore\basic\data\CurrentUser.java,1.0023384094238281,0.0,0.0,0.0,0.0,2.5479660034179688,0.0,UserDBAdapter,2.5479660034179688
mediastore\Implementation\mediastore.basic\src\edu\kit\ipd\sdq\mediastore\basic\interfaces\IMediaAccess.java,5.315482139587402,9.041236877441406,2.468916893005371,4.448194980621338,3.5408730506896973,0.14582912623882294,0.0,FileStorage,9.041236877441406
mediastore\Implementation\mediastore.web\src\edu\kit\ipd\sdq\mediastore\web\beans\SessionBean.java,4.163815021514893,0.0,0.0,0.0,0.0,0.0,0.0,Facade,4.163815021514893
mediastore\Implementation\mediastore.basic\src\edu\kit\ipd\sdq\mediastore\basic\interfaces\IDownloadReEncoderRemote.java,1.0028477907180786,0.0,0.0,0.0,0.0,0.14877822995185852,0.0,Facade,1.0028477907180786
mediastore\Implementation\mediastore.basic\src\edu\kit\ipd\sdq\mediastore\basic\config\ProvidedInterface.java,1.9003276824951172,0.0,0.0,0.0,0.0,0.14234915375709534,0.0,Facade,1.9003276824951172
mediastore\Implementation\mediastore.web\src\edu\kit\ipd\sdq\mediastore\web\beans\WebBeanManager.java,3.3554747104644775,0.7957889437675476,0.0,0.0,0.0,1.0,0.0,Facade,3.3554747104644775
mediastore\Implementation\mediastore.basic\src\edu\kit\ipd\sdq\mediastore\basic\data\FileContent.java,2.7865171432495117,9.685938835144043,3.568229913711548,5.15631628036499,2.1885340213775635,3.4264161586761475,0.6004478335380554,FileStorage,9.685938835144043
mediastore\Implementation\mediastore.ejb.audiowatermarking\src\edu\kit\ipd\sdq\mediastore\ejb\audiowatermarking\WavFile.java,4.524618148803711,9.996819496154785,3.0497279167175293,6.939529895782471,3.2575249671936035,3.415499210357666,0.6123241186141968,FileStorage,9.996819496154785
mediastore\Implementation\mediastore.basic\src\edu\kit\ipd\sdq\mediastore\basic\utils\LameUtil.java,2.2619311809539795,7.574577331542969,2.515695095062256,5.045135974884033,2.5294411182403564,0.10134638845920563,2.300598621368408,FileStorage,7.574577331542969
mediastore\Implementation\mediastore.basic\src\edu\kit\ipd\sdq\mediastore\basic\interfaces\IUserManagement.java,3.210164785385132,0.0,3.7105019092559814,1.1037137508392334,0.0,3.719932794570923,76.19623565673828,UserManagement,76.19623565673828
mediastore\Implementation\mediastore.basic\src\edu\kit\ipd\sdq\mediastore\basic\utils\JNDIUtil.java,1.4781625270843506,3.58768367767334,0.0,0.39205747842788696,0.39205747842788696,0.8602738380432129,0.0,FileStorage,3.58768367767334
mediastore\Implementation\mediastore.basic\src\edu\kit\ipd\sdq\mediastore\basic\interfaces\IMediaAccessMaintenanceRemote.java,1.0028477907180786,0.0,0.0,0.0,0.0,0.14877822995185852,0.0,Facade,1.0028477907180786
mediastore\Implementation\mediastore.basic\src\edu\kit\ipd\sdq\mediastore\basic\config\InterfaceDetails.java,1.8412597179412842,2.9025540351867676,0.0,0.0,0.0,0.13913142681121826,0.0,FileStorage,2.9025540351867676
mediastore\Implementation\mediastore.web\src\edu\kit\ipd\sdq\mediastore\web\beans\LoginBean.java,48.84878158569336,2.432291269302368,2.2934231758117676,0.0,0.0,1.0,5.823887825012207,Facade,48.84878158569336
mediastore\Implementation\mediastore.basic\src\edu\kit\ipd\sdq\mediastore\basic\utils\FSUtil.java,4.167089462280273,13.18100643157959,5.876212120056152,8.875943183898926,3.5730323791503906,1.6240135431289673,0.5733011960983276,FileStorage,13.18100643157959
mediastore\Implementation\mediastore.web\src\edu\kit\ipd\sdq\mediastore\web\filters\MainFilter.java,8.707871437072754,2.6030168533325195,5.196979522705078,1.9556623697280884,0.7237496376037598,3.863069534301758,4.791116714477539,Facade,8.707871437072754
mediastore\Implementation\mediastore.basic\src\edu\kit\ipd\sdq\mediastore\basic\interfaces\IUserManagementLocal.java,1.0028477907180786,2.059615135192871,0.0,0.0,0.0,0.14877822995185852,60.30615997314453,UserManagement,60.30615997314453
mediastore\Implementation\mediastore.basic\src\edu\kit\ipd\sdq\mediastore\basic\interfaces\IUserDBAdapter.java,3.224085807800293,0.0,2.480891704559326,1.1106688976287842,0.0,78.55262756347656,3.6622283458709717,UserDBAdapter,78.55262756347656
mediastore\Implementation\mediastore.ejb.mediaaccess\src\edu\kit\ipd\sdq\mediastore\ejb\mediaaccess\Audio.java,7.988641262054443,7.444593906402588,5.039729595184326,4.8198628425598145,3.722296953201294,6.777151584625244,1.9146382808685303,Facade,7.988641262054443
mediastore\Implementation\mediastore.basic\src\edu\kit\ipd\sdq\mediastore\basic\interfaces\IDownloadAudioWatermarking.java,2.2110612392425537,1.2082020044326782,1.2082020044326782,1.2082020044326782,0.0,0.14920929074287415,0.0,Facade,2.2110612392425537
mediastore\Implementation\mediastore.ejb.userdbadapter\src\edu\kit\ipd\sdq\mediastore\ejb\userdbadapter\User.java,5.6375885009765625,0.0,3.046515464782715,1.5348865985870361,0.0,113.30725860595703,4.65007209777832,UserDBAdapter,113.30725860595703
mediastore\Implementation\mediastore.basic\src\edu\kit\ipd\sdq\mediastore\basic\interfaces\IFacade.java,56.851585388183594,12.436568260192871,7.626340866088867,7.076790809631348,4.4314866065979,3.3252034187316895,5.568474292755127,Facade,56.851585388183594
mediastore\Implementation\mediastore.basic\src\edu\kit\ipd\sdq\mediastore\basic\config\Config.java,2.5605924129486084,5.704910755157471,1.5878188610076904,3.646364688873291,2.0585460662841797,1.970937728881836,1.0,FileStorage,5.704910755157471
mediastore\Implementation\mediastore.web\src\edu\kit\ipd\sdq\mediastore\web\beans\DownloadBean.java,125.30315399169922,22.41175651550293,11.044370651245117,12.789020538330078,7.600398063659668,2.8148353099823,2.669170379638672,Facade,125.30315399169922
mediastore\Implementation\mediastore.basic\src\edu\kit\ipd\sdq\mediastore\basic\interfaces\IPackagingLocal.java,1.0028477907180786,2.059615135192871,0.0,57.728973388671875,0.0,0.14877822995185852,0.0,Packaging,57.728973388671875
mediastore\Implementation\mediastore.ejb.mediamanagement\src\edu\kit\ipd\sdq\mediastore\ejb\mediamanagement\MediaManagementImpl.java,72.60405731201172,16.955089569091797,108.58152770996094,168.89822387695312,5.875491619110107,1.9792674779891968,1.028230905532837,Packaging,168.89822387695312
mediastore\Implementation\mediastore.web\src\edu\kit\ipd\sdq\mediastore\web\utils\MessageUtil.java,3.1083710193634033,0.0,0.0,0.0,0.0,0.0,0.0,Facade,3.1083710193634033
mediastore\Implementation\mediastore.basic\src\edu\kit\ipd\sdq\mediastore\basic\interfaces\IDownloadTagWatermarkingRemote.java,1.0028477907180786,0.0,0.0,0.0,0.0,0.14877822995185852,0.0,Facade,1.0028477907180786
mediastore\Implementation\mediastore.basic\src\edu\kit\ipd\sdq\mediastore\basic\interfaces\IDownloadCacheLocal.java,1.0028477907180786,2.059615135192871,0.0,0.0,0.0,0.14877822995185852,0.0,FileStorage,2.059615135192871
mediastore\Implementation\mediastore.basic\src\edu\kit\ipd\sdq\mediastore\basic\exceptions\FailedUploadException.java,4.424985408782959,11.009713172912598,4.023705005645752,6.21358585357666,4.428764343261719,0.14460071921348572,0.0,FileStorage,11.009713172912598
mediastore\Implementation\mediastore.basic\src\edu\kit\ipd\sdq\mediastore\basic\interfaces\IDownloadCache.java,2.2110612392425537,1.2082020044326782,1.2082020044326782,1.2082020044326782,0.0,0.14920929074287415,0.0,Facade,2.2110612392425537
mediastore\Implementation\mediastore.web\src\edu\kit\ipd\sdq\mediastore\web\utils\SessionUtil.java,7.542497634887695,0.0,0.0,0.0,0.0,0.0,0.0,Facade,7.542497634887695
mediastore\Implementation\mediastore.basic\src\edu\kit\ipd\sdq\mediastore\basic\interfaces\IUserDBAdapterRemote.java,1.0028477907180786,0.0,0.0,0.0,0.0,64.35224151611328,0.0,UserDBAdapter,64.35224151611328
mediastore\Implementation\mediastore.basic\src\edu\kit\ipd\sdq\mediastore\basic\interfaces\IDownloadTagWatermarkingLocal.java,1.0028477907180786,2.059615135192871,0.0,0.0,0.0,0.14877822995185852,0.0,FileStorage,2.059615135192871
mediastore\Implementation\mediastore.basic\src\edu\kit\ipd\sdq\mediastore\basic\exceptions\AppException.java,1.0027480125427246,0.0,0.0,0.0,0.0,0.1450078785419464,0.0,Facade,1.0027480125427246
mediastore\Implementation\mediastore.web\src\edu\kit\ipd\sdq\mediastore\web\beans\RegisterBean.java,46.90612030029297,3.0158095359802246,1.8844295740127563,0.34298285841941833,0.34298285841941833,1.0,8.467825889587402,Facade,46.90612030029297
mediastore\Implementation\mediastore.basic\src\edu\kit\ipd\sdq\mediastore\basic\data\FileContentLocal.java,1.0026955604553223,2.5813941955566406,0.0,1.0,2.121516704559326,3.8014752864837646,1.1215168237686157,UserDBAdapter,3.8014752864837646
mediastore\Implementation\mediastore.basic\src\edu\kit\ipd\sdq\mediastore\basic\exceptions\ConversionException.java,1.0028250217437744,0.0,0.0,0.0,0.0,0.1479235291481018,0.0,Facade,1.0028250217437744
