file_path,configs,datasets,environments,policies,utilities,best_module,best_likelihood
lerobot\src\lerobot\cameras\zmq\configuration_zmq.py,10.861794471740723,5.853256702423096,3.359025478363037,3.179508686065674,5.654016017913818,configs,10.861794471740723
lerobot\src\lerobot\cameras\opencv\__init__.py,0.14360010623931885,0.14360010623931885,0.0,0.0,0.14360010623931885,configs,0.14360010623931885
lerobot\examples\dataset\slurm_compute_rabc.py,36.43861389160156,100.47734832763672,8.88292407989502,17.976320266723633,36.09182357788086,datasets,100.47734832763672
lerobot\examples\lekiwi\replay.py,18.44609260559082,37.37171173095703,2.728041172027588,1.5314552783966064,5.528360366821289,datasets,37.37171173095703
lerobot\examples\so100_to_so100_EE\rollout.py,25.58738136291504,4.906419277191162,6.876877784729004,25.06242561340332,5.159418106079102,configs,25.58738136291504
lerobot\src\lerobot\async_inference\robot_client.py,28.381175994873047,10.946749687194824,44.10647964477539,20.073740005493164,14.344094276428223,environments,44.10647964477539
lerobot\examples\isaac_teleop_to_so101\__init__.py,0.14382173120975494,0.14382173120975494,0.0,0.0,0.37380099296569824,utilities,0.37380099296569824
lerobot\src\lerobot\async_inference\helpers.py,12.364806175231934,36.7588005065918,39.74860382080078,25.517837524414062,16.937175750732422,environments,39.74860382080078
lerobot\examples\tutorial\diffusion\diffusion_using_example.py,19.85081672668457,39.107818603515625,3.075294017791748,12.77756118774414,8.661161422729492,datasets,39.107818603515625
lerobot\examples\tutorial\pi0\using_pi0_example.py,19.699331283569336,36.231170654296875,3.7055280208587646,11.225652694702148,5.747498035430908,datasets,36.231170654296875
lerobot\src\lerobot\cameras\zmq\__init__.py,0.14360010623931885,0.14360010623931885,0.0,0.0,0.14360010623931885,configs,0.14360010623931885
lerobot\examples\isaac_teleop_to_so101\record.py,7.502496242523193,52.46420669555664,37.31992721557617,5.518460273742676,18.673688888549805,datasets,52.46420669555664
lerobot\examples\training\train_policy.py,11.958001136779785,40.79473114013672,8.894192695617676,22.32942008972168,12.566413879394531,datasets,40.79473114013672
lerobot\examples\tutorial\act\act_using_example.py,20.007740020751953,39.26474380493164,3.075294017791748,9.794014930725098,8.815282821655273,datasets,39.26474380493164
lerobot\examples\dataset\use_dataset_image_transforms.py,30.506423950195312,42.406394958496094,3.7511842250823975,1.9215198755264282,8.79848861694336,datasets,42.406394958496094
lerobot\examples\omx\record_grab.py,11.08147144317627,53.87272644042969,4.951670169830322,6.338343143463135,12.536638259887695,datasets,53.87272644042969
lerobot\scripts\ci\extract_task_descriptions.py,11.065747261047363,16.627506256103516,40.24309158325195,8.922367095947266,13.109390258789062,environments,40.24309158325195
lerobot\examples\so100_to_so100_EE\replay.py,17.751794815063477,38.61649703979492,2.6633710861206055,1.6492409706115723,6.126494884490967,datasets,38.61649703979492
lerobot\src\lerobot\annotations\steerable_pipeline\writer.py,8.29261302947998,10.948413848876953,0.9097199440002441,4.179659843444824,11.979071617126465,utilities,11.979071617126465
lerobot\examples\isaac_teleop_to_so101\common.py,27.259807586669922,24.27875328063965,14.541711807250977,9.016077041625977,33.07240295410156,utilities,33.07240295410156
lerobot\examples\isaac_teleop_to_so101\isaac_teleop\clutch.py,1.7268316745758057,1.743138074874878,0.6276534199714661,1.5353219509124756,2.2045249938964844,utilities,2.2045249938964844
lerobot\src\lerobot\cameras\reachy2_camera\reachy2_camera.py,25.84163475036621,9.018478393554688,0.6842877864837646,9.04276180267334,11.428979873657227,configs,25.84163475036621
lerobot\tests\__init__.py,0.14471514523029327,0.14471514523029327,0.5127228498458862,0.0,0.14471514523029327,environments,0.5127228498458862
lerobot\examples\port_datasets\slurm_aggregate_shards.py,8.763520240783691,95.85558319091797,6.189040660858154,4.002481937408447,19.148900985717773,datasets,95.85558319091797
lerobot\src\lerobot\async_inference\__init__.py,0.1422845423221588,0.1422845423221588,0.0,0.0,3.0644690990448,utilities,3.0644690990448
lerobot\src\lerobot\annotations\steerable_pipeline\modules\__init__.py,0.14293929934501648,0.14293929934501648,0.0,0.8595064878463745,4.308889865875244,utilities,4.308889865875244
lerobot\src\lerobot\annotations\steerable_pipeline\staging.py,0.5363996028900146,8.571572303771973,0.0,5.158433437347412,8.072505950927734,datasets,8.571572303771973
lerobot\src\lerobot\annotations\__init__.py,0.14426705241203308,0.14426705241203308,0.0,0.0,0.14426705241203308,configs,0.14426705241203308
lerobot\src\lerobot\annotations\steerable_pipeline\reader.py,6.807925224304199,15.814458847045898,5.995827674865723,4.041912078857422,11.605781555175781,datasets,15.814458847045898
lerobot\examples\port_datasets\port_droid.py,18.17538833618164,108.26453399658203,6.880593299865723,11.417941093444824,32.68838119506836,datasets,108.26453399658203
lerobot\examples\port_datasets\display_error_files.py,10.943735122680664,74.0813980102539,6.302476406097412,4.397724151611328,18.2531681060791,datasets,74.0813980102539
lerobot\src\lerobot\async_inference\constants.py,0.13685163855552673,0.13685163855552673,3.267009735107422,143.44149780273438,10.265481948852539,policies,143.44149780273438
lerobot\src\lerobot\async_inference\configs.py,78.75833892822266,9.876755714416504,67.4782485961914,27.99810791015625,16.323999404907227,configs,78.75833892822266
lerobot\src\lerobot\annotations\steerable_pipeline\config.py,16.179750442504883,14.609355926513672,6.030227184295654,9.636966705322266,10.585240364074707,configs,16.179750442504883
lerobot\src\lerobot\cameras\realsense\__init__.py,0.14360010623931885,0.14360010623931885,0.0,0.0,0.14360010623931885,configs,0.14360010623931885
lerobot\src\lerobot\annotations\steerable_pipeline\validator.py,6.736309051513672,39.41429138183594,3.576280117034912,6.1527910232543945,12.656963348388672,datasets,39.41429138183594
lerobot\src\lerobot\cameras\zmq\camera_zmq.py,25.82364845275879,15.095091819763184,5.089153289794922,8.581071853637695,13.934725761413574,configs,25.82364845275879
lerobot\examples\dataset\load_lerobot_dataset.py,4.409765243530273,98.88998413085938,6.030289649963379,1.952540636062622,10.592430114746094,datasets,98.88998413085938
lerobot\examples\tutorial\act\act_training_example.py,12.10908317565918,44.772735595703125,9.301042556762695,20.42365074157715,14.633090019226074,datasets,44.772735595703125
lerobot\examples\dataset\create_progress_videos.py,16.672094345092773,53.21238708496094,8.435494422912598,9.667292594909668,23.418214797973633,datasets,53.21238708496094
lerobot\src\lerobot\cameras\realsense\configuration_realsense.py,10.784467697143555,7.044493198394775,2.0421032905578613,3.5183305740356445,1.7316622734069824,configs,10.784467697143555
lerobot\src\lerobot\cameras\utils.py,70.19705200195312,2.435271739959717,0.2558634281158447,1.260480523109436,2.3833489418029785,configs,70.19705200195312
lerobot\examples\phone_to_so100\replay.py,17.751794815063477,38.61649703979492,2.6633710861206055,1.6492409706115723,6.126494884490967,datasets,38.61649703979492
lerobot\examples\phone_to_so100\evaluate.py,26.45892906188965,49.39654541015625,52.4896240234375,25.421667098999023,13.920769691467285,environments,52.4896240234375
lerobot\src\lerobot\cameras\realsense\camera_realsense.py,31.680036544799805,20.561037063598633,6.553689002990723,7.071531772613525,14.2125825881958,configs,31.680036544799805
lerobot\examples\isaac_teleop_to_so101\isaac_teleop\base.py,26.383426666259766,8.024789810180664,7.111419200897217,4.235182762145996,23.74755859375,configs,26.383426666259766
lerobot\examples\lekiwi\record.py,19.651601791381836,44.668575286865234,42.52781677246094,1.2322404384613037,9.963672637939453,datasets,44.668575286865234
lerobot\src\lerobot\annotations\steerable_pipeline\modules\interjections_and_speech.py,20.1295108795166,15.355992317199707,6.191762924194336,3.4305388927459717,11.863741874694824,configs,20.1295108795166
lerobot\src\lerobot\annotations\steerable_pipeline\modules\general_vqa.py,23.609792709350586,32.40538787841797,7.009001731872559,6.818584442138672,19.308629989624023,datasets,32.40538787841797
lerobot\examples\lekiwi\evaluate.py,25.07366180419922,48.77018737792969,56.1017951965332,25.380762100219727,12.8312349319458,environments,56.1017951965332
lerobot\examples\phone_to_so100\record.py,20.472087860107422,45.87607955932617,38.41865921020508,2.8866074085235596,11.983726501464844,datasets,45.87607955932617
lerobot\examples\phone_to_so100\rollout.py,25.58738136291504,4.906419277191162,6.876877784729004,25.06242561340332,5.159418106079102,configs,25.58738136291504
lerobot\src\lerobot\annotations\steerable_pipeline\vlm_client.py,28.07844352722168,23.493545532226562,7.443270683288574,12.915939331054688,24.03005599975586,configs,28.07844352722168
lerobot\src\lerobot\cameras\opencv\camera_opencv.py,31.362722396850586,15.494093894958496,4.597797870635986,8.850238800048828,11.846393585205078,configs,31.362722396850586
lerobot\src\lerobot\cameras\reachy2_camera\configuration_reachy2_camera.py,11.155698776245117,7.571181297302246,3.3441262245178223,3.125281810760498,5.715622425079346,configs,11.155698776245117
lerobot\examples\so100_to_so100_EE\evaluate.py,26.45892906188965,49.39654541015625,52.4896240234375,25.421667098999023,13.920769691467285,environments,52.4896240234375
lerobot\src\lerobot\cameras\zmq\image_server.py,24.73531723022461,10.959671020507812,5.934728622436523,5.630302906036377,11.251140594482422,configs,24.73531723022461
lerobot\examples\rtc\eval_dataset.py,38.001670837402344,44.89760208129883,14.274728775024414,34.5923957824707,21.165037155151367,datasets,44.89760208129883
lerobot\examples\tutorial\smolvla\using_smolvla_example.py,20.04783821105957,36.17932891845703,3.7560455799102783,9.184252738952637,5.503061294555664,datasets,36.17932891845703
lerobot\examples\isaac_teleop_to_so101\override_reset_pose.py,7.389279365539551,8.318381309509277,3.2662837505340576,1.8686752319335938,7.471299171447754,datasets,8.318381309509277
lerobot\examples\port_datasets\slurm_upload.py,18.128345489501953,109.04936981201172,10.755788803100586,13.601888656616211,29.160175323486328,datasets,109.04936981201172
lerobot\examples\phone_to_so100\teleoperate.py,21.516515731811523,9.791779518127441,5.093113899230957,3.412013292312622,7.586546897888184,configs,21.516515731811523
lerobot\src\lerobot\cameras\reachy2_camera\__init__.py,0.14337916672229767,0.14337916672229767,0.0,0.0,0.14337916672229767,configs,0.14337916672229767
lerobot\examples\isaac_teleop_to_so101\isaac_teleop\teleop_xr_controller.py,22.13623809814453,1.443159580230713,4.064654350280762,1.7825992107391357,9.55840015411377,configs,22.13623809814453
lerobot\examples\so100_to_so100_EE\record.py,19.33349609375,44.875579833984375,37.840023040771484,1.7450828552246094,10.115190505981445,datasets,44.875579833984375
lerobot\src\lerobot\annotations\steerable_pipeline\executor.py,23.98887062072754,11.166301727294922,3.2266647815704346,5.790655612945557,17.360441207885742,configs,23.98887062072754
lerobot\src\lerobot\cameras\configs.py,51.62782287597656,5.405437469482422,1.737565040588379,4.4253010749816895,8.747210502624512,configs,51.62782287597656
lerobot\examples\backward_compatibility\replay.py,20.160676956176758,41.27196502685547,3.4466917514801025,3.906187057495117,9.446494102478027,datasets,41.27196502685547
lerobot\scripts\ci\parse_eval_metrics.py,15.65772819519043,13.08803939819336,44.896446228027344,19.771190643310547,13.206340789794922,environments,44.896446228027344
lerobot\examples\omx\reset_environment.py,6.834535121917725,7.154865264892578,30.30101776123047,8.368541717529297,10.7537841796875,environments,30.30101776123047
lerobot\examples\isaac_teleop_to_so101\isaac_teleop\xr_controller_processor.py,4.024660110473633,4.155446529388428,1.4741294384002686,8.937987327575684,2.928886651992798,policies,8.937987327575684
lerobot\examples\lekiwi\rollout.py,25.366121292114258,3.991912364959717,7.142184734344482,24.40636444091797,4.6554412841796875,configs,25.366121292114258
lerobot\src\lerobot\annotations\steerable_pipeline\modules\plan_subtasks_memory.py,26.117206573486328,22.289573669433594,10.215409278869629,8.238283157348633,22.371932983398438,configs,26.117206573486328
lerobot\src\lerobot\annotations\steerable_pipeline\frames.py,14.113425254821777,26.829648971557617,9.424660682678223,8.012472152709961,23.73819923400879,datasets,26.829648971557617
lerobot\examples\tutorial\rl\hilserl_example.py,28.200504302978516,42.757686614990234,10.952911376953125,22.10625457763672,14.481063842773438,datasets,42.757686614990234
lerobot\src\lerobot\annotations\steerable_pipeline\prompts\__init__.py,2.1616599559783936,5.49826192855835,1.0110723972320557,1.3867247104644775,3.8971145153045654,datasets,5.49826192855835
lerobot\setup.py,0.7138445377349854,5.123908996582031,2.170869827270508,0.41366299986839294,0.7089846730232239,datasets,5.123908996582031
lerobot\src\lerobot\async_inference\policy_server.py,28.97747802734375,11.929447174072266,34.56304931640625,131.44273376464844,17.656538009643555,policies,131.44273376464844
lerobot\examples\lekiwi\teleoperate.py,20.66545867919922,5.697522163391113,2.6825778484344482,1.756651759147644,4.7396650314331055,configs,20.66545867919922
lerobot\examples\tutorial\async-inf\policy_server.py,23.805755615234375,0.8334267139434814,4.260420322418213,15.817861557006836,3.8861260414123535,configs,23.805755615234375
lerobot\examples\isaac_teleop_to_so101\isaac_teleop\__init__.py,0.14077985286712646,0.14077985286712646,0.3974839746952057,1.0,0.36589497327804565,policies,1.0
lerobot\examples\tutorial\async-inf\robot_client.py,8.767428398132324,3.931107521057129,5.874100685119629,18.577808380126953,6.336215019226074,policies,18.577808380126953
lerobot\examples\isaac_teleop_to_so101\isaac_teleop\config_isaac_teleop.py,15.603262901306152,8.483098030090332,3.911057472229004,2.239011287689209,9.943965911865234,configs,15.603262901306152
lerobot\examples\isaac_teleop_to_so101\isaac_teleop\teleop_so101_leader_arm.py,22.58600425720215,2.297863245010376,5.634479999542236,3.060243844985962,8.471487998962402,configs,22.58600425720215
lerobot\examples\isaac_teleop_to_so101\teleoperate.py,4.320802211761475,5.664750576019287,4.345280647277832,3.165627956390381,6.753054618835449,utilities,6.753054618835449
lerobot\examples\port_datasets\slurm_port_shards.py,11.271775245666504,103.37416076660156,6.117593288421631,3.7665348052978516,20.678722381591797,datasets,103.37416076660156
lerobot\examples\tutorial\diffusion\diffusion_training_example.py,11.957941055297852,44.78160095214844,9.310545921325684,23.435237884521484,14.523599624633789,datasets,44.78160095214844
lerobot\examples\dataset\use_dataset_tools.py,4.395750045776367,102.18907165527344,2.200003147125244,4.158241271972656,7.4345526695251465,datasets,102.18907165527344
lerobot\examples\tutorial\rl\reward_classifier_example.py,23.35017204284668,44.11293411254883,6.032160758972168,8.501325607299805,13.06711483001709,datasets,44.11293411254883
lerobot\src\lerobot\cameras\opencv\configuration_opencv.py,12.19787311553955,7.6196441650390625,3.1015305519104004,3.5183305740356445,6.278852462768555,configs,12.19787311553955
lerobot\examples\so100_to_so100_EE\teleoperate.py,19.77942657470703,8.5698823928833,3.254176139831543,2.5643177032470703,5.409404277801514,configs,19.77942657470703
lerobot\examples\training\train_with_streaming.py,12.104844093322754,39.547943115234375,10.086384773254395,19.640491485595703,12.914785385131836,datasets,39.547943115234375
lerobot\src\lerobot\annotations\steerable_pipeline\__init__.py,0.14293929934501648,0.14293929934501648,0.0,0.0,0.14293929934501648,configs,0.14293929934501648
lerobot\examples\annotations\run_hf_job.py,6.307178497314453,73.57366180419922,2.0684425830841064,7.6367411613464355,14.370481491088867,datasets,73.57366180419922
lerobot\src\lerobot\cameras\camera.py,18.679155349731445,2.835275888442993,0.35820871591567993,5.832557678222656,1.8849636316299438,configs,18.679155349731445
