file_path,Apps,FSESL,FreeSWITCH,Presentation Conversion,Redis DB,Redis PubSub,best_module,best_likelihood
bigbluebutton\bbb-fsesl-client\src\main\java\org\freeswitch\esl\client\outbound\example\SimpleHangupPipelineFactory.java,0.14806367329188755,3562.434539794922,3420.2809524536133,0.02885857309613909,0.0,0.0,FSESL,3562.434539794922
bigbluebutton\bbb-common-web\src\main\java\org\bigbluebutton\api\model\constraint\MeetingEndedConstraint.java,0.6609801701136998,0.284075437273298,0.21649329321725028,0.25887437547956194,0.26505295889718195,0.40338164738246374,Apps,0.6609801701136998
bigbluebutton\bbb-common-web\src\main\java\org\bigbluebutton\api\model\request\Enter.java,0.5874813079833985,0.15173044204711914,0.1890209470476423,0.25198099953787667,0.11495203290666853,0.1269688742501395,Apps,0.5874813079833985
bigbluebutton\akka-bbb-fsesl\src\main\java\org\bigbluebutton\freeswitch\voice\freeswitch\actions\DelayedCommand.java,0.1992239134652274,2772.4212646484375,3799.611396789551,0.03998854841504778,0.011163808618273053,0.04165029185158866,FreeSWITCH,3799.611396789551
bigbluebutton\bbb-common-web\src\main\java\org\bigbluebutton\api\model\constraint\list\NotEmptyList.java,0.446546745300293,0.17560641424996512,0.1803335189819336,0.2230015618460519,0.11918901715959822,0.2092385700770787,Apps,0.446546745300293
bigbluebutton\akka-bbb-fsesl\src\main\java\org\bigbluebutton\freeswitch\voice\commands\ConferenceCommandResult.java,0.1257293701171875,2833.626136779785,3631.057472229004,0.02883725847516741,0.12443453924996513,0.16653619493756974,FreeSWITCH,3631.057472229004
bigbluebutton\bbb-common-web\src\main\java\org\bigbluebutton\api\messaging\messages\RecordChapterBreak.java,0.5446457999093192,0.08091085297720772,0.061252777917044504,0.10512978690011161,0.1387544631958008,0.3455107280186244,Apps,0.5446457999093192
bigbluebutton\bbb-common-web\src\main\java\org\bigbluebutton\api\messaging\messages\MeetingStarted.java,0.548549325125558,0.08151465143476214,0.06129775047302246,0.10534604617527553,0.1397265842982701,0.34815256936209543,Apps,0.548549325125558
bigbluebutton\bbb-common-web\src\main\java\org\bigbluebutton\api\model\request\MeetingInfo.java,0.5952300480433873,0.10860015324183873,0.16285157884870258,0.2513625281197684,0.12564167295183454,0.1371601104736328,Apps,0.5952300480433873
bigbluebutton\bbb-common-web\src\main\java\org\bigbluebutton\api\service\ServiceUtils.java,0.8836952209472656,0.1923389026096889,0.14817586626325335,0.32934447697230745,0.14959496089390345,0.2927494866507394,Apps,0.8836952209472656
bigbluebutton\bbb-common-web\src\main\java\org\bigbluebutton\web\services\IStorageService.java,0.4271460669381278,0.004117764745439802,0.06124168804713658,0.16157643454415457,0.08032575334821429,0.18096523284912108,Apps,0.4271460669381278
bigbluebutton\akka-bbb-fsesl\src\main\java\org\bigbluebutton\freeswitch\voice\freeswitch\FreeswitchApplication.java,0.5201700483049665,2450.163154602051,3236.675148010254,0.11621110098702567,0.19858076913016184,0.34228545597621374,FreeSWITCH,3236.675148010254
bigbluebutton\akka-bbb-fsesl\src\main\java\org\bigbluebutton\freeswitch\voice\freeswitch\actions\MuteUserCommand.java,0.3126253128051758,2771.378517150879,3879.790267944336,0.05106630325317383,0.0,0.03054623944418771,FreeSWITCH,3879.790267944336
bigbluebutton\akka-bbb-fsesl\src\main\java\org\bigbluebutton\freeswitch\voice\freeswitch\actions\EjectAllUsersCommand.java,0.1936211041041783,2850.4868698120117,3834.9988555908203,0.034053288187299455,0.0,0.0306098427091326,FreeSWITCH,3834.9988555908203
bigbluebutton\akka-bbb-fsesl\src\main\java\org\bigbluebutton\freeswitch\voice\events\ConfRecording.java,0.2631887708391462,3139.0331268310547,3567.295265197754,0.028856035641261508,0.22701740264892578,0.12183211190359933,FreeSWITCH,3567.295265197754
bigbluebutton\bbb-common-web\src\main\java\org\bigbluebutton\api\model\request\EndMeeting.java,0.5735366821289063,0.1045325687953404,0.15919239861624582,0.24512146541050503,0.12199126652308873,0.13477706909179688,Apps,0.5735366821289063
bigbluebutton\akka-bbb-fsesl\src\main\java\org\bigbluebutton\freeswitch\voice\events\UnknownConferenceEvent.java,0.26482295989990234,3166.595039367676,3588.6511611938477,0.02886115482875279,0.17111140659877233,0.12254184995378767,FreeSWITCH,3588.6511611938477
bigbluebutton\bbb-common-web\src\main\java\org\bigbluebutton\api\Util.java,0.5624473571777344,0.06738498551504953,0.10136937413896834,2.5668404715401785,0.1529289926801409,0.2120199067252023,Presentation Conversion,2.5668404715401785
bigbluebutton\akka-bbb-fsesl\src\main\java\org\bigbluebutton\freeswitch\voice\freeswitch\actions\StopSoundCommand.java,0.3103095190865653,2804.2353439331055,3888.156280517578,0.056326917239597867,0.021507348333086287,0.030566995484488352,FreeSWITCH,3888.156280517578
bigbluebutton\bbb-fsesl-client\src\main\java\org\freeswitch\esl\client\outbound\AbstractOutboundPipelineFactory.java,0.14343500137329102,3387.6193237304688,3155.1523208618164,0.02883084842136928,0.0,0.15685672760009767,FSESL,3387.6193237304688
bigbluebutton\bbb-common-web\src\main\java\org\bigbluebutton\api\messaging\messages\MeetingDestroyed.java,0.548549325125558,0.08151465143476214,0.06129775047302246,0.10534604617527553,0.1397265842982701,0.34815256936209543,Apps,0.548549325125558
bigbluebutton\bbb-recording-imex\src\test\java\org\bigbluebutton\RecordingImportHandlerTest.java,0.22657901218959264,0.19513916288103375,0.11419895717075892,0.3572408948625837,0.44109576089041574,0.11232075691223145,Redis DB,0.44109576089041574
bigbluebutton\bbb-common-web\src\main\java\org\bigbluebutton\api\model\validator\PostChecksumValidator.java,0.6128387996128627,0.25330020359584265,0.23870476313999722,0.2808812822614397,0.2743034090314593,0.22587973730904715,Apps,0.6128387996128627
bigbluebutton\bbb-common-web\src\main\java\org\bigbluebutton\api\messaging\messages\LearningDashboard.java,0.5408278329031808,0.08032107353210449,0.06120877265930176,0.10491829599652971,0.1378086771283831,0.3429429462977818,Apps,0.5408278329031808
bigbluebutton\bbb-common-web\src\main\java\org\bigbluebutton\web\services\UserCleanupTimerTask.java,0.5339409964425224,0.003906263623918806,0.06111312593732562,0.21228366579328264,0.07548254558018276,0.21365532193865094,Apps,0.5339409964425224
bigbluebutton\bbb-common-web\src\main\java\org\bigbluebutton\presentation\messages\UploadFileTooLargeMessage.java,0.3705402374267578,0.0037769330399377004,0.06103180476597377,2.6040597098214286,0.11010440417698451,0.33064662388392857,Presentation Conversion,2.6040597098214286
bigbluebutton\bbb-common-web\src\main\java\org\bigbluebutton\api\messaging\MessagingService.java,0.47890488760811945,0.08076211384364537,0.06124168804713658,0.11135516847882952,0.05023864677974156,0.08085949080330986,Apps,0.47890488760811945
bigbluebutton\bbb-common-web\src\main\java\org\bigbluebutton\api\messaging\messages\UserLeftVoice.java,0.6058723994663784,0.11356601715087891,0.10043897628784179,0.10512978690011161,0.1387544631958008,0.3455107280186244,Apps,0.6058723994663784
bigbluebutton\akka-bbb-fsesl\src\main\java\org\bigbluebutton\freeswitch\voice\events\FreeswitchHeartbeatEvent.java,0.29253689902169366,3155.721893310547,3556.793556213379,0.03513223443712507,0.16926612854003906,0.1214829853602818,FreeSWITCH,3556.793556213379
bigbluebutton\bbb-common-web\src\main\java\org\bigbluebutton\presentation\MimeTypeUtils.java,0.6063840048653739,0.18184240886143277,0.1901998519897461,2.931489998953683,0.10125775337219238,0.15408405576433454,Presentation Conversion,2.931489998953683
bigbluebutton\bbb-common-web\src\main\java\org\bigbluebutton\presentation\DocumentConversionServiceImp.java,0.485009275163923,0.1881249155317034,0.17557003838675364,6.384360613141741,0.3569125039236886,0.5768831525530134,Presentation Conversion,6.384360613141741
bigbluebutton\akka-bbb-fsesl\src\main\java\org\bigbluebutton\freeswitch\voice\freeswitch\actions\PlaySoundCommand.java,0.3131922313145229,2771.378517150879,3873.1983947753906,0.05287212984902518,0.0,0.03054623944418771,FreeSWITCH,3873.1983947753906
bigbluebutton\akka-bbb-fsesl\src\main\java\org\bigbluebutton\freeswitch\voice\freeswitch\actions\DeafUserCommand.java,0.3126253128051758,2814.3434524536133,3879.790267944336,0.05106630325317383,0.0,0.03054623944418771,FreeSWITCH,3879.790267944336
bigbluebutton\bbb-common-web\src\main\java\org\bigbluebutton\presentation\imp\Office2PdfPageConverter.java,0.5320484161376953,0.2345294679914202,0.25357565198625837,7.248118373325893,0.4429431642804827,0.5997579302106585,Presentation Conversion,7.248118373325893
bigbluebutton\bbb-common-web\src\main\java\org\bigbluebutton\presentation\SupportedDocumentFilter.java,0.4373538153512137,0.23552286965506417,0.1947723524911063,4.0049360002790175,0.11155953407287597,0.3191937855311802,Presentation Conversion,4.0049360002790175
bigbluebutton\akka-bbb-apps\src\main\scala\org\bigbluebutton\core\util\jhotdraw\BezierPath.java,2125.883102416992,0.25626275198800225,0.31696608407156807,0.3704333986554827,0.15296501432146345,0.12217540740966797,Apps,2125.883102416992
bigbluebutton\bbb-common-web\src\main\java\org\bigbluebutton\presentation\ThumbnailCreator.java,0.2271801267351423,0.035384178161621094,0.09243583679199219,2.9531725202287946,0.031092119216918946,0.12831614358084542,Presentation Conversion,2.9531725202287946
bigbluebutton\akka-bbb-fsesl\src\main\java\org\bigbluebutton\freeswitch\voice\freeswitch\ConnectionManager.java,0.37635770525251117,3220.3100204467773,3498.4766006469727,0.14243651798793247,0.17547739573887416,0.22254412514822824,FreeSWITCH,3498.4766006469727
bigbluebutton\bbb-common-web\src\main\java\org\bigbluebutton\presentation\imp\PageToConvert.java,0.2541250501360212,0.09439225878034319,0.12335401262555803,2.768829999651228,0.09155477115086147,0.1794947624206543,Presentation Conversion,2.768829999651228
bigbluebutton\akka-bbb-apps\src\main\scala\org\bigbluebutton\core\util\jhotdraw\BezierPathIterator.java,1851.9612121582031,0.18228519984654018,0.11765199388776507,0.1645639147077288,0.14144457408360073,0.1134667260306222,Apps,1851.9612121582031
bigbluebutton\bbb-recording-imex\src\main\java\org\bigbluebutton\RecordingApp.java,0.9050851004464285,0.46871866498674664,0.3690102713448661,2.3828863961356026,0.5410347529820033,0.3031839915684291,Presentation Conversion,2.3828863961356026
bigbluebutton\akka-bbb-fsesl\src\main\java\org\bigbluebutton\freeswitch\voice\freeswitch\actions\HoldUserCommand.java,0.3126253128051758,2771.378517150879,3879.790267944336,0.05106630325317383,0.0,0.03054623944418771,FreeSWITCH,3879.790267944336
bigbluebutton\bbb-common-web\src\main\java\org\bigbluebutton\presentation\messages\PdfConversionInvalid.java,0.36505331311907085,0.0034882100565092906,0.060842364174979076,2.5927967616489958,0.10800229481288365,0.323368535723005,Presentation Conversion,2.5927967616489958
bigbluebutton\bbb-fsesl-client\src\test\java\org\freeswitch\esl\client\transport\message\EslFrameDecoderTest.java,0.8393550872802734,3105.933837890625,2974.805335998535,0.3399304798671177,1.4732576642717634,0.37925962720598494,FSESL,3105.933837890625
bigbluebutton\bbb-common-message\src\main\java\org\bigbluebutton\common2\redis\pubsub\MessageReceiver.java,0.6106195722307478,0.6155143737792969,0.24338929312569754,0.2999093464442662,4.160541643415178,8.331045968191964,Redis PubSub,8.331045968191964
bigbluebutton\bbb-common-web\src\main\java\org\bigbluebutton\web\services\turn\StunTurnService.java,0.37662816728864396,0.10514815194266183,0.14038851601736888,0.22415484019688198,0.02389731066567557,0.14484385081699916,Apps,0.37662816728864396
bigbluebutton\bbb-common-web\src\main\java\org\bigbluebutton\api\messaging\MessageListener.java,0.35599961962018695,0.14193602970668248,0.061355366025652204,0.10562331335885185,0.08782497133527484,0.22105685642787387,Apps,0.35599961962018695
bigbluebutton\bbb-common-web\src\main\java\org\bigbluebutton\api\model\entity\Metadata.java,0.30186358860560825,0.13506645475115095,0.11216092790876116,0.24091524396623884,0.23667537144252232,0.06688995361328125,Apps,0.30186358860560825
bigbluebutton\bbb-common-web\src\main\java\org\bigbluebutton\api\domain\Extensions.java,0.298036984034947,0.004117764745439802,0.06124168804713658,0.1050764765058245,0.0,0.03062084402356829,Apps,0.298036984034947
bigbluebutton\bbb-fsesl-client\src\main\java\org\freeswitch\esl\client\internal\HeaderParser.java,0.1866168567112514,3078.7986373901367,2943.9197158813477,0.028783273696899415,0.004741647413798741,1.281526338841234E-4,FSESL,3078.7986373901367
bigbluebutton\bbb-common-web\src\main\java\org\bigbluebutton\presentation\messages\DocPageGeneratedProgress.java,0.36197373526436943,0.0033352349485669818,0.06073731013706752,2.6856800624302455,0.10682416643415178,0.31931999751499723,Presentation Conversion,2.6856800624302455
bigbluebutton\bbb-common-web\src\main\java\org\bigbluebutton\api\messaging\messages\UserStatusChanged.java,0.6687345777239119,0.11201321056910923,0.12845922197614398,0.21665013177054268,0.1368880271911621,0.3404460089547294,Apps,0.6687345777239119
bigbluebutton\bbb-common-web\src\main\java\org\bigbluebutton\common\messages\MessageBuilder.java,0.16168391363961357,0.030081680842808316,0.07328626768929618,0.1311096327645438,0.1743372780936105,0.3490130833217076,Redis PubSub,0.3490130833217076
bigbluebutton\akka-bbb-fsesl\src\main\java\org\bigbluebutton\freeswitch\voice\freeswitch\actions\GetUsersStatusCommand.java,0.4499128886631557,2770.896530151367,3577.096824645996,0.30933821541922435,0.17205805097307478,0.09416018213544573,FreeSWITCH,3577.096824645996
bigbluebutton\akka-bbb-fsesl\src\main\java\org\bigbluebutton\freeswitch\voice\commands\ConferenceCommand.java,0.09292545318603515,2902.9641723632812,3693.4698486328125,0.028851093564714703,0.0,0.0306098427091326,FreeSWITCH,3693.4698486328125
bigbluebutton\bbb-common-web\src\main\java\org\bigbluebutton\presentation\FileTypeConstants.java,0.5351081303187779,0.14237848009381976,0.14262851987566266,3.0967117309570313,0.08163614273071289,0.13875346864972796,Presentation Conversion,3.0967117309570313
bigbluebutton\bbb-common-web\src\main\java\org\bigbluebutton\api\messaging\messages\MeetingEnded.java,0.548549325125558,0.08151465143476214,0.06129775047302246,0.10534604617527553,0.1397265842982701,0.34815256936209543,Apps,0.548549325125558
bigbluebutton\bbb-common-web\src\main\java\org\bigbluebutton\api\model\entity\PlaybackFormat.java,0.3062404360089983,0.1841242926461356,0.11220592771257673,0.30169533320835656,0.22872685023716519,0.0692763124193464,Apps,0.3062404360089983
bigbluebutton\bbb-common-web\src\main\java\org\bigbluebutton\api\domain\Poll.java,0.6182355063302176,0.029269988196236746,0.07369500568934849,0.18530548640659877,0.18107504163469587,0.0967249938419887,Apps,0.6182355063302176
bigbluebutton\bbb-recording-imex\src\main\java\org\bigbluebutton\RecordingExportHandler.java,0.3459494182041713,0.2898444856916155,0.2029604366847447,0.7110931941441128,0.6029509953090123,0.24108595166887556,Presentation Conversion,0.7110931941441128
bigbluebutton\bbb-common-web\src\main\java\org\bigbluebutton\api\model\constraint\PasswordConstraint.java,0.44887518201555526,0.12028180531093052,0.15322717939104352,0.19631598336356026,0.15052674157278878,0.29276509966169084,Apps,0.44887518201555526
bigbluebutton\bbb-common-web\src\main\java\org\bigbluebutton\api\model\constraint\GuestPolicyConstraint.java,0.523003169468471,0.19518499374389647,0.18854285648890903,0.1955772944859096,0.24154976436070033,0.29112121037074495,Apps,0.523003169468471
bigbluebutton\bbb-fsesl-client\src\main\java\org\freeswitch\esl\client\example\HeartbeatThread.java,0.603522218976702,3368.428497314453,3235.689277648926,0.3224952697753906,0.058042567116873604,0.058042567116873604,FSESL,3368.428497314453
bigbluebutton\akka-bbb-fsesl\src\main\java\org\bigbluebutton\freeswitch\voice\freeswitch\actions\CheckIfConfIsRunningCommand.java,0.47396899632045203,2875.2102661132812,3814.376754760742,0.22967022487095423,0.18620493752615794,0.06616156441824776,FreeSWITCH,3814.376754760742
bigbluebutton\bbb-common-web\src\main\java\org\bigbluebutton\api\RecordingServiceHelper.java,0.40312186649867465,0.03505445207868304,0.09212299755641393,0.27376714433942523,0.2658525194440569,0.08876332555498395,Apps,0.40312186649867465
bigbluebutton\bbb-common-web\src\main\java\org\bigbluebutton\presentation\PageConverter.java,0.24168603079659598,0.04061922686440604,0.09768776893615723,3.0524876185825893,0.03636716433933803,0.13579109736851283,Presentation Conversion,3.0524876185825893
bigbluebutton\bbb-common-web\src\main\java\org\bigbluebutton\api\ParamsProcessorUtil.java,0.7854230063302177,0.3399482454572405,0.40545428139822826,1.4682488577706474,0.3741035461425781,0.32607579912458146,Presentation Conversion,1.4682488577706474
bigbluebutton\bbb-common-web\src\main\java\org\bigbluebutton\api\domain\Group.java,0.3154424394880022,0.0038084558078220914,0.08962324687412807,0.13056620189121793,0.0,0.03052590915134975,Apps,0.3154424394880022
bigbluebutton\bbb-common-web\src\main\java\org\bigbluebutton\api\model\constraint\Pattern.java,0.48355091639927456,0.10718953268868582,0.2519775118146624,0.2594902038574219,0.13587278638567243,0.2643153326851981,Apps,0.48355091639927456
bigbluebutton\bbb-common-web\src\main\java\org\bigbluebutton\web\services\WaitingGuestCleanupTimerTask.java,0.5053695678710938,0.003906263623918806,0.06111312593732562,0.21228366579328264,0.07548254558018276,0.21365532193865094,Apps,0.5053695678710938
bigbluebutton\akka-bbb-fsesl\src\main\java\org\bigbluebutton\freeswitch\voice\events\VoiceUsersStatusEvent.java,0.2588724681309291,3067.887306213379,3510.932960510254,0.028842851093837194,0.16660761151994977,0.11995743342808314,FreeSWITCH,3510.932960510254
bigbluebutton\akka-bbb-fsesl\src\main\java\org\bigbluebutton\freeswitch\voice\events\VoiceConfRunningAndRecordingEvent.java,0.2588724681309291,3067.887306213379,3510.932960510254,0.08031189782278879,0.35609942844935827,0.11995743342808314,FreeSWITCH,3510.932960510254
bigbluebutton\bbb-common-web\src\main\java\org\bigbluebutton\presentation\messages\PresentationConvertMessage.java,0.19112860815865654,0.004212806480271476,0.06129775047302246,2.703011213030134,0.06023439679827009,0.28804296766008647,Presentation Conversion,2.703011213030134
bigbluebutton\bbb-common-web\src\main\java\org\bigbluebutton\api\service\impl\RecordingServiceDbImpl.java,0.9083339146205357,0.1739837237766811,0.1584909302847726,1.7077232360839845,0.7388731820242745,0.2521267754690988,Presentation Conversion,1.7077232360839845
bigbluebutton\akka-bbb-fsesl\src\main\java\org\bigbluebutton\freeswitch\voice\ConferenceServerListener.java,0.11060489927019392,2862.78621673584,3585.9189224243164,0.11264192717415945,0.0,0.03057753699166434,FreeSWITCH,3585.9189224243164
bigbluebutton\bbb-common-web\src\main\java\org\bigbluebutton\api\domain\Preview.java,0.29738824026925226,0.004099269424165998,0.06123065948486328,0.4582347869873047,0.0,0.03061532974243164,Presentation Conversion,0.4582347869873047
bigbluebutton\bbb-common-web\src\main\java\org\bigbluebutton\api\util\MeetingsResponse.java,0.4733855656215123,0.07423287119184221,0.06128641537257603,0.1052915232522147,0.05757272584097726,0.08821593693324498,Apps,0.4733855656215123
bigbluebutton\bbb-fsesl-client\src\test\java\org\freeswitch\esl\client\inbound\ClientTest.java,0.724374989100865,3207.6133346557617,2838.9408111572266,0.311261967250279,0.2525117056710379,0.15868682861328126,FSESL,3207.6133346557617
bigbluebutton\bbb-common-web\src\main\java\org\bigbluebutton\api\util\DataStore.java,0.5632120949881417,0.08399013791765486,0.14939015252249582,0.2491147722516741,0.4977952139718192,0.13313302993774415,Apps,0.5632120949881417
bigbluebutton\bbb-common-web\src\main\java\org\bigbluebutton\api\messaging\messages\StunTurnInfoRequested.java,0.5446457999093192,0.08091085297720772,0.061252777917044504,0.10512978690011161,0.1387544631958008,0.3455107280186244,Apps,0.5446457999093192
bigbluebutton\bbb-common-web\src\main\java\org\bigbluebutton\api\model\request\InsertDocument.java,0.5952300480433873,0.10860015324183873,0.16285157884870258,0.2513625281197684,0.12564167295183454,0.1371601104736328,Apps,0.5952300480433873
bigbluebutton\bbb-common-web\src\main\java\org\bigbluebutton\api\domain\UserSession.java,0.6773202623639788,0.364259147644043,0.4733255113874163,0.15791222708565847,0.1283267021179199,0.11478830065046038,Apps,0.6773202623639788
bigbluebutton\bbb-fsesl-client\src\main\java\org\freeswitch\esl\client\inbound\InboundClientHandler.java,0.4648182460239955,3528.805732727051,3077.04158782959,0.11191778182983399,0.2308892386300223,0.23598006112234934,FSESL,3528.805732727051
bigbluebutton\bbb-common-web\src\main\java\org\bigbluebutton\web\services\KeepAliveService.java,0.39159725734165735,0.2582366670880999,0.12399044036865234,0.39407010759626115,0.23381592886788505,3.8280465262276784,Redis PubSub,3.8280465262276784
bigbluebutton\bbb-common-web\src\main\java\org\bigbluebutton\api\messaging\converters\messages\KeepAliveMessage.java,0.3615604945591518,0.08046723093305315,0.0612196854182652,0.10497072764805385,0.059639508383614676,0.21988438197544644,Apps,0.3615604945591518
bigbluebutton\bbb-common-web\src\main\java\org\bigbluebutton\api\messaging\messages\MakePresentationDownloadableMsg.java,0.5370923723493304,0.0797448022024972,0.06116570063999721,0.10471140997750418,0.1368880271911621,0.3404460089547294,Apps,0.5370923723493304
bigbluebutton\bbb-common-web\src\main\java\org\bigbluebutton\api\messaging\converters\messages\DeletedRecordingMessage.java,0.3615604945591518,0.08046723093305315,0.0612196854182652,0.10497072764805385,0.15993757247924806,0.21988438197544644,Apps,0.3615604945591518
bigbluebutton\bbb-common-web\src\main\java\org\bigbluebutton\api\model\constraint\list\PatternList.java,0.4179753167288644,0.11846355710710799,0.15176209041050504,0.19443013327462333,0.09061758177621024,0.1806671415056501,Apps,0.4179753167288644
bigbluebutton\bbb-common-web\src\main\java\org\bigbluebutton\api\ApiErrors.java,0.836244147164481,0.28083981105259487,0.3688736779349191,0.3413188934326172,0.3815116337367466,0.18951680319649833,Apps,0.836244147164481
bigbluebutton\bbb-common-web\src\main\java\org\bigbluebutton\presentation\imp\BigPdfException.java,0.17205021721976144,0.032256759916033065,0.08827033724103656,2.935422624860491,0.01817223003932408,0.10314511571611677,Presentation Conversion,2.935422624860491
bigbluebutton\bbb-common-web\src\main\java\org\bigbluebutton\api\model\request\RequestWithChecksum.java,0.3954960686819894,0.09425663266863142,0.12789768491472517,0.21382842745099748,0.06680521283830915,0.07770285606384278,Apps,0.3954960686819894
bigbluebutton\bbb-common-web\src\main\java\org\bigbluebutton\presentation\handlers\Office2PdfConverterHandler.java,0.12639947618756975,0.1053422382899693,0.061378860473632814,2.7007330758231025,0.0,0.09755936350141253,Presentation Conversion,2.7007330758231025
bigbluebutton\bbb-common-web\src\main\java\org\bigbluebutton\api2\IMeetingService.java,0.8660769326346262,0.21584969929286413,0.2711699622017997,0.11751274381365096,0.16671086720057895,0.36809517996651786,Apps,0.8660769326346262
bigbluebutton\akka-bbb-fsesl\src\main\java\org\bigbluebutton\freeswitch\voice\events\VoiceConfRunningEvent.java,0.2631887708391462,3139.0331268310547,3567.295265197754,0.028856035641261508,0.16987454550606865,0.12183211190359933,FreeSWITCH,3567.295265197754
bigbluebutton\bbb-common-web\src\main\java\org\bigbluebutton\api\model\request\RequestParameters.java,0.3927394049508231,0.10071180207388741,0.13260713304792132,0.21251441410609653,0.07125177383422851,0.08097305297851562,Apps,0.3927394049508231
bigbluebutton\akka-bbb-fsesl\src\main\java\org\bigbluebutton\freeswitch\voice\events\VoiceUserLeftEvent.java,0.32446436200823103,3179.0957260131836,3615.370330810547,0.028856035641261508,0.16987454550606865,0.12183211190359933,FreeSWITCH,3615.370330810547
bigbluebutton\bbb-common-web\src\main\java\org\bigbluebutton\web\services\callback\DelayCallback.java,0.41026009150913784,0.2853301184517997,0.07206153869628906,0.16246953691755023,0.1439258302961077,0.18158775057111468,Apps,0.41026009150913784
bigbluebutton\bbb-common-web\src\main\java\org\bigbluebutton\api\model\validator\IsBooleanValidator.java,0.3734316417149135,0.09476229122706822,0.12826757431030272,0.15186218534197127,0.06715444837297713,0.07795970099312918,Apps,0.3734316417149135
bigbluebutton\bbb-fsesl-client\src\main\java\org\freeswitch\esl\client\manager\DefaultManagerConnection.java,0.13552428654261997,3048.6417388916016,2912.9638671875,0.04160755361829485,0.016781391416277203,0.012941471167973109,FSESL,3048.6417388916016
bigbluebutton\bbb-common-web\src\main\java\org\bigbluebutton\api\messaging\messages\UserJoined.java,0.812903322492327,0.3099413463047573,0.14877884728567942,0.15355689185006277,0.1541255269731794,0.328382819039481,Apps,0.812903322492327
bigbluebutton\bbb-common-web\src\main\java\org\bigbluebutton\presentation\imp\ThumbnailCreatorImp.java,0.6025727953229632,0.214804322378976,0.2810528073992048,2.7030360630580357,0.37479885646275113,0.3700850078037807,Presentation Conversion,2.7030360630580357
bigbluebutton\bbb-common-web\src\main\java\org\bigbluebutton\api\model\constraint\MeetingNameConstraint.java,0.6679932730538505,0.25624711172921316,0.1851557459150042,0.31734392983572823,0.2520369393484933,0.5776452200753348,Apps,0.6679932730538505
bigbluebutton\bbb-common-message\src\main\java\org\bigbluebutton\common2\redis\Keys.java,0.4312220437186105,0.11738095964704241,0.06123065948486328,0.13687098366873604,4.36046883719308,4.659114728655134,Redis PubSub,4.659114728655134
bigbluebutton\bbb-common-web\src\main\java\org\bigbluebutton\presentation\imp\PresentationToConvert.java,0.12497002737862724,0.004099269424165998,0.06123065948486328,2.736348397391183,0.0,0.09614535059247697,Presentation Conversion,2.736348397391183
bigbluebutton\akka-bbb-fsesl\src\main\java\org\bigbluebutton\freeswitch\voice\freeswitch\actions\CheckFreeswitchStatusCommand.java,0.2978316443307059,2922.517623901367,3860.516128540039,0.1493438448224749,0.039568853378295896,0.04145536422729492,FreeSWITCH,3860.516128540039
bigbluebutton\bbb-common-web\src\main\java\org\bigbluebutton\api\model\constraint\UserSessionConstraint.java,0.5096430097307477,0.24928528921944754,0.2168809073311942,0.2307035173688616,0.19090352739606584,0.3969557898385184,Apps,0.5096430097307477
bigbluebutton\bbb-common-web\src\main\java\org\bigbluebutton\api\model\validator\GuestPolicyValidator.java,0.5130145481654576,0.09375642367771693,0.15610306603567942,0.15117462703159879,0.0950310162135533,0.10602010318211147,Apps,0.5130145481654576
bigbluebutton\bbb-common-web\src\main\java\org\bigbluebutton\web\services\turn\TurnServer.java,0.32075631277901784,0.08471159934997559,0.1163287843976702,0.18655332837785993,0.23039182935442243,0.2461848395211356,Apps,0.32075631277901784
bigbluebutton\bbb-common-web\src\main\java\org\bigbluebutton\api\model\validator\PasswordValidator.java,0.3829449244907924,0.1130802767617362,0.15873579297746931,0.17609059470040458,0.07556646892002651,0.1950648716517857,Apps,0.3829449244907924
bigbluebutton\bbb-common-web\src\main\java\org\bigbluebutton\presentation\UploadedPresentation.java,0.36430249895368305,0.03093545777457101,0.08846864019121442,3.7120169503348213,0.07925843511308943,0.19576985495431082,Presentation Conversion,3.7120169503348213
bigbluebutton\bbb-common-web\src\main\java\org\bigbluebutton\api\util\ParamsUtil.java,0.5170575278145927,0.042646241188049314,0.12680390221732005,0.17012721470424108,0.06897632735116141,0.08571940830775669,Apps,0.5170575278145927
bigbluebutton\bbb-common-message\src\main\java\org\bigbluebutton\common2\redis\pubsub\MessageSender.java,0.6279335566929408,0.5706302097865513,0.26007325308663504,0.38090506962367465,4.5172956194196425,8.93594709123884,Redis PubSub,8.93594709123884
bigbluebutton\bbb-common-web\src\main\java\org\bigbluebutton\presentation\handlers\Png2SvgConversionHandler.java,0.12639947618756975,0.1053422382899693,0.061378860473632814,2.7007330758231025,0.0,0.09755936350141253,Presentation Conversion,2.7007330758231025
bigbluebutton\bbb-common-web\src\main\java\org\bigbluebutton\presentation\handlers\PdfFontType3DetectorHandler.java,0.14585098539079938,0.12394504547119141,0.09180128233773367,2.7448538643973213,0.010171622889382498,0.10684895515441895,Presentation Conversion,2.7448538643973213
bigbluebutton\akka-bbb-fsesl\src\main\java\org\bigbluebutton\freeswitch\voice\events\VoiceUserMutedEvent.java,0.3222273690359933,3185.4098892211914,3588.9734649658203,0.02884988444192069,0.16836572374616351,0.12096629823957171,FreeSWITCH,3588.9734649658203
bigbluebutton\bbb-common-web\src\main\java\org\bigbluebutton\presentation\messages\DocPageCountFailed.java,0.36719256809779577,0.003598234908921378,0.06091587884085519,2.5622004917689734,0.10882141249520438,0.32619634355817523,Presentation Conversion,2.5622004917689734
bigbluebutton\bbb-common-web\src\main\java\org\bigbluebutton\api\domain\GuestPolicy.java,0.3199413572038923,0.004099269424165998,0.06123065948486328,0.10502345221383232,0.0,0.03061532974243164,Apps,0.3199413572038923
bigbluebutton\bbb-common-message\src\main\java\org\bigbluebutton\common2\redis\pubsub\MessageDistributor.java,0.2726063592093331,0.43719891139439176,0.09905850546700613,0.29110870361328123,4.322056361607143,8.836001150948661,Redis PubSub,8.836001150948661
bigbluebutton\bbb-common-web\src\main\java\org\bigbluebutton\api\messaging\messages\KeepAliveReply.java,0.38336614881243025,0.08032107353210449,0.06120877265930176,0.10491829599652971,0.08532144001552038,0.2904557091849191,Apps,0.38336614881243025
bigbluebutton\akka-bbb-fsesl\src\main\java\org\bigbluebutton\freeswitch\voice\freeswitch\actions\EjectUserCommand.java,0.1928910800388881,2821.4699172973633,3824.084053039551,0.028847500256129675,0.0,0.030593562126159667,FreeSWITCH,3824.084053039551
bigbluebutton\bbb-common-web\src\main\java\org\bigbluebutton\presentation\imp\OfficeToPdfConversionService.java,0.45756334577287944,0.093166869027274,0.1558439118521554,5.300241960797991,0.37529209681919645,0.43164285932268415,Presentation Conversion,5.300241960797991
bigbluebutton\akka-bbb-fsesl\src\main\java\org\bigbluebutton\freeswitch\voice\events\VoiceCallStateEvent.java,0.401656368800572,3135.3366470336914,3563.041763305664,0.02883084842136928,0.1828714643205915,0.11818835394723075,FreeSWITCH,3563.041763305664
bigbluebutton\bbb-common-web\src\main\java\org\bigbluebutton\presentation\PageExtractor.java,0.23995794568743026,0.040860380445207865,0.09791203907557897,2.941324942452567,0.03656832150050572,0.1337923458644322,Presentation Conversion,2.941324942452567
bigbluebutton\bbb-common-web\src\main\java\org\bigbluebutton\presentation\messages\DocConversionProgress.java,0.36719256809779577,0.003598234908921378,0.06091587884085519,2.5622004917689734,0.10882141249520438,0.32619634355817523,Presentation Conversion,2.5622004917689734
bigbluebutton\bbb-common-web\src\main\java\org\bigbluebutton\presentation\imp\TextFileCreatorImp.java,0.6829530443464007,0.2735906055995396,0.35483147757393974,2.8666277204241073,0.48027027675083706,0.4151391165597098,Presentation Conversion,2.8666277204241073
bigbluebutton\bbb-common-web\src\main\java\org\bigbluebutton\api\model\constraint\MeetingExistsConstraint.java,0.6577523912702288,0.23259072984967913,0.20871666499546596,0.2513729095458984,0.258141599382673,0.3979917253766741,Apps,0.6577523912702288
bigbluebutton\bbb-fsesl-client\src\main\java\org\freeswitch\esl\client\internal\debug\ChannelEventRunnable.java,0.22074792044503347,3396.697769165039,3179.9523544311523,0.0470167977469308,0.00908611501966204,0.03765754359109061,FSESL,3396.697769165039
bigbluebutton\akka-bbb-fsesl\src\main\java\org\bigbluebutton\freeswitch\voice\commands\RecordCommand.java,0.09351180621555873,2940.4040145874023,3726.2377548217773,0.02885857309613909,0.0,0.030643207686288015,FreeSWITCH,3726.2377548217773
bigbluebutton\bbb-common-web\src\main\java\org\bigbluebutton\api\model\validator\MeetingExistsValidator.java,0.6814878191266741,0.13968345097133092,0.18793307713099888,0.184731810433524,0.17442468915666853,0.1859431266784668,Apps,0.6814878191266741
bigbluebutton\bbb-common-web\src\main\java\org\bigbluebutton\api\domain\RecordingMetadata.java,0.47165309361049107,0.0037459275552204677,0.06101198877607073,0.15293359756469727,0.19540391649518693,0.08440865789140974,Apps,0.47165309361049107
bigbluebutton\akka-bbb-fsesl\src\main\java\org\bigbluebutton\freeswitch\voice\freeswitch\response\ConferenceMemberFlags.java,0.09637087413242885,2845.009307861328,3748.001136779785,0.08955849920000349,0.0,0.030582850319998606,FreeSWITCH,3748.001136779785
bigbluebutton\bbb-common-web\src\main\java\org\bigbluebutton\api\messaging\converters\messages\CreateMeetingMessage.java,0.5934600830078125,0.1557074683053153,0.20328363691057477,1.27154780796596,0.11073768479483469,0.2850531441824777,Presentation Conversion,1.27154780796596
bigbluebutton\bbb-common-web\src\main\java\org\bigbluebutton\api\domain\LockSettingsParams.java,0.2833756583077567,0.0037154274327414376,0.060992377144949775,0.10388013294764928,0.0,0.030496188572474887,Apps,0.2833756583077567
bigbluebutton\bbb-recording-imex\src\main\java\org\bigbluebutton\RecordingImportHandler.java,0.2978426797049386,0.18753091267177036,0.19284850529262,0.367815807887486,0.5940717424665178,0.2542191096714565,Redis DB,0.5940717424665178
bigbluebutton\bbb-common-web\src\main\java\org\bigbluebutton\presentation\imp\PresentationFileProcessor.java,0.5341127668108259,0.21422966548374722,0.22014600208827428,5.980433436802455,0.36420977456229076,0.573033959524972,Presentation Conversion,5.980433436802455
bigbluebutton\bbb-common-web\src\main\java\org\bigbluebutton\api\messaging\messages\EndMeeting.java,0.548549325125558,0.08151465143476214,0.06129775047302246,0.10534604617527553,0.1397265842982701,0.34815256936209543,Apps,0.548549325125558
bigbluebutton\bbb-common-web\src\main\java\org\bigbluebutton\api\messaging\messages\UserListeningOnly.java,0.601859882899693,0.112781708581107,0.1001615388052804,0.10491829599652971,0.1378086771283831,0.3429429462977818,Apps,0.601859882899693
bigbluebutton\akka-bbb-fsesl\src\main\java\org\bigbluebutton\freeswitch\voice\events\FreeswitchStatusReplyEvent.java,0.3595033918108259,3115.9730529785156,3525.9714889526367,0.14090864998953684,0.16747967856270926,0.12045785358973912,FreeSWITCH,3525.9714889526367
bigbluebutton\bbb-common-web\src\main\java\org\bigbluebutton\api\model\request\MeetingRunning.java,0.5952300480433873,0.10860015324183873,0.16285157884870258,0.2513625281197684,0.12564167295183454,0.1371601104736328,Apps,0.5952300480433873
bigbluebutton\bbb-common-web\src\main\java\org\bigbluebutton\api2\RecordingServiceGW.java,0.549363272530692,0.0815331050327846,0.2119852066040039,0.23994503021240235,1.4228487287248883,1.371648188999721,Redis DB,1.4228487287248883
bigbluebutton\bbb-common-web\src\main\java\org\bigbluebutton\api\messaging\MessageDistributor.java,0.44890828813825334,0.3482347215924944,0.09926225117274694,0.1522608893258231,0.1271703175136021,0.2622936248779297,Apps,0.44890828813825334
bigbluebutton\bbb-common-web\src\main\java\org\bigbluebutton\presentation\messages\PageConvertProgressMessage.java,0.34571805681501117,0.003991690703800746,0.06116570063999721,2.7918637956891743,0.11157370294843401,0.3357743399483817,Presentation Conversion,2.7918637956891743
bigbluebutton\bbb-common-web\src\main\java\org\bigbluebutton\presentation\imp\PresentationConversionCompletionService.java,0.6165434156145368,0.2410257066999163,0.21340802056448802,6.476670619419643,0.3873534883771624,0.6302696228027344,Presentation Conversion,6.476670619419643
bigbluebutton\bbb-common-web\src\main\java\org\bigbluebutton\presentation\messages\DocPageCompletedProgress.java,0.3640099934169224,0.0034356823989323206,0.06080666950770787,2.5227650233677457,0.10760301862444197,0.3219939913068499,Presentation Conversion,2.5227650233677457
bigbluebutton\bbb-fsesl-client\src\main\java\org\freeswitch\esl\client\transport\SendMsg.java,0.6900938851492745,3667.677803039551,3015.018539428711,0.19808607101440429,0.10984223229544503,0.13900664193289622,FSESL,3667.677803039551
bigbluebutton\bbb-common-web\src\main\java\org\bigbluebutton\presentation\ConversionMessageConstants.java,0.15050762721470423,0.003598234908921378,0.06091587884085519,3.90498046875,0.0,0.12171343394688197,Presentation Conversion,3.90498046875
bigbluebutton\bbb-common-web\src\main\java\org\bigbluebutton\presentation\imp\CountingPageException.java,0.12305311475481306,0.0037769330399377004,0.06103180476597377,2.788616943359375,0.0,0.09424802916390555,Presentation Conversion,2.788616943359375
bigbluebutton\bbb-common-web\src\main\java\org\bigbluebutton\api\model\constraint\NotEmpty.java,0.558839362008231,0.17699737548828126,0.2721227373395647,0.31843793051583424,0.17794877461024694,0.31409416198730467,Apps,0.558839362008231
bigbluebutton\bbb-common-web\src\main\java\org\bigbluebutton\api\messaging\messages\UserJoinedVoice.java,0.601859882899693,0.112781708581107,0.1001615388052804,0.1303811754499163,0.1378086771283831,0.3429429462977818,Apps,0.601859882899693
bigbluebutton\bbb-common-web\src\main\java\org\bigbluebutton\presentation\handlers\AbstractCommandHandler.java,0.18399411610194616,0.12158075060163226,0.09977761677333287,2.44278324672154,0.024358292988368443,0.09703269004821777,Presentation Conversion,2.44278324672154
bigbluebutton\bbb-common-web\src\main\java\org\bigbluebutton\api2\IRecordingService.java,0.6787288665771485,0.0034882100565092906,0.060842364174979076,0.21252525874546596,0.3660594940185547,0.07433748245239258,Apps,0.6787288665771485
bigbluebutton\bbb-common-web\src\main\java\org\bigbluebutton\common\messages\BbbAppsIsAliveMessage.java,230.10079383850098,0.047960543632507326,0.08216819763183594,0.1744373321533203,0.1418964113507952,0.3190042768205915,Apps,230.10079383850098
bigbluebutton\bbb-fsesl-client\src\main\java\org\freeswitch\esl\client\internal\AbstractEslClientHandler.java,0.5602498735700335,3072.1546936035156,2737.4567794799805,0.23966805594308035,0.19835244587489537,0.39721685137067525,FSESL,3072.1546936035156
bigbluebutton\bbb-common-web\src\main\java\org\bigbluebutton\api\model\request\Stuns.java,0.5874813079833985,0.14532740456717355,0.1890209470476423,0.25198099953787667,0.11495203290666853,0.1269688742501395,Apps,0.5874813079833985
bigbluebutton\bbb-common-web\src\main\java\org\bigbluebutton\api\messaging\converters\messages\UnpublishedRecordingMessage.java,0.3615604945591518,0.08046723093305315,0.0612196854182652,0.10497072764805385,0.15993757247924806,0.21988438197544644,Apps,0.3615604945591518
bigbluebutton\bbb-common-web\src\main\java\org\bigbluebutton\api\model\entity\Thumbnail.java,0.2863951001848493,0.15413612638201032,0.11850549152919225,0.20792950221470424,0.06286070006234305,0.07516046932765416,Apps,0.2863951001848493
bigbluebutton\bbb-fsesl-client\src\main\java\org\freeswitch\esl\client\transport\message\EslFrameDecoder.java,0.4458919525146484,3062.7646255493164,2695.0582122802734,0.1653663090297154,0.17501377378191266,0.3123784473964146,FSESL,3062.7646255493164
bigbluebutton\akka-bbb-fsesl\src\main\java\org\bigbluebutton\freeswitch\voice\freeswitch\ESLEventListener.java,0.9453427995954241,2473.037643432617,3105.643310546875,0.20702717644827706,0.32565225873674664,0.3202228273664202,FreeSWITCH,3105.643310546875
bigbluebutton\bbb-common-web\src\main\java\org\bigbluebutton\api\IReceivedOldMessageHandler.java,0.33026204790387836,0.014328123841966902,0.061378860473632814,0.10575481142316545,0.027608704566955567,0.10661335672651018,Apps,0.33026204790387836
bigbluebutton\bbb-common-web\src\main\java\org\bigbluebutton\api\model\shared\ChecksumValidationGroup.java,0.3936732700892857,0.10100037029811314,0.13281700951712472,0.15611497334071567,0.07144992692129952,0.0811187812260219,Apps,0.3936732700892857
bigbluebutton\bbb-common-web\src\main\java\org\bigbluebutton\presentation\TextFileCreator.java,0.12628582545689174,0.004332812343324934,0.0613670825958252,2.8617765154157366,0.0,0.09744696617126465,Presentation Conversion,2.8617765154157366
bigbluebutton\akka-bbb-fsesl\src\main\java\org\bigbluebutton\freeswitch\voice\events\VoiceStartRecordingEvent.java,0.28706387111118864,3061.7352294921875,3505.973701477051,0.05741314206804548,0.16631998334612166,0.11979237965175084,FreeSWITCH,3505.973701477051
bigbluebutton\bbb-common-web\src\main\java\org\bigbluebutton\api\domain\CaptionTrack.java,0.29546279907226564,0.0040447648082460675,0.06119792120797293,0.1048661436353411,0.0,0.030598960603986466,Apps,0.29546279907226564
bigbluebutton\bbb-common-web\src\main\java\org\bigbluebutton\api\service\ValidationService.java,0.569781984601702,0.19392570768083844,0.17009884970528738,0.34587222508021764,0.16173691068376814,0.2621114185878209,Apps,0.569781984601702
bigbluebutton\bbb-common-web\src\main\java\org\bigbluebutton\api\domain\Recordings.java,0.5734593527657645,0.04247555392129081,0.09970708574567522,0.2229818480355399,0.25442183358328685,0.12473079136439733,Apps,0.5734593527657645
bigbluebutton\bbb-common-web\src\main\java\org\bigbluebutton\api\messaging\messages\UserRoleChanged.java,0.7218916756766183,0.13528872898646763,0.12266856602260044,0.13117365155901228,0.16031570434570314,0.3429429462977818,Apps,0.7218916756766183
bigbluebutton\bbb-common-web\src\main\java\org\bigbluebutton\presentation\PageCounter.java,0.23084705897739954,0.0358905553817749,0.0929159300667899,2.922857666015625,0.031537072999136787,0.13138608932495116,Presentation Conversion,2.922857666015625
bigbluebutton\bbb-common-web\src\main\java\org\bigbluebutton\api\messaging\messages\PrivateGuestLobbyMessageChanged.java,0.57530517578125,0.08032107353210449,0.06120877265930176,0.10491829599652971,0.17803223473685129,0.452121216910226,Apps,0.57530517578125
bigbluebutton\bbb-common-web\src\main\java\org\bigbluebutton\presentation\handlers\PdfPageCounterHandler.java,0.1630573000226702,0.12053782599312919,0.0946535655430385,3.028851318359375,0.06575438635689872,0.15962626593453544,Presentation Conversion,3.028851318359375
bigbluebutton\akka-bbb-fsesl\src\main\java\org\bigbluebutton\freeswitch\voice\freeswitch\actions\BroadcastConferenceCommand.java,0.3434666497366769,2949.9892807006836,3893.0351638793945,0.052598428726196286,0.02857142857142857,0.030515902382986886,FreeSWITCH,3893.0351638793945
bigbluebutton\bbb-common-web\src\main\java\org\bigbluebutton\api2\domain\VoiceProp2.java,0.4173321315220424,0.03268919331686837,0.17552740914481027,0.09879777772086007,0.0,0.03062084402356829,Apps,0.4173321315220424
bigbluebutton\akka-bbb-apps\src\main\scala\org\bigbluebutton\core\util\jhotdraw\PathCommands.java,2251.7172241210938,0.03066910334995815,0.09192188126700265,0.03412771565573556,0.06739811216081892,0.030626388958522252,Apps,2251.7172241210938
bigbluebutton\bbb-common-web\src\main\java\org\bigbluebutton\api\domain\Breakout.java,0.44770496913364954,0.003923055103846959,0.061123527799333846,0.10450897897992815,0.052205651147024974,0.08276741845267159,Apps,0.44770496913364954
bigbluebutton\bbb-common-web\src\main\java\org\bigbluebutton\api\model\constraint\MeetingIDConstraint.java,0.746909659249442,0.23570502144949776,0.2676261901855469,0.37416043962751117,0.24827908107212612,0.5572444370814732,Apps,0.746909659249442
bigbluebutton\bbb-common-web\src\main\java\org\bigbluebutton\api\model\request\GetJoinUrl.java,0.46685573032924105,0.10860015324183873,0.19142300742013113,0.25607008252825053,0.07332640375409807,0.08484484127589635,Apps,0.46685573032924105
bigbluebutton\bbb-fsesl-client\src\main\java\org\freeswitch\esl\client\transport\CommandResponse.java,0.14454619543892996,3747.6401138305664,3253.5890197753906,0.046977479117257255,0.049944193022591725,0.112022978918893,FSESL,3747.6401138305664
bigbluebutton\bbb-fsesl-client\src\main\java\org\freeswitch\esl\client\transport\message\EslMessage.java,0.3651777539934431,3435.2706146240234,3075.660514831543,0.31150757925851,0.1273867470877511,0.2550060544695173,FSESL,3435.2706146240234
bigbluebutton\bbb-common-web\src\main\java\org\bigbluebutton\api\messaging\messages\RegisterUser.java,0.6228513990129744,0.09678069523402623,0.08217395373753139,0.12804626737322125,0.1514552525111607,0.3221829278128488,Apps,0.6228513990129744
bigbluebutton\bbb-common-web\src\main\java\org\bigbluebutton\presentation\handlers\ImageResizerHandler.java,0.14646509715488978,0.12487250736781529,0.09226199558803014,2.7289134434291293,0.010313796997070312,0.10731734548296247,Presentation Conversion,2.7289134434291293
bigbluebutton\bbb-fsesl-client\src\main\java\org\freeswitch\esl\client\internal\debug\ExecutionHandler.java,0.29961932046072826,3237.728843688965,3043.735885620117,0.028801321983337402,0.013221495492117746,0.1451955795288086,FSESL,3237.728843688965
bigbluebutton\akka-bbb-fsesl\src\main\java\org\bigbluebutton\freeswitch\voice\freeswitch\actions\GetAllUsersCommand.java,0.4722366877964565,2797.6992797851562,3784.662322998047,0.213536194392613,0.143183285849435,0.05833934375217983,FreeSWITCH,3784.662322998047
bigbluebutton\bbb-common-web\src\main\java\org\bigbluebutton\api\messaging\messages\UpdateRecordingStatus.java,0.5446457999093192,0.08091085297720772,0.061252777917044504,0.15736994062151227,0.3302291325160435,0.3455107280186244,Apps,0.5446457999093192
bigbluebutton\bbb-common-web\src\main\java\org\bigbluebutton\api\model\request\LearningDashboard.java,0.46685573032924105,0.10860015324183873,0.19142300742013113,0.25607008252825053,0.07332640375409807,0.08484484127589635,Apps,0.46685573032924105
bigbluebutton\bbb-common-web\src\main\java\org\bigbluebutton\presentation\ConversionUpdateMessage.java,0.2538234165736607,0.11276388849530901,0.1881650379725865,4.678571428571429,0.09046381541660854,0.2923877443586077,Presentation Conversion,4.678571428571429
bigbluebutton\bbb-recording-imex\src\test\java\org\bigbluebutton\RecordingStoreTest.java,0.19614693777901784,0.11375386374337333,0.10991294724600656,0.2718384334019252,0.5129627772739955,0.10832601955958775,Redis DB,0.5129627772739955
bigbluebutton\bbb-fsesl-client\src\main\java\org\freeswitch\esl\client\outbound\example\SimpleHangupOutboundHandler.java,0.6638972691127232,3360.4763793945312,3030.0939178466797,0.18124222074236188,0.39995708465576174,0.3485748291015625,FSESL,3360.4763793945312
bigbluebutton\bbb-common-web\src\main\java\org\bigbluebutton\api\messaging\messages\PositionInWaitingQueueUpdated.java,0.5667568206787109,0.08046723093305315,0.0612196854182652,0.10497072764805385,0.138042722429548,0.343578120640346,Apps,0.5667568206787109
bigbluebutton\bbb-common-web\src\main\java\org\bigbluebutton\api\model\request\JoinMeeting.java,0.7061963762555804,0.22880644117082868,0.229183714730399,0.2851949419294085,0.2142207281930106,0.28810182298932757,Apps,0.7061963762555804
bigbluebutton\bbb-fsesl-client\src\main\java\org\freeswitch\esl\client\outbound\AbstractOutboundClientHandler.java,0.5360537392752511,3940.81356048584,3286.1011123657227,0.1478289876665388,0.25091160365513393,0.25827388763427733,FSESL,3940.81356048584
bigbluebutton\bbb-common-web\src\main\java\org\bigbluebutton\web\services\turn\TurnEntry.java,0.27313780103410995,0.028810794012887136,0.06117638179234096,0.1552009037562779,0.0,0.12806264332362582,Apps,0.27313780103410995
bigbluebutton\bbb-common-web\src\main\java\org\bigbluebutton\api\model\validator\IsIntegralValidator.java,0.37762203216552737,0.09605086190359934,0.12920943668910434,0.15274227687290737,0.06804373604910714,0.07861371721540178,Apps,0.37762203216552737
bigbluebutton\bbb-fsesl-client\src\main\java\org\freeswitch\esl\client\manager\internal\ManagerConnectionImpl.java,0.4125945499965123,3582.3925399780273,3076.730499267578,0.08302595955984933,0.16843610491071428,0.06788554191589355,FSESL,3582.3925399780273
bigbluebutton\bbb-common-web\src\main\java\org\bigbluebutton\presentation\imp\PageExtractorImp.java,0.3250791822160993,0.07444808823721749,0.14866461072649276,2.9636162894112723,0.03474267550877162,0.1299656867980957,Presentation Conversion,2.9636162894112723
bigbluebutton\bbb-common-web\src\main\java\org\bigbluebutton\api\model\request\SignOut.java,0.46685573032924105,0.15006945473807198,0.19142300742013113,0.25607008252825053,0.07332640375409807,0.08484484127589635,Apps,0.46685573032924105
bigbluebutton\bbb-common-web\src\main\java\org\bigbluebutton\presentation\imp\PdfPageDownscaler.java,0.3817274638584682,0.09294133186340332,0.14711009434291294,2.769749232700893,1.0911702837262836,0.15720269339425222,Presentation Conversion,2.769749232700893
bigbluebutton\bbb-common-web\src\main\java\org\bigbluebutton\api\service\impl\RecordingServiceFileImpl.java,1.13472900390625,0.3213719231741769,0.42553138732910156,2.5707384381975444,2.0322250366210937,1.5776066371372768,Presentation Conversion,2.5707384381975444
bigbluebutton\bbb-common-web\src\main\java\org\bigbluebutton\api\messaging\converters\messages\PublishedRecordingMessage.java,0.3615604945591518,0.08046723093305315,0.0612196854182652,0.10497072764805385,0.15993757247924806,0.21988438197544644,Apps,0.3615604945591518
bigbluebutton\bbb-common-web\src\main\java\org\bigbluebutton\api\messaging\ReceivedMessage.java,0.3925035749162946,0.08151465143476214,0.06129775047302246,0.10534604617527553,0.10094296591622488,0.25678817204066684,Apps,0.3925035749162946
bigbluebutton\bbb-common-web\src\main\java\org\bigbluebutton\web\services\KeepAlivePong.java,0.246319089617048,0.004099269424165998,0.06123065948486328,0.15613703046526228,0.0,0.12901695796421597,Apps,0.246319089617048
bigbluebutton\bbb-common-web\src\main\java\org\bigbluebutton\api\model\constraint\JoinPasswordConstraint.java,0.39826205117361885,0.15308840615408761,0.14525187356131417,0.1519200597490583,0.12462719508579799,0.32203592572893414,Apps,0.39826205117361885
bigbluebutton\bbb-common-web\src\main\java\org\bigbluebutton\api\domain\Metadata.java,0.42831527165004185,0.07865638732910156,0.11810963494437081,0.23730580466134207,0.07858589036124093,0.08406204496111189,Apps,0.42831527165004185
bigbluebutton\bbb-common-web\src\main\java\org\bigbluebutton\api\model\validator\GetChecksumValidator.java,0.6443330492292132,0.2862318583897182,0.33658714294433595,0.3561520985194615,0.2858566011701311,0.267057991027832,Apps,0.6443330492292132
bigbluebutton\bbb-common-web\src\main\java\org\bigbluebutton\api\model\constraint\PostChecksumConstraint.java,0.46280130658830915,0.21232527324131556,0.18746768406459263,0.21103506088256835,0.18464599336896623,0.32647710527692525,Apps,0.46280130658830915
bigbluebutton\bbb-common-web\src\main\java\org\bigbluebutton\api\model\request\GuestWait.java,0.5918223244803292,0.10621993201119559,0.1898043360028948,0.2533153533935547,0.11593726021902902,0.12779124123709543,Apps,0.5918223244803292
bigbluebutton\bbb-common-web\src\main\java\org\bigbluebutton\presentation\imp\SvgImageCreatorImp.java,0.6402725219726563,0.35324202946254185,0.34207763671875,2.58466055733817,0.431972530909947,0.4122361591884068,Presentation Conversion,2.58466055733817
bigbluebutton\bbb-common-web\src\main\java\org\bigbluebutton\api\model\validator\SizeValidator.java,0.39647233145577565,0.09476229122706822,0.12826757431030272,0.23398099626813615,0.06715444837297713,0.07795970099312918,Apps,0.39647233145577565
bigbluebutton\bbb-common-web\src\main\java\org\bigbluebutton\presentation\imp\OfficeDocumentValidator.java,0.5523963928222656,0.16751016889299666,0.26358353751046315,2.8166554042271206,0.35720100402832033,0.40577479771205355,Presentation Conversion,2.8166554042271206
bigbluebutton\akka-bbb-fsesl\src\main\java\org\bigbluebutton\freeswitch\voice\events\AudioFloorChangedEvent.java,0.25925448281424385,3074.0898513793945,3550.9189224243164,0.028843998908996582,0.16689676557268415,0.12012335913521903,FreeSWITCH,3550.9189224243164
bigbluebutton\bbb-common-message\src\main\java\org\bigbluebutton\common2\redis\pubsub\MessageToSend.java,0.1743272236415318,0.23024915967668805,0.06124168804713658,0.24970771244594028,4.403584071568081,9.061200823102679,Redis PubSub,9.061200823102679
bigbluebutton\bbb-common-web\src\main\java\org\bigbluebutton\presentation\imp\OfficeDocumentValidator2.java,0.44601658412388395,0.12102125712803431,0.210009765625,2.6703582763671876,0.3493998118809291,0.3663519995553153,Presentation Conversion,2.6703582763671876
bigbluebutton\akka-bbb-fsesl\src\main\java\org\bigbluebutton\freeswitch\voice\IVoiceConferenceService.java,0.3396589006696429,2785.8290481567383,3411.474075317383,0.1831359727042062,0.2727214813232422,0.06066818237304687,FreeSWITCH,3411.474075317383
bigbluebutton\bbb-common-web\src\main\java\org\bigbluebutton\web\services\callback\MeetingEndedEvent.java,0.3932205745152065,0.003974307434899466,0.06115507398332868,0.18010807037353516,0.049780777522495816,0.17746876307896206,Apps,0.3932205745152065
bigbluebutton\bbb-common-web\src\main\java\org\bigbluebutton\api\messaging\messages\UserSharedWebcam.java,0.601859882899693,0.112781708581107,0.12873296737670897,0.10491829599652971,0.1378086771283831,0.3429429462977818,Apps,0.601859882899693
bigbluebutton\bbb-common-message\src\main\java\org\bigbluebutton\common2\redis\pubsub\ReceivedMessage.java,0.20159412111554828,0.22790859767368862,0.061187124252319335,0.2475222178867885,4.360853358677455,8.973420933314733,Redis PubSub,8.973420933314733
bigbluebutton\akka-bbb-fsesl\src\main\java\org\bigbluebutton\freeswitch\voice\freeswitch\actions\RecordConferenceCommand.java,0.3434666497366769,2949.9892807006836,3893.0351638793945,0.052598428726196286,0.02857142857142857,0.030515902382986886,FreeSWITCH,3893.0351638793945
bigbluebutton\bbb-common-web\src\main\java\org\bigbluebutton\api2\domain\Meeting2.java,0.58584714617048,0.03185861110687256,0.2035607474190848,0.10249905586242676,0.05368398598262242,0.0840357848576137,Apps,0.58584714617048
bigbluebutton\akka-bbb-apps\src\main\scala\org\bigbluebutton\core\util\jhotdraw\BezierWrapper.java,2109.205951690674,0.06040353775024414,0.09781904220581054,0.16499238695417132,0.06767099244253975,0.04216592311859131,Apps,2109.205951690674
bigbluebutton\bigbluebutton-web\test\groovy\org\bigbluebutton\api\messaging\NullMessagingService.java,0.5792156764439174,0.11050805364336286,0.17560510635375975,0.09864722660609654,0.12520194734845844,0.11160269464765277,Apps,0.5792156764439174
bigbluebutton\bbb-common-web\src\main\java\org\bigbluebutton\api\model\entity\CallbackData.java,0.4342301232474191,0.12094885962350028,0.10729365348815918,0.23075577872140066,0.2782654626028878,0.11487560272216797,Apps,0.4342301232474191
bigbluebutton\bbb-common-web\src\main\java\org\bigbluebutton\api\util\RecordingMetadataReaderHelper.java,0.44179744720458985,0.09921379770551408,0.22339019775390626,0.2699273790631975,1.5452593122209821,1.4948500497000559,Redis DB,1.5452593122209821
bigbluebutton\bbb-common-web\src\main\java\org\bigbluebutton\api\model\validator\UserSessionValidator.java,0.4339179447719029,0.09579030445643834,0.15759049824305943,0.15256438936505998,0.06786399568830218,0.07848153795514788,Apps,0.4339179447719029
bigbluebutton\bbb-common-web\src\main\java\org\bigbluebutton\api\LearningDashboardService.java,0.8283629281180246,0.26917525700160433,0.30219197954450333,0.4435347148350307,0.34918417249407085,0.31609328133719305,Apps,0.8283629281180246
bigbluebutton\bbb-common-web\src\main\java\org\bigbluebutton\api\domain\Image.java,0.29976978302001955,0.029606001717703685,0.07395059040614536,0.2858098711286272,0.012898772103445871,0.04342468125479562,Apps,0.29976978302001955
bigbluebutton\bbb-common-web\src\main\java\org\bigbluebutton\presentation\handlers\SvgConversionHandler.java,0.1727651732308524,0.13699451174054827,0.12210374559674944,2.7311817714146205,0.0846571717943464,0.17545818601335797,Presentation Conversion,2.7311817714146205
bigbluebutton\bbb-common-web\src\main\java\org\bigbluebutton\presentation\messages\DocPageCountExceeded.java,0.3640099934169224,0.0034356823989323206,0.06080666950770787,2.5227650233677457,0.10760301862444197,0.3219939913068499,Presentation Conversion,2.5227650233677457
bigbluebutton\bbb-common-web\src\main\java\org\bigbluebutton\api\domain\RecordingMetadataPlayback.java,0.3017201559884208,0.00354236832686833,0.06087876047406878,0.27529800959995815,0.05714285714285714,0.03043938023703439,Apps,0.3017201559884208
bigbluebutton\akka-bbb-fsesl\src\main\java\org\bigbluebutton\freeswitch\voice\freeswitch\actions\ConferenceCheckRecordCommand.java,0.31429007393973213,2641.224937438965,3569.316940307617,0.33245201110839845,0.22223870413643973,0.06213357789175851,FreeSWITCH,3569.316940307617
bigbluebutton\bbb-common-web\src\main\java\org\bigbluebutton\api\messaging\converters\messages\DestroyMeetingMessage.java,0.5191291809082031,0.08046723093305315,0.0612196854182652,0.10497072764805385,0.11216241291591099,0.27240728650774276,Apps,0.5191291809082031
bigbluebutton\bbb-common-web\src\main\java\org\bigbluebutton\api\messaging\messages\GuestsStatus.java,0.49758998325892856,0.11376463345118931,0.1005089282989502,0.21824791772024973,0.0599766731262207,0.221030398777553,Apps,0.49758998325892856
bigbluebutton\bbb-common-web\src\main\java\org\bigbluebutton\api\domain\RegisteredUser.java,0.3950202396937779,0.03448242459978376,0.09800682749067034,0.20115908214024136,0.0,0.03043938023703439,Apps,0.3950202396937779
bigbluebutton\bbb-common-web\src\main\java\org\bigbluebutton\presentation\imp\PdfPageCounter.java,0.27829875946044924,0.11901493072509765,0.11404059273856026,3.045147923060826,0.11295937810625349,0.2299121856689453,Presentation Conversion,3.045147923060826
bigbluebutton\akka-bbb-fsesl\src\main\java\org\bigbluebutton\freeswitch\voice\freeswitch\IDelayedCommandListener.java,0.09730231421334402,2943.8687133789062,3823.1606674194336,0.02886378765106201,0.0,0.030666065216064454,FreeSWITCH,3823.1606674194336
bigbluebutton\bbb-common-web\src\main\java\org\bigbluebutton\presentation\PageAnalyser.java,0.2285574095589774,0.0358905553817749,0.0929159300667899,2.87943115234375,0.031537072999136787,0.12909643990652903,Presentation Conversion,2.87943115234375
bigbluebutton\bbb-common-web\src\main\java\org\bigbluebutton\api\service\XmlService.java,0.43945345197405133,0.0681424617767334,0.0610518183026995,0.362042726789202,0.34106221880231585,0.08776176316397531,Apps,0.43945345197405133
bigbluebutton\bbb-common-web\src\main\java\org\bigbluebutton\presentation\imp\ImageResizerImp.java,0.2760255541120257,0.1135690348488944,0.11846075057983399,4.056996808733259,0.05890153476170131,0.2030761582510812,Presentation Conversion,4.056996808733259
bigbluebutton\akka-bbb-fsesl\src\main\java\org\bigbluebutton\freeswitch\voice\freeswitch\response\XMLResponseConferenceListParser.java,0.14749792643955775,2456.4022827148438,3491.3167572021484,0.10871941021510532,0.09151223727634974,0.04101121085030692,FreeSWITCH,3491.3167572021484
bigbluebutton\akka-bbb-apps\src\main\scala\org\bigbluebutton\core\util\jhotdraw\Bezier.java,1992.5864601135254,0.11518846239362444,0.13327734810965403,0.1829756872994559,0.13416433334350586,0.09597147532871791,Apps,1992.5864601135254
bigbluebutton\bbb-common-web\src\main\java\org\bigbluebutton\api\model\validator\JoinPasswordValidator.java,0.5882823944091797,0.1634345735822405,0.16006183624267578,0.17161337988717215,0.13634794780186243,0.1998241969517299,Apps,0.5882823944091797
bigbluebutton\bbb-fsesl-client\src\test\java\org\freeswitch\esl\client\outbound\SocketClientTest.java,0.30282042367117745,3610.7339096069336,3238.7774658203125,0.05200425216129848,0.058483457565307616,0.011572338002068656,FSESL,3610.7339096069336
bigbluebutton\bbb-common-web\src\main\java\org\bigbluebutton\api\domain\Playback.java,0.29691796983991353,0.015966853073665074,0.06077165603637695,0.27770350319998605,0.0,0.030385828018188475,Apps,0.29691796983991353
bigbluebutton\akka-bbb-apps\src\main\scala\org\bigbluebutton\core\util\jhotdraw\Shapes.java,2156.32905960083,0.041130079541887556,0.0940932273864746,0.04044872692653111,0.06443758692060197,0.03794611862727574,Apps,2156.32905960083
bigbluebutton\akka-bbb-fsesl\src\main\java\org\bigbluebutton\freeswitch\voice\events\ConferenceEventListener.java,0.3899149758475167,3414.288558959961,3634.5093536376953,0.02886378765106201,0.26898814610072547,0.16612397602626255,FreeSWITCH,3634.5093536376953
bigbluebutton\bbb-common-web\src\main\java\org\bigbluebutton\api\domain\BreakoutRoomsParams.java,0.2904761178152902,0.003906263623918806,0.06111312593732562,0.10445904731750488,0.0,0.03055656296866281,Apps,0.2904761178152902
bigbluebutton\bbb-common-web\src\main\java\org\bigbluebutton\presentation\ImageResizer.java,0.12628582545689174,0.004332812343324934,0.0613670825958252,2.828199768066406,0.0,0.09744696617126465,Presentation Conversion,2.828199768066406
bigbluebutton\akka-bbb-fsesl\src\main\java\org\bigbluebutton\freeswitch\voice\events\VoiceUserLockedEvent.java,0.3859552928379604,3301.778907775879,3588.9734649658203,0.02884988444192069,0.16836572374616351,0.12096629823957171,FreeSWITCH,3588.9734649658203
bigbluebutton\bbb-common-web\src\main\java\org\bigbluebutton\api\ApiParams.java,0.5286245618547712,0.10303762980869838,0.24378820146833147,1.2895820617675782,0.17543807710920062,0.14982743944440569,Presentation Conversion,1.2895820617675782
bigbluebutton\bbb-common-web\src\main\java\org\bigbluebutton\presentation\OfficeToPdfConversionSuccessFilter.java,0.23472281864711217,0.15039848600115094,0.14378433227539061,4.323852975027902,0.08308072771344865,0.2933409554617746,Presentation Conversion,4.323852975027902
bigbluebutton\bbb-common-web\src\main\java\org\bigbluebutton\api\domain\Recording.java,0.6591679164341517,0.041539297785077776,0.10126406805855888,0.5551900591169084,0.23313781193324498,0.2189135823931013,Apps,0.6591679164341517
bigbluebutton\bbb-common-message\src\main\java\org\bigbluebutton\common2\redis\RedisAwareCommunicator.java,0.5045758383614677,0.5580271584647042,0.21790409088134766,0.2172440256391253,4.677869524274554,4.840542166573661,Redis PubSub,4.840542166573661
bigbluebutton\bbb-common-web\src\main\java\org\bigbluebutton\api\domain\MeetingLayout.java,0.38839247567313057,0.004252062950815473,0.0613206045968192,0.10545601163591657,0.02857142857142857,0.05923173086983817,Apps,0.38839247567313057
bigbluebutton\bbb-common-web\src\main\java\org\bigbluebutton\api2\IBbbWebApiGWApp.java,0.7253106798444475,0.12989910670689175,0.21533028738839285,1.2567891802106586,0.13898534774780275,0.32802464621407645,Presentation Conversion,1.2567891802106586
bigbluebutton\akka-bbb-fsesl\src\main\java\org\bigbluebutton\freeswitch\voice\commands\GetUsersCommand.java,0.09351180621555873,2940.4040145874023,3726.2377548217773,0.02885857309613909,0.0,0.030643207686288015,FreeSWITCH,3726.2377548217773
bigbluebutton\bbb-common-web\src\main\java\org\bigbluebutton\presentation\Page.java,0.13948729378836497,0.031145807674952914,0.07477058683122907,2.8685008457728793,0.013426874365125383,0.11065090724400112,Presentation Conversion,2.8685008457728793
bigbluebutton\akka-bbb-apps\src\main\scala\org\bigbluebutton\core\util\jhotdraw\Geom.java,1954.493465423584,0.05570318017687116,0.13328850609915596,0.13790909903390067,0.5759992871965681,0.6064405713762556,Apps,1954.493465423584
bigbluebutton\bbb-common-web\src\main\java\org\bigbluebutton\presentation\imp\PngCreatorImp.java,0.6682050432477679,0.2857619421822684,0.3105687005179269,2.8262810843331474,0.39117039271763393,0.39660652705601285,Presentation Conversion,2.8262810843331474
bigbluebutton\bbb-common-web\src\main\java\org\bigbluebutton\api\pub\IPublisherService.java,0.6810189928327288,0.10827725955418178,0.19999498639787947,0.17640420368739537,0.13076790400913785,0.30980025700160435,Apps,0.6810189928327288
bigbluebutton\bbb-common-message\src\main\java\org\bigbluebutton\common2\redis\pubsub\MessageHandler.java,0.17233780452183314,0.23363704681396485,0.0613206045968192,0.25286859784807475,4.460859026227679,9.142412458147321,Redis PubSub,9.142412458147321
bigbluebutton\bbb-common-web\src\main\java\org\bigbluebutton\api\model\constraint\IsBooleanConstraint.java,0.44655516488211494,0.11954747608729771,0.15263541085379465,0.1955772944859096,0.14969357081821988,0.29112121037074495,Apps,0.44655516488211494
bigbluebutton\bbb-common-web\src\main\java\org\bigbluebutton\api\service\impl\XmlServiceImpl.java,0.6820735931396484,0.16267761502947126,0.1397911889212472,1.1580321175711497,0.6471342359270368,0.2948930740356445,Presentation Conversion,1.1580321175711497
bigbluebutton\bbb-common-web\src\main\java\org\bigbluebutton\api2\domain\MeetingProp2.java,0.48285304478236607,0.0037459275552204677,0.06101198877607073,0.12280946459089007,0.02857142857142857,0.059077426365443636,Apps,0.48285304478236607
bigbluebutton\bbb-common-web\src\main\java\org\bigbluebutton\api\model\validator\NotNullValidator.java,0.4096266337803432,0.15425051280430385,0.15855249677385602,0.18203487396240234,0.09734373092651367,0.1077209677015032,Apps,0.4096266337803432
bigbluebutton\akka-bbb-fsesl\src\main\java\org\bigbluebutton\freeswitch\voice\freeswitch\actions\FreeswitchCommand.java,0.24423868996756418,2920.157890319824,4001.8227005004883,0.04745820590427944,0.0,0.03057753699166434,FreeSWITCH,4001.8227005004883
bigbluebutton\akka-bbb-fsesl\src\main\java\org\bigbluebutton\freeswitch\voice\events\VoiceUserTalkingEvent.java,0.3222273690359933,3145.6455612182617,3588.9734649658203,0.09712982177734375,0.16836572374616351,0.12096629823957171,FreeSWITCH,3588.9734649658203
bigbluebutton\bbb-fsesl-client\src\main\java\org\freeswitch\esl\client\transport\message\EslHeaders.java,0.7261088235037667,4244.725189208984,3379.66854095459,0.2135058947971889,0.272414425441197,0.32780867985316686,FSESL,4244.725189208984
bigbluebutton\bbb-common-web\src\main\java\org\bigbluebutton\presentation\SvgImageCreator.java,0.1261728150503976,0.0043123385735920495,0.061355366025652204,2.9140428815569197,0.0,0.09733518872942243,Presentation Conversion,2.9140428815569197
bigbluebutton\akka-bbb-fsesl\src\main\java\org\bigbluebutton\freeswitch\voice\freeswitch\actions\TransferUserToMeetingCommand.java,0.25728040422712056,2760.745429992676,3820.078353881836,0.052780195644923616,0.0,0.030536021505083357,FreeSWITCH,3820.078353881836
bigbluebutton\bbb-common-web\src\main\java\org\bigbluebutton\presentation\imp\ExternalProcessExecutor.java,0.3901218414306641,0.14274936403547014,0.20642964499337332,2.629387991768973,0.10454275267464774,0.18905699593680245,Presentation Conversion,2.629387991768973
bigbluebutton\akka-bbb-fsesl\src\main\java\org\bigbluebutton\freeswitch\voice\events\VoiceUserJoinedEvent.java,0.3547000067574637,3140.620346069336,3467.0411682128906,0.028822769437517437,0.16138947350638252,0.11696308680943081,FreeSWITCH,3467.0411682128906
bigbluebutton\bbb-fsesl-client\src\main\java\org\freeswitch\esl\client\transport\event\EslEventHeaderNames.java,0.6178329467773438,4069.1908645629883,3485.107536315918,0.22785481044224332,0.34228878021240233,0.25416436876569476,FSESL,4069.1908645629883
bigbluebutton\bbb-common-web\src\main\java\org\bigbluebutton\api\messaging\messages\CreateBreakoutRoom.java,0.4832726614815848,0.10010085105895997,0.17482985087803432,0.12470438820975167,0.12407917295183454,0.30600387028285436,Apps,0.4832726614815848
bigbluebutton\akka-bbb-fsesl\src\main\java\org\bigbluebutton\freeswitch\voice\commands\EjectUserCommand.java,0.09282956123352051,2896.912498474121,3688.1127166748047,0.02884988444192069,0.0,0.03060438632965088,FreeSWITCH,3688.1127166748047
bigbluebutton\bbb-common-web\src\main\java\org\bigbluebutton\presentation\messages\IPresentationCompletionMessage.java,0.1928517886570522,0.0043743482657841275,0.06139070647103446,2.705010986328125,0.06094278608049665,0.2912912096296038,Presentation Conversion,2.705010986328125
bigbluebutton\bbb-common-web\src\main\java\org\bigbluebutton\presentation\SupportedFileTypes.java,0.6894416809082031,0.26587600708007814,0.34295011247907364,3.1642769949776786,0.15253152847290039,0.27787791660853794,Presentation Conversion,3.1642769949776786
bigbluebutton\bbb-common-web\src\main\java\org\bigbluebutton\api\model\constraint\NotNull.java,0.46178937639508927,0.1724755150931222,0.1778118542262486,0.21992769241333007,0.1735091345650809,0.3103695733206613,Apps,0.46178937639508927
bigbluebutton\bbb-common-web\src\main\java\org\bigbluebutton\api2\domain\WelcomeProp2.java,0.4173321315220424,0.004117764745439802,0.06124168804713658,0.09879777772086007,0.0,0.03062084402356829,Apps,0.4173321315220424
bigbluebutton\bbb-common-web\src\main\java\org\bigbluebutton\api\model\constraint\list\NotNullList.java,0.446546745300293,0.17560641424996512,0.1803335189819336,0.2230015618460519,0.11918901715959822,0.2092385700770787,Apps,0.446546745300293
bigbluebutton\bbb-common-web\src\main\java\org\bigbluebutton\presentation\messages\IDocConversionMsg.java,0.1928517886570522,0.0043743482657841275,0.06139070647103446,2.705010986328125,0.06094278608049665,0.2912912096296038,Presentation Conversion,2.705010986328125
bigbluebutton\bbb-common-web\src\main\java\org\bigbluebutton\presentation\Util.java,0.3699371337890625,0.13488871710641043,0.20093423298427038,2.798420715332031,0.16876798357282366,0.2388072967529297,Presentation Conversion,2.798420715332031
bigbluebutton\akka-bbb-fsesl\src\main\java\org\bigbluebutton\freeswitch\voice\freeswitch\DelayedCommandSenderService.java,0.31640524183000834,2685.215530395508,3687.596015930176,0.13477845873151506,0.10788860321044921,0.3693154743739537,FreeSWITCH,3687.596015930176
bigbluebutton\bbb-common-web\src\main\java\org\bigbluebutton\api\domain\BreakoutRoom.java,0.3020042419433594,0.004232343605586461,0.06130914688110352,0.10540086882455009,0.0,0.03065457344055176,Apps,0.3020042419433594
bigbluebutton\bbb-common-web\src\main\java\org\bigbluebutton\api\domain\Meeting.java,0.798347909109933,0.29064930507114956,0.33991336822509766,1.4219294956752233,0.2458718981061663,0.26959590911865233,Presentation Conversion,1.4219294956752233
bigbluebutton\bigbluebutton-web\test\groovy\org\bigbluebutton\api\ParamsProcessorUtilTest.java,0.650754165649414,0.20988304955618722,0.18089912959507534,0.34727279118129184,0.16313366208757674,0.16165504455566407,Apps,0.650754165649414
bigbluebutton\bbb-common-web\src\main\java\org\bigbluebutton\api\MeetingService.java,1.1613417489188058,0.64530029296875,0.46896869114467077,1.764687020438058,1.7634581429617746,1.6816107613699778,Presentation Conversion,1.764687020438058
bigbluebutton\akka-bbb-fsesl\src\main\java\org\bigbluebutton\freeswitch\voice\FreeswitchConferenceEventListener.java,0.6629117693219866,2984.7988891601562,3049.1293334960938,0.2400592803955078,0.5114201136997768,0.39104230063302176,FreeSWITCH,3049.1293334960938
bigbluebutton\bbb-fsesl-client\src\main\java\org\freeswitch\esl\client\inbound\InboundPipelineFactory.java,0.14271019526890347,3503.6305236816406,3138.0579376220703,0.028826744215829033,0.0,0.15523293358939036,FSESL,3503.6305236816406
bigbluebutton\bbb-common-web\src\main\java\org\bigbluebutton\presentation\messages\DocInvalidMimeType.java,0.36932708195277625,0.0037154274327414376,0.060992377144949775,2.589745657784598,0.10966923577444894,0.32913428715297155,Presentation Conversion,2.589745657784598
bigbluebutton\bbb-common-web\src\main\java\org\bigbluebutton\web\services\KeepAliveMessage.java,0.25148754119873046,0.0043743482657841275,0.06139070647103446,0.15889794485909597,0.0,0.1318310056413923,Apps,0.25148754119873046
bigbluebutton\bbb-common-web\src\main\java\org\bigbluebutton\api\model\constraint\IsIntegralConstraint.java,0.44426381247384206,0.1188225473676409,0.15205131258283341,0.1948490415300642,0.14887242998395647,0.28950413295200894,Apps,0.44426381247384206
bigbluebutton\bbb-fsesl-client\src\main\java\org\freeswitch\esl\client\IEslEventListener.java,0.37254595075334823,3624.208450317383,3170.2832412719727,0.028804636001586913,0.158482905796596,0.05773843356541225,FSESL,3624.208450317383
bigbluebutton\bbb-common-web\src\main\java\org\bigbluebutton\api\model\request\Request.java,0.4118988037109375,0.09873793465750558,0.13117001397269112,0.22122746876307897,0.0698948792048863,0.07997513498578752,Apps,0.4118988037109375
bigbluebutton\bbb-common-web\src\main\java\org\bigbluebutton\api\domain\Config.java,0.298036984034947,0.004117764745439802,0.06124168804713658,0.1050764765058245,0.0,0.03062084402356829,Apps,0.298036984034947
bigbluebutton\bbb-common-web\src\main\java\org\bigbluebutton\api\messaging\messages\GuestPolicyChanged.java,0.5446457999093192,0.08091085297720772,0.061252777917044504,0.10512978690011161,0.1387544631958008,0.3455107280186244,Apps,0.5446457999093192
bigbluebutton\bbb-common-web\src\main\java\org\bigbluebutton\api2\domain\RecordProp2.java,0.4173321315220424,0.004117764745439802,0.06124168804713658,0.09879777772086007,0.0,0.03062084402356829,Apps,0.4173321315220424
bigbluebutton\bbb-common-web\src\main\java\org\bigbluebutton\api\util\ResponseBuilder.java,0.6777434212820871,0.1291309084211077,0.14609992163521904,0.44217218671526226,0.5377325875418527,0.3665123530796596,Apps,0.6777434212820871
bigbluebutton\bbb-common-web\src\main\java\org\bigbluebutton\api\model\validator\NotEmptyValidator.java,0.4096266337803432,0.15425051280430385,0.15855249677385602,0.18203487396240234,0.09734373092651367,0.1077209677015032,Apps,0.4096266337803432
bigbluebutton\bbb-common-message\src\main\java\org\bigbluebutton\common2\redis\RedisStorageService.java,0.9493253435407366,0.6759016309465681,0.3842179979596819,1.3332501002720425,4.038860212053572,3.757918003627232,Redis DB,4.038860212053572
bigbluebutton\bbb-common-web\src\main\java\org\bigbluebutton\presentation\imp\PdfSlidesGenerationService.java,0.12248615537370955,0.0652054854801723,0.06097296306065151,2.6780421665736607,0.0,0.13183118275233677,Presentation Conversion,2.6780421665736607
bigbluebutton\bbb-common-web\src\main\java\org\bigbluebutton\api\messaging\messages\CreateMeeting.java,0.5792100088936942,0.08121096747262137,0.06127514157976423,0.105237306867327,0.15011159351893832,0.35769658769880025,Apps,0.5792100088936942
bigbluebutton\bbb-common-web\src\main\java\org\bigbluebutton\presentation\messages\DocPageConversionStarted.java,0.3687670571463449,0.0036854190485818045,0.06097296306065151,2.582735552106585,0.10945450237819127,0.3283891132899693,Presentation Conversion,2.582735552106585
bigbluebutton\akka-bbb-apps\src\test\java\org\bigbluebutton\xml\Simple.java,2163.373146057129,0.021557559285845074,0.0613670825958252,0.03439110006604876,0.0,0.0306835412979126,Apps,2163.373146057129
bigbluebutton\bbb-common-web\src\main\java\org\bigbluebutton\web\services\EnteredUserCleanupTimerTask.java,0.5053695678710938,0.003906263623918806,0.06111312593732562,0.21228366579328264,0.07548254558018276,0.21365532193865094,Apps,0.5053695678710938
bigbluebutton\bbb-common-web\src\main\java\org\bigbluebutton\presentation\PngCreator.java,0.2271801267351423,0.035384178161621094,0.09243583679199219,2.9531725202287946,0.031092119216918946,0.12831614358084542,Presentation Conversion,2.9531725202287946
bigbluebutton\bbb-common-web\src\main\java\org\bigbluebutton\api\service\SessionService.java,0.6155367170061384,0.003974307434899466,0.08972650255475725,0.16340810230800085,0.04605467319488525,0.1353799274989537,Apps,0.6155367170061384
bigbluebutton\akka-bbb-fsesl\src\main\java\org\bigbluebutton\freeswitch\voice\freeswitch\response\ConferenceMember.java,0.09300041879926409,2603.3132553100586,3560.369338989258,0.04828103951045445,0.053441435950142994,0.05702380793435233,FreeSWITCH,3560.369338989258
bigbluebutton\bbb-common-web\src\main\java\org\bigbluebutton\presentation\handlers\Pdf2PngPageConverterHandler.java,0.12639947618756975,0.1053422382899693,0.061378860473632814,2.75787593296596,0.0,0.09755936350141253,Presentation Conversion,2.75787593296596
bigbluebutton\bbb-common-web\src\main\java\org\bigbluebutton\presentation\handlers\AddNamespaceToSvgHandler.java,0.12639947618756975,0.1053422382899693,0.061378860473632814,2.7007330758231025,0.0,0.09755936350141253,Presentation Conversion,2.7007330758231025
bigbluebutton\bbb-common-web\src\main\java\org\bigbluebutton\api\domain\User.java,0.7317664010184152,0.33374576568603515,0.3409332547869001,0.3572022574288504,0.03458170890808106,0.04291638306209019,Apps,0.7317664010184152
bigbluebutton\bbb-common-web\src\main\java\org\bigbluebutton\presentation\imp\ImageSlidesGenerationService.java,0.19352966036115374,0.12359117780412947,0.15252978461129324,5.961878749302455,0.08929493767874581,0.2920114517211914,Presentation Conversion,5.961878749302455
bigbluebutton\bbb-common-web\src\main\java\org\bigbluebutton\api2\domain\DurationProp2.java,0.41159068516322544,0.004009226816041129,0.06117638179234096,0.09858405249459402,0.0,0.03058819089617048,Apps,0.41159068516322544
bigbluebutton\bbb-common-web\src\main\java\org\bigbluebutton\presentation\DocumentConversionService.java,0.15440893173217773,0.004252062950815473,0.0613206045968192,2.7942143031529016,0.0,0.09700354848589215,Presentation Conversion,2.7942143031529016
bigbluebutton\bbb-common-web\src\main\java\org\bigbluebutton\presentation\imp\SlidesGenerationProgressNotifier.java,0.33147800990513393,0.16455072675432478,0.1281830106462751,3.6772051130022323,0.09630063601902553,0.3089996065412249,Presentation Conversion,3.6772051130022323
bigbluebutton\bbb-common-web\src\main\java\org\bigbluebutton\api\HTML5LoadBalancingService.java,0.46728717258998326,0.17051624570574078,0.21069326400756835,0.3153168814522879,0.10024774415152414,0.22460947036743165,Apps,0.46728717258998326
bigbluebutton\bbb-common-web\src\main\java\org\bigbluebutton\presentation\PresentationUrlDownloadService.java,0.8318775721958706,0.31908089773995535,0.2775066103254046,3.945371791294643,0.3342847006661551,0.3256638663155692,Presentation Conversion,3.945371791294643
bigbluebutton\bbb-common-web\src\main\java\org\bigbluebutton\api\messaging\messages\PresentationUploadToken.java,0.5942352294921875,0.0797448022024972,0.06116570063999721,1.2475685119628905,0.1368880271911621,0.3690174375261579,Presentation Conversion,1.2475685119628905
bigbluebutton\bbb-common-web\src\main\java\org\bigbluebutton\api\messaging\messages\UserLeft.java,0.6058723994663784,0.11356601715087891,0.10043897628784179,0.10512978690011161,0.1387544631958008,0.3455107280186244,Apps,0.6058723994663784
bigbluebutton\bbb-common-web\src\main\java\org\bigbluebutton\api\messaging\messages\IMessage.java,0.39970692225864957,0.08244778769356864,0.0613670825958252,0.10567972319466727,0.09295403616768973,0.31222825731549947,Apps,0.39970692225864957
bigbluebutton\bbb-common-web\src\main\java\org\bigbluebutton\api\messaging\messages\UserLockedInMeeting.java,0.6655878339494977,0.24023759024483818,0.1001615388052804,0.10491829599652971,0.1378086771283831,0.3429429462977818,Apps,0.6655878339494977
bigbluebutton\bbb-fsesl-client\src\main\java\org\freeswitch\esl\client\outbound\SocketClient.java,0.2747555868966239,3499.74552154541,3156.8177795410156,0.0911670276096889,0.0783311367034912,0.1416013445172991,FSESL,3499.74552154541
bigbluebutton\bbb-common-web\src\main\java\org\bigbluebutton\api\model\constraint\GetChecksumConstraint.java,0.46280130658830915,0.21232527324131556,0.18746768406459263,0.21103506088256835,0.18464599336896623,0.32647710527692525,Apps,0.46280130658830915
bigbluebutton\bbb-common-web\src\main\java\org\bigbluebutton\api\messaging\messages\GuestStatusChangedEventMsg.java,0.5408278329031808,0.08032107353210449,0.06120877265930176,0.10491829599652971,0.1378086771283831,0.3429429462977818,Apps,0.5408278329031808
bigbluebutton\bbb-common-web\src\main\java\org\bigbluebutton\api\RecordingService.java,0.7435449872698102,0.04385204996381487,0.11429600034441267,0.4479531969342913,0.4472810745239258,0.12523144313267298,Apps,0.7435449872698102
bigbluebutton\akka-bbb-fsesl\src\main\java\org\bigbluebutton\freeswitch\voice\freeswitch\actions\ForceEjectUserCommand.java,0.4099635532924107,3199.7060775756836,3988.7487030029297,0.050612565449305945,0.0810056141444615,0.04132861069270543,FreeSWITCH,3988.7487030029297
bigbluebutton\akka-bbb-fsesl\src\main\java\org\bigbluebutton\freeswitch\voice\events\VoiceConferenceEvent.java,0.2644110543387277,3159.614906311035,3583.2673263549805,0.02885985715048654,0.1707996504647391,0.12236296789986746,FreeSWITCH,3583.2673263549805
bigbluebutton\bbb-common-web\src\main\java\org\bigbluebutton\api\util\MeetingResponseDetail.java,0.48844282967703684,0.004117764745439802,0.06124168804713658,0.1050764765058245,0.06346863337925503,0.09408947399684361,Apps,0.48844282967703684
bigbluebutton\bbb-common-web\src\main\java\org\bigbluebutton\presentation\imp\PageCounterService.java,0.14708386829921177,0.042541180338178365,0.0960411480494908,2.615905107770647,0.019650343486240934,0.11045135089329311,Presentation Conversion,2.615905107770647
bigbluebutton\bbb-common-web\src\main\java\org\bigbluebutton\api\model\request\CreateMeeting.java,0.5185172489711216,0.1754065649850028,0.3493907928466797,0.24850458417619978,0.1664529391697475,0.2625523158482143,Apps,0.5185172489711216
bigbluebutton\bbb-common-web\src\main\java\org\bigbluebutton\web\services\turn\StunServer.java,0.2488537107195173,0.016857755184173585,0.06130914688110352,0.1574908937726702,0.0,0.1303969655718122,Apps,0.2488537107195173
bigbluebutton\bbb-common-web\src\main\java\org\bigbluebutton\api\model\constraint\list\SizeList.java,0.43708561488560266,0.11846355710710799,0.15176209041050504,0.26254070826939174,0.09061758177621024,0.1806671415056501,Apps,0.43708561488560266
bigbluebutton\bbb-common-web\src\main\java\org\bigbluebutton\api\messaging\ReceivedMessageHandler.java,0.6508512769426619,0.36890662057059154,0.12308755602155413,0.3929785592215402,3.374968828473772,7.016704014369419,Redis PubSub,7.016704014369419
bigbluebutton\akka-bbb-apps\src\main\scala\org\bigbluebutton\core\util\jhotdraw\PathData.java,2223.506031036377,0.06553920337132045,0.18915459769112722,0.033933581624712265,0.06597009386335101,0.030582850319998606,Apps,2223.506031036377
bigbluebutton\bbb-fsesl-client\src\main\java\org\freeswitch\esl\client\transport\event\EslEvent.java,0.5928353990827288,3590.2418518066406,2841.7809295654297,0.32024108341762,0.3582632609776088,0.316465950012207,FSESL,3590.2418518066406
bigbluebutton\bbb-common-web\src\main\java\org\bigbluebutton\api\messaging\messages\GuestLobbyMessageChanged.java,0.5793297903878348,0.08091085297720772,0.061252777917044504,0.10512978690011161,0.17921908242361886,0.45534324645996094,Apps,0.5793297903878348
bigbluebutton\bbb-common-web\src\main\java\org\bigbluebutton\api\model\shared\PostChecksum.java,0.3994095938546317,0.09277199336460658,0.12681075504847936,0.15726041793823242,0.06577895028250558,0.07694810458592007,Apps,0.3994095938546317
bigbluebutton\bbb-common-web\src\main\java\org\bigbluebutton\api\domain\Extension.java,0.2904761178152902,0.003906263623918806,0.06111312593732562,0.11102528572082519,0.0,0.03055656296866281,Apps,0.2904761178152902
bigbluebutton\bbb-common-web\src\main\java\org\bigbluebutton\api\model\request\SimpleRequest.java,0.4577111380440848,0.1380255971636091,0.1812621661594936,0.22212092535836356,0.10033555712018694,0.08969180243355887,Apps,0.4577111380440848
bigbluebutton\bbb-fsesl-client\src\main\java\org\freeswitch\esl\client\inbound\InboundConnectionFailure.java,0.18214129039219448,3538.7424087524414,3251.0439682006836,0.028854782240731375,0.06903604779924666,0.1384039742606027,FSESL,3538.7424087524414
bigbluebutton\bbb-common-web\src\main\java\org\bigbluebutton\api\messaging\messages\EndBreakoutRoom.java,0.39022252219063897,0.08151465143476214,0.06129775047302246,0.10534604617527553,0.08695096969604492,0.2953769683837891,Apps,0.39022252219063897
bigbluebutton\bbb-common-web\src\main\java\org\bigbluebutton\web\services\KeepAlivePing.java,0.25072454724993026,0.004332812343324934,0.0613670825958252,0.15849031720842635,0.0,0.13141558510916573,Apps,0.25072454724993026
bigbluebutton\bbb-common-web\src\main\java\org\bigbluebutton\presentation\GeneratedSlidesInfoHelper.java,0.12639947618756975,0.004353481105395726,0.061378860473632814,2.7257108415876115,0.0,0.09755936350141253,Presentation Conversion,2.7257108415876115
bigbluebutton\bbb-common-web\src\main\java\org\bigbluebutton\api\model\validator\PatternValidator.java,0.3973446709769113,0.09476229122706822,0.12826757431030272,0.15186218534197127,0.11731526511056083,0.10304010936192104,Apps,0.3973446709769113
bigbluebutton\bbb-common-web\src\main\java\org\bigbluebutton\presentation\messages\DocConversionRequestReceived.java,0.36932708195277625,0.0037154274327414376,0.060992377144949775,2.589745657784598,0.10966923577444894,0.32913428715297155,Presentation Conversion,2.589745657784598
bigbluebutton\bbb-common-web\src\main\java\org\bigbluebutton\api\domain\MeetingInfo.java,0.4692155020577567,0.0038084558078220914,0.0610518183026995,0.1290714945111956,0.02857142857142857,0.05909733772277832,Apps,0.4692155020577567
bigbluebutton\bbb-common-web\src\main\java\org\bigbluebutton\api2\domain\PasswordProp2.java,0.4212642669677734,0.004193449020385742,0.06128641537257603,0.0989443165915353,0.0,0.030643207686288015,Apps,0.4212642669677734
bigbluebutton\bigbluebutton-web\pres-checker\src\main\java\org\bigbluebutton\prescheck\Main.java,0.5510951450892857,0.10987410545349122,0.21290167399815152,0.5190728868756975,0.042465683392116,0.06231675148010254,Apps,0.5510951450892857
bigbluebutton\bbb-common-web\src\main\java\org\bigbluebutton\api2\domain\UsersProp2.java,0.6138119833809988,0.06128711019243513,0.19421780450003487,0.10457720075334821,0.02857142857142857,0.05901081221444266,Apps,0.6138119833809988
bigbluebutton\bbb-common-web\src\main\java\org\bigbluebutton\api\model\shared\Checksum.java,0.441136223929269,0.23188119615827288,0.18210080010550364,0.1884506906781878,0.16339214869907925,0.2968181882585798,Apps,0.441136223929269
bigbluebutton\bbb-common-web\src\main\java\org\bigbluebutton\api\model\entity\Recording.java,0.5559414999825614,0.10396014622279576,0.1049246038709368,0.33437189374651227,0.4264636448451451,0.1974238395690918,Apps,0.5559414999825614
bigbluebutton\bbb-fsesl-client\src\main\java\org\freeswitch\esl\client\example\EslEventListener.java,0.8678409031459263,3318.358726501465,3217.5064849853516,0.07072383335658482,0.17695952824183872,0.07404092379978724,FSESL,3318.358726501465
bigbluebutton\bbb-common-message\src\main\java\org\bigbluebutton\common2\redis\pubsub\ReceivedMessageHandler.java,0.4357267379760742,0.48084874834333147,0.1367563383919852,0.37960820879255025,4.457854352678571,9.092598179408482,Redis PubSub,9.092598179408482
bigbluebutton\akka-bbb-fsesl\src\main\java\org\bigbluebutton\freeswitch\voice\events\ConfMember.java,0.360488646371024,3201.4268112182617,3513.909797668457,0.028832949910845077,0.16407225472586495,0.118502562386649,FreeSWITCH,3513.909797668457
bigbluebutton\bbb-common-web\src\main\java\org\bigbluebutton\api\messaging\messages\UserUnsharedWebcam.java,0.601859882899693,0.112781708581107,0.1001615388052804,0.10491829599652971,0.1378086771283831,0.3429429462977818,Apps,0.601859882899693
bigbluebutton\bbb-common-web\src\main\java\org\bigbluebutton\api\model\shared\Password.java,0.6681173597063337,0.22857295445033482,0.1835984638759068,0.19012353079659597,0.23997802734375,0.35787620544433596,Apps,0.6681173597063337
bigbluebutton\bbb-common-web\src\main\java\org\bigbluebutton\web\services\callback\CallbackUrlService.java,0.9961698259626116,0.5447563716343471,0.2193171637398856,0.4671715872628348,0.5528831481933594,0.575499997820173,Apps,0.9961698259626116
bigbluebutton\bbb-common-web\src\main\java\org\bigbluebutton\web\services\turn\RemoteIceCandidate.java,0.2488537107195173,0.004232343605586461,0.06130914688110352,0.1574908937726702,0.0,0.1303969655718122,Apps,0.2488537107195173
bigbluebutton\bbb-common-web\src\main\java\org\bigbluebutton\api\model\validator\MeetingEndedValidator.java,0.6581394740513393,0.09553117752075195,0.12882971082414899,0.15238744190761022,0.1522303444998605,0.16289518901279995,Apps,0.6581394740513393
bigbluebutton\bbb-common-web\src\main\java\org\bigbluebutton\api\model\shared\GetChecksum.java,0.4178300585065569,0.21716947555541993,0.17767840794154577,0.18586127417428153,0.1563112531389509,0.26626772199358256,Apps,0.4178300585065569
bigbluebutton\bbb-fsesl-client\src\main\java\org\freeswitch\esl\client\example\ExampleClient.java,0.7405130113874163,3691.0983657836914,3302.80216217041,0.20457331793648856,0.24581364222935267,0.12631974901471818,FSESL,3691.0983657836914
bigbluebutton\bbb-fsesl-client\src\main\java\org\freeswitch\esl\client\internal\IEslProtocolListener.java,0.3595555441720145,3870.9911346435547,3251.0439682006836,0.028854782240731375,0.12273408344813756,0.04185006959097726,FSESL,3870.9911346435547
bigbluebutton\bbb-fsesl-client\src\main\java\org\freeswitch\esl\client\inbound\Client.java,0.7169496263776507,3196.457939147949,2738.7259674072266,0.250224849155971,0.4033853530883789,0.4348389489310128,FSESL,3196.457939147949
bigbluebutton\bbb-common-web\src\main\java\org\bigbluebutton\api\model\shared\JoinPassword.java,0.39181079864501955,0.1004249095916748,0.13239842823573522,0.15572350365774973,0.07105471747262138,0.0808281285422189,Apps,0.39181079864501955
bigbluebutton\bbb-common-web\src\main\java\org\bigbluebutton\presentation\messages\UploadFileTimedoutMessage.java,0.40370682307652067,0.0037769330399377004,0.06103180476597377,4.099767194475446,0.11010440417698451,0.36389173780168804,Presentation Conversion,4.099767194475446
bigbluebutton\bbb-common-web\src\main\java\org\bigbluebutton\web\services\callback\ICallbackEvent.java,0.25034621102469307,0.0043123385735920495,0.061355366025652204,0.15828820637294225,0.0,0.13120959145682198,Apps,0.25034621102469307
bigbluebutton\bbb-common-web\src\main\java\org\bigbluebutton\api\messaging\converters\messages\EndMeetingMessage.java,0.5191291809082031,0.08046723093305315,0.0612196854182652,0.10497072764805385,0.11216241291591099,0.27240728650774276,Apps,0.5191291809082031
bigbluebutton\bbb-common-web\src\main\java\org\bigbluebutton\api\model\constraint\Size.java,0.5044713156563895,0.22347101484026227,0.20250423976353238,0.3305025100708008,0.19737005233764648,0.3314428874424526,Apps,0.5044713156563895
bigbluebutton\akka-bbb-fsesl\src\main\java\org\bigbluebutton\freeswitch\voice\commands\MuteUserCommand.java,0.09235771724155971,2867.418632507324,3661.7601776123047,0.028843998908996582,0.0,0.03057753699166434,FreeSWITCH,3661.7601776123047
bigbluebutton\bbb-fsesl-client\src\main\java\org\freeswitch\esl\client\manager\ManagerConnection.java,0.14983322960989817,3559.3060302734375,3263.1718826293945,0.028857299259730747,0.0,0.0,FSESL,3559.3060302734375
bigbluebutton\bbb-common-web\src\main\java\org\bigbluebutton\api\util\HTML5ProcessLine.java,0.2833756583077567,0.0037154274327414376,0.060992377144949775,0.10861639295305525,0.0,0.030496188572474887,Apps,0.2833756583077567
bigbluebutton\bbb-common-web\src\main\java\org\bigbluebutton\api\model\shared\ModeratorPassword.java,0.3927394049508231,0.10071180207388741,0.13260713304792132,0.15591867991856168,0.07125177383422851,0.08097305297851562,Apps,0.3927394049508231
