file_path,Apps,BBB web,FSESL,FreeSWITCH,Presentation Conversion,Redis PubSub,best_module,best_likelihood
bbb-common-web/src/main/java/org/bigbluebutton/api/model/request/MeetingRunning.java,12.592696189880371,74.69125366210938,0.20431649684906006,2.768364906311035,0.0,1.2710070610046387,BBB web,74.69125366210938
bbb-common-web/src/main/java/org/bigbluebutton/api/model/constraint/MeetingEndedConstraint.java,13.608154296875,74.7310562133789,1.630497694015503,6.793464183807373,0.0,3.559296131134033,BBB web,74.7310562133789
bbb-common-web/src/main/java/org/bigbluebutton/presentation/messages/IDocConversionMsg.java,4.412805557250977,74.73766326904297,2.3218302726745605,2.165688991546631,86.73526763916016,5.717998027801514,Presentation Conversion,86.73526763916016
bbb-common-web/src/main/java/org/bigbluebutton/presentation/handlers/Png2SvgConversionHandler.java,5.06204891204834,74.73429870605469,0.0,2.165194034576416,86.59656524658203,1.0741300582885742,Presentation Conversion,86.59656524658203
bbb-common-web/src/main/java/org/bigbluebutton/web/services/IStorageService.java,6.058759689331055,74.78398132324219,0.0,3.247076988220215,0.0,1.0717295408248901,BBB web,74.78398132324219
bbb-common-web/src/main/java/org/bigbluebutton/api/model/validator/IsBooleanValidator.java,10.385931015014648,74.66185760498047,0.21286135911941528,2.1541688442230225,0.0,1.2823410034179688,BBB web,74.66185760498047
bbb-common-web/src/main/java/org/bigbluebutton/api/LearningDashboardService.java,12.47601318359375,76.47218322753906,0.7787716388702393,5.192497730255127,0.7223783731460571,1.832517147064209,BBB web,76.47218322753906
bbb-common-web/src/main/java/org/bigbluebutton/api/messaging/messages/UserStatusChanged.java,15.356268882751465,74.67572784423828,3.2427449226379395,6.641005992889404,0.0,7.340209484100342,BBB web,74.67572784423828
bigbluebutton-web/test/groovy/org/bigbluebutton/api/ParamsProcessorUtilTest.java,15.196681022644043,38.92449188232422,0.3283906579017639,5.912034511566162,0.766662061214447,2.3888463973999023,BBB web,38.92449188232422
bbb-fsesl-client/src/main/java/org/freeswitch/esl/client/internal/HeaderParser.java,5.784738540649414,36.23134994506836,77.29773712158203,84.12396240234375,0.0,5.657845497131348,FreeSWITCH,84.12396240234375
bbb-fsesl-client/src/main/java/org/freeswitch/esl/client/inbound/InboundClientHandler.java,14.880781173706055,36.53530502319336,80.16273498535156,85.93449401855469,0.8851559162139893,12.065652847290039,FreeSWITCH,85.93449401855469
bbb-common-web/src/main/java/org/bigbluebutton/api/messaging/converters/messages/UnpublishedRecordingMessage.java,12.879887580871582,76.7474136352539,2.487187623977661,2.158572196960449,0.0,5.827145099639893,BBB web,76.7474136352539
bbb-common-web/src/main/java/org/bigbluebutton/api/messaging/messages/PresentationUploadToken.java,15.356268882751465,74.67572784423828,3.2427449226379395,2.1563384532928467,37.0,7.340209484100342,BBB web,74.67572784423828
akka-bbb-apps/src/main/scala/org/bigbluebutton/core/util/jhotdraw/PathCommands.java,67.07775115966797,40.929893493652344,3.7523765563964844,5.45118522644043,0.0,2.6255815029144287,Apps,67.07775115966797
bbb-common-web/src/main/java/org/bigbluebutton/presentation/handlers/AddNamespaceToSvgHandler.java,5.06204891204834,74.73429870605469,0.0,2.165194034576416,86.59656524658203,1.0741300582885742,Presentation Conversion,86.59656524658203
bbb-common-web/src/main/java/org/bigbluebutton/api/domain/LockSettingsParams.java,10.13941764831543,74.63082122802734,0.2063877433538437,2.1492061614990234,0.0,1.273754358291626,BBB web,74.63082122802734
bbb-common-web/src/main/java/org/bigbluebutton/api2/domain/PasswordProp2.java,15.093832015991211,74.70841979980469,0.3332282304763794,2.161341667175293,0.0,1.40574049949646,BBB web,74.70841979980469
akka-bbb-fsesl/src/main/java/org/bigbluebutton/freeswitch/voice/events/ConfRecording.java,22.316801071166992,37.38554382324219,80.43612670898438,99.84639739990234,0.0,7.316628932952881,FreeSWITCH,99.84639739990234
bbb-common-web/src/main/java/org/bigbluebutton/presentation/imp/OfficeDocumentValidator2.java,6.991020202636719,78.02825927734375,1.3730825185775757,9.449247360229492,79.02289581298828,5.9884467124938965,Presentation Conversion,79.02289581298828
bbb-common-web/src/main/java/org/bigbluebutton/api/model/constraint/list/NotEmptyList.java,14.45869255065918,74.67011260986328,0.7857271432876587,3.1554629802703857,0.0,1.8557559251785278,BBB web,74.67011260986328
bbb-common-web/src/main/java/org/bigbluebutton/api/messaging/messages/UserSharedWebcam.java,17.71000099182129,74.687255859375,3.2722628116607666,6.657588958740234,0.0,7.397689342498779,BBB web,74.687255859375
bbb-common-web/src/main/java/org/bigbluebutton/api/messaging/messages/EndMeeting.java,15.734612464904785,74.71155548095703,3.333859443664551,2.1618130207061768,0.0,7.517669200897217,BBB web,74.71155548095703
bbb-common-web/src/main/java/org/bigbluebutton/presentation/GeneratedSlidesInfoHelper.java,2.6143572330474854,74.73429870605469,0.5236687660217285,2.165194034576416,86.59656524658203,1.5977988243103027,Presentation Conversion,86.59656524658203
akka-bbb-fsesl/src/main/java/org/bigbluebutton/freeswitch/voice/IVoiceConferenceService.java,12.946718215942383,41.451080322265625,70.36675262451172,101.01740264892578,0.0,10.569116592407227,FreeSWITCH,101.01740264892578
bbb-common-web/src/main/java/org/bigbluebutton/presentation/PageCounter.java,2.090688467025757,74.73429870605469,0.0,2.165194034576416,89.56166076660156,1.0741300582885742,Presentation Conversion,89.56166076660156
bbb-common-web/src/main/java/org/bigbluebutton/presentation/handlers/Pdf2PngPageConverterHandler.java,5.06204891204834,75.73429870605469,0.0,2.165194034576416,86.59656524658203,1.0741300582885742,Presentation Conversion,86.59656524658203
bbb-common-web/src/main/java/org/bigbluebutton/api/model/validator/UserSessionValidator.java,10.474637031555176,74.67290496826172,0.2151104211807251,4.155899524688721,0.0,1.285324215888977,BBB web,74.67290496826172
bbb-common-web/src/main/java/org/bigbluebutton/api/messaging/messages/GuestStatusChangedEventMsg.java,15.479523658752441,74.687255859375,3.2722628116607666,2.1581201553344727,0.0,7.397689342498779,BBB web,74.687255859375
bbb-fsesl-client/src/test/java/org/freeswitch/esl/client/inbound/ClientTest.java,14.137439727783203,37.74174499511719,65.44568634033203,77.69676208496094,1.426059603691101,10.91484546661377,FreeSWITCH,77.69676208496094
bbb-common-web/src/main/java/org/bigbluebutton/presentation/PageAnalyser.java,2.090688467025757,74.73429870605469,0.0,3.165194034576416,86.59656524658203,1.0741300582885742,Presentation Conversion,86.59656524658203
bbb-common-web/src/main/java/org/bigbluebutton/api/service/impl/RecordingServiceFileImpl.java,11.71892261505127,75.82328796386719,1.5059375762939453,8.729058265686035,57.69807434082031,43.19740295410156,BBB web,75.82328796386719
akka-bbb-apps/src/main/scala/org/bigbluebutton/core/util/jhotdraw/BezierPathIterator.java,49.710411071777344,38.90519332885742,2.4871625900268555,4.884626388549805,0.0,2.1821181774139404,Apps,49.710411071777344
bbb-common-web/src/main/java/org/bigbluebutton/api/model/constraint/MeetingExistsConstraint.java,14.19650650024414,74.74320983886719,2.1311545372009277,3.15619158744812,0.0,4.075525283813477,BBB web,74.74320983886719
akka-bbb-fsesl/src/main/java/org/bigbluebutton/freeswitch/voice/commands/GetUsersCommand.java,10.02829647064209,37.38881301879883,78.04275512695312,101.14846801757812,0.0,4.5818610191345215,FreeSWITCH,101.14846801757812
bbb-common-web/src/main/java/org/bigbluebutton/web/services/KeepAlivePing.java,2.0904037952423096,74.81107330322266,0.0,2.1647019386291504,0.0,1.073923945426941,BBB web,74.81107330322266
bbb-common-web/src/main/java/org/bigbluebutton/web/services/KeepAlivePong.java,4.087128162384033,74.78162384033203,1.0,3.159026861190796,0.0,1.0715365409851074,BBB web,74.78162384033203
bbb-common-web/src/main/java/org/bigbluebutton/api/messaging/messages/PrivateGuestLobbyMessageChanged.java,16.686229705810547,74.687255859375,4.478970050811768,2.1581201553344727,0.0,9.811103820800781,BBB web,74.687255859375
bbb-common-message/src/main/java/org/bigbluebutton/common2/redis/Keys.java,13.667718887329102,37.380741119384766,4.690532684326172,2.159026861190796,0.0,150.33677673339844,Redis PubSub,150.33677673339844
bbb-common-web/src/main/java/org/bigbluebutton/web/services/KeepAliveService.java,15.908308982849121,75.0396957397461,7.649528980255127,8.737256050109863,0.7048534750938416,133.9136505126953,Redis PubSub,133.9136505126953
bbb-common-web/src/main/java/org/bigbluebutton/api/model/constraint/GuestPolicyConstraint.java,12.711691856384277,74.75548553466797,2.4082465171813965,6.089221000671387,0.0,4.36872673034668,BBB web,74.75548553466797
akka-bbb-apps/src/main/scala/org/bigbluebutton/core/util/jhotdraw/Shapes.java,63.840309143066406,40.23780059814453,3.334899425506592,6.146401405334473,0.0,2.482365369796753,Apps,63.840309143066406
bbb-common-web/src/main/java/org/bigbluebutton/api/model/request/JoinMeeting.java,12.600132942199707,74.51248931884766,0.9596378207206726,11.071113586425781,0.0,3.8842971324920654,BBB web,74.51248931884766
bbb-common-web/src/main/java/org/bigbluebutton/presentation/MimeTypeUtils.java,12.341713905334473,79.98477935791016,0.19717372953891754,6.115575313568115,74.79228210449219,1.2536604404449463,BBB web,79.98477935791016
bbb-common-web/src/main/java/org/bigbluebutton/web/services/WaitingGuestCleanupTimerTask.java,3.9799129962921143,74.75743103027344,0.0,2.154456853866577,0.0,1.0694797039031982,BBB web,74.75743103027344
bbb-recording-imex/src/main/java/org/bigbluebutton/RecordingImportHandler.java,5.53416109085083,39.804080963134766,0.42002376914024353,5.815058708190918,0.7411068081855774,2.998182773590088,BBB web,39.804080963134766
bbb-common-web/src/main/java/org/bigbluebutton/api/messaging/messages/LearningDashboard.java,15.479523658752441,74.687255859375,3.2722628116607666,2.1581201553344727,0.0,7.397689342498779,BBB web,74.687255859375
bbb-common-web/src/main/java/org/bigbluebutton/api/util/MeetingsResponse.java,12.767440795898438,74.70841979980469,0.22215214371681213,2.161341667175293,0.0,1.2946643829345703,BBB web,74.70841979980469
akka-bbb-fsesl/src/main/java/org/bigbluebutton/freeswitch/voice/freeswitch/actions/EjectUserCommand.java,9.983478546142578,37.37452697753906,76.60628509521484,104.21004486083984,0.0,4.634197235107422,FreeSWITCH,104.21004486083984
bbb-common-web/src/main/java/org/bigbluebutton/api/MeetingService.java,20.453285217285156,76.2869873046875,5.854900360107422,21.518861770629883,41.13673400878906,49.766910552978516,BBB web,76.2869873046875
akka-bbb-fsesl/src/main/java/org/bigbluebutton/freeswitch/voice/freeswitch/actions/FreeswitchCommand.java,10.841165542602539,37.37000274658203,76.11316680908203,107.2284927368164,0.0,4.6113996505737305,FreeSWITCH,107.2284927368164
bbb-common-web/src/main/java/org/bigbluebutton/presentation/imp/PageExtractorImp.java,4.651885986328125,75.6673355102539,0.0,3.155029058456421,83.72953033447266,1.0698448419570923,Presentation Conversion,83.72953033447266
bbb-common-web/src/main/java/org/bigbluebutton/api/HTML5LoadBalancingService.java,11.62663459777832,82.78280639648438,0.179146409034729,11.097161293029785,0.6817582845687866,8.871993064880371,BBB web,82.78280639648438
bbb-common-web/src/main/java/org/bigbluebutton/api/model/request/LearningDashboard.java,10.761662483215332,74.69125366210938,0.20431649684906006,4.768364906311035,0.0,1.2710070610046387,BBB web,74.69125366210938
bbb-common-web/src/main/java/org/bigbluebutton/presentation/FileTypeConstants.java,12.83606243133545,79.48016357421875,0.2063877433538437,4.114822864532471,82.07151794433594,1.273754358291626,Presentation Conversion,82.07151794433594
bbb-common-web/src/main/java/org/bigbluebutton/api/model/shared/JoinPassword.java,13.416701316833496,74.72437286376953,0.22522412240505219,4.163727283477783,0.0,1.2987390756607056,BBB web,74.72437286376953
akka-bbb-apps/src/main/scala/org/bigbluebutton/core/util/jhotdraw/Bezier.java,56.201416015625,39.08291244506836,2.800025701522827,6.669811725616455,0.0,3.0767431259155273,Apps,56.201416015625
bbb-common-web/src/main/java/org/bigbluebutton/api/domain/Poll.java,14.781488418579102,75.21939849853516,0.19090536236763,4.758017063140869,0.0,1.253218412399292,BBB web,75.21939849853516
bbb-common-web/src/main/java/org/bigbluebutton/presentation/PageConverter.java,2.600752592086792,76.35770416259766,0.5114694237709045,3.162764310836792,89.04888916015625,1.5845800638198853,Presentation Conversion,89.04888916015625
bbb-common-web/src/main/java/org/bigbluebutton/presentation/messages/DocPageCompletedProgress.java,6.006160259246826,74.68345642089844,2.140092134475708,2.1416258811950684,79.89717864990234,5.344301223754883,Presentation Conversion,79.89717864990234
akka-bbb-fsesl/src/main/java/org/bigbluebutton/freeswitch/voice/events/VoiceCallStateEvent.java,22.437414169311523,37.35331344604492,76.76569366455078,102.174072265625,0.0,8.028364181518555,FreeSWITCH,102.174072265625
akka-bbb-fsesl/src/main/java/org/bigbluebutton/freeswitch/voice/ConferenceServerListener.java,9.791646957397461,37.37000274658203,75.97482299804688,101.4011459350586,0.0,4.473057270050049,FreeSWITCH,101.4011459350586
bbb-common-web/src/main/java/org/bigbluebutton/api2/domain/RecordProp2.java,14.952381134033203,74.6961669921875,0.32963138818740845,2.159484386444092,0.0,1.4013609886169434,BBB web,74.6961669921875
bbb-common-web/src/main/java/org/bigbluebutton/presentation/ConversionUpdateMessage.java,5.12787389755249,76.48495483398438,1.9399528503417969,6.454334735870361,129.322265625,5.252054214477539,Presentation Conversion,129.322265625
bbb-common-web/src/main/java/org/bigbluebutton/api/domain/RecordingMetadata.java,12.153286933898926,74.63578796386719,0.20743918418884277,2.150010347366333,0.0,1.2751489877700806,BBB web,74.63578796386719
bbb-fsesl-client/src/main/java/org/freeswitch/esl/client/internal/AbstractEslClientHandler.java,18.387779235839844,38.35850524902344,68.36679077148438,77.83346557617188,1.3590275049209595,14.054529190063477,FreeSWITCH,77.83346557617188
bbb-common-web/src/main/java/org/bigbluebutton/api/model/request/RequestParameters.java,10.898222923278809,74.72764587402344,0.2258487492799759,2.164213180541992,0.0,1.2995675802230835,BBB web,74.72764587402344
bbb-common-web/src/main/java/org/bigbluebutton/api/model/validator/GetChecksumValidator.java,12.056783676147461,74.45541381835938,0.16465753316879272,8.00786018371582,0.9072341322898865,4.5836334228515625,BBB web,74.45541381835938
bbb-fsesl-client/src/main/java/org/freeswitch/esl/client/internal/debug/ExecutionHandler.java,9.413853645324707,36.251976013183594,80.82122039794922,87.1815414428711,0.0,8.91345500946045,FreeSWITCH,87.1815414428711
bbb-common-web/src/main/java/org/bigbluebutton/api/messaging/ReceivedMessageHandler.java,25.397720336914062,74.92698669433594,9.619478225708008,4.529796600341797,1.8511772155761719,233.086669921875,Redis PubSub,233.086669921875
bbb-common-web/src/main/java/org/bigbluebutton/api/util/RecordingMetadataReaderHelper.java,11.942259788513184,74.62390899658203,1.4019722938537598,2.6955814361572266,0.0,48.48482894897461,BBB web,74.62390899658203
bbb-common-web/src/main/java/org/bigbluebutton/presentation/PngCreator.java,2.6061201095581055,74.72437286376953,0.5162802934646606,2.163727283477783,86.18505859375,1.5897953510284424,Presentation Conversion,86.18505859375
bbb-common-web/src/main/java/org/bigbluebutton/presentation/imp/TextFileCreatorImp.java,7.310161590576172,79.64921569824219,1.7191290855407715,6.734354496002197,70.51470947265625,3.282731533050537,BBB web,79.64921569824219
bbb-common-web/src/main/java/org/bigbluebutton/presentation/handlers/SvgConversionHandler.java,5.790707111358643,75.55449676513672,0.0,3.497464418411255,79.02289581298828,1.0617341995239258,Presentation Conversion,79.02289581298828
bbb-common-web/src/main/java/org/bigbluebutton/api/util/ParamsUtil.java,12.159913063049316,77.47423553466797,0.19090536236763,2.416512966156006,0.5581368207931519,1.253218412399292,BBB web,77.47423553466797
bbb-common-web/src/main/java/org/bigbluebutton/presentation/imp/PresentationFileProcessor.java,9.28296184539795,77.89955139160156,1.420529842376709,7.867632865905762,151.33547973632812,12.07021713256836,Presentation Conversion,151.33547973632812
bbb-common-web/src/main/java/org/bigbluebutton/api/messaging/messages/PositionInWaitingQueueUpdated.java,15.510773658752441,74.69020080566406,3.2797720432281494,2.158572196960449,0.0,7.412313461303711,BBB web,74.69020080566406
bbb-common-web/src/main/java/org/bigbluebutton/api/messaging/messages/UserJoined.java,17.902252197265625,74.62150573730469,5.250622749328613,6.557373523712158,0.0,10.213205337524414,BBB web,74.62150573730469
bbb-fsesl-client/src/main/java/org/freeswitch/esl/client/outbound/AbstractOutboundClientHandler.java,13.086457252502441,36.260162353515625,84.8824462890625,91.06024169921875,1.6999566555023193,15.604519844055176,FreeSWITCH,91.06024169921875
bbb-fsesl-client/src/main/java/org/freeswitch/esl/client/manager/internal/ManagerConnectionImpl.java,14.436877250671387,36.238197326660156,81.3536148071289,87.36946105957031,0.5350120663642883,10.569501876831055,FreeSWITCH,87.36946105957031
bbb-common-web/src/main/java/org/bigbluebutton/api/util/ResponseBuilder.java,13.000578880310059,79.86809539794922,0.7450263500213623,12.333106994628906,0.5268498063087463,7.475598335266113,BBB web,79.86809539794922
bbb-common-web/src/main/java/org/bigbluebutton/api/messaging/messages/IMessage.java,14.22333812713623,74.73095703125,3.526813507080078,2.1647019386291504,0.0,7.901074409484863,BBB web,74.73095703125
akka-bbb-fsesl/src/main/java/org/bigbluebutton/freeswitch/voice/freeswitch/actions/DelayedCommand.java,9.634268760681152,38.76631546020508,73.40348052978516,104.63465118408203,0.0,4.484214782714844,FreeSWITCH,104.63465118408203
akka-bbb-fsesl/src/main/java/org/bigbluebutton/freeswitch/voice/freeswitch/DelayedCommandSenderService.java,11.949310302734375,37.70575714111328,69.94227600097656,100.80699920654297,1.731168508529663,9.101265907287598,FreeSWITCH,100.80699920654297
bbb-common-web/src/main/java/org/bigbluebutton/api/service/ServiceUtils.java,21.006418228149414,77.2406997680664,0.18568196892738342,7.594394683837891,0.8416138887405396,3.421217203140259,BBB web,77.2406997680664
bbb-common-web/src/main/java/org/bigbluebutton/api/model/request/GetJoinUrl.java,10.761662483215332,74.69125366210938,0.20431649684906006,4.768364906311035,0.0,1.2710070610046387,BBB web,74.69125366210938
bbb-common-web/src/main/java/org/bigbluebutton/api2/domain/WelcomeProp2.java,14.952381134033203,74.6961669921875,0.32963138818740845,2.159484386444092,0.0,1.4013609886169434,BBB web,74.6961669921875
bbb-common-web/src/main/java/org/bigbluebutton/presentation/messages/DocPageCountExceeded.java,6.006160259246826,74.68345642089844,2.140092134475708,2.1416258811950684,79.89717864990234,5.344301223754883,Presentation Conversion,79.89717864990234
bbb-common-web/src/main/java/org/bigbluebutton/presentation/imp/PresentationConversionCompletionService.java,12.384017944335938,75.07136535644531,3.3616583347320557,5.164278030395508,181.0824432373047,12.841105461120605,Presentation Conversion,181.0824432373047
bbb-fsesl-client/src/main/java/org/freeswitch/esl/client/IEslEventListener.java,13.709074020385742,36.25535202026367,84.53620910644531,87.93934631347656,0.0,9.433904647827148,FreeSWITCH,87.93934631347656
bbb-fsesl-client/src/main/java/org/freeswitch/esl/client/internal/IEslProtocolListener.java,13.93499755859375,36.31200408935547,92.39469146728516,92.90306091308594,0.0,9.28309440612793,FreeSWITCH,92.90306091308594
bbb-common-web/src/main/java/org/bigbluebutton/presentation/UploadedPresentation.java,3.8578953742980957,74.48684692382812,0.0,2.124051809310913,111.79228210449219,2.0564866065979004,Presentation Conversion,111.79228210449219
bbb-common-web/src/main/java/org/bigbluebutton/api/messaging/converters/messages/PublishedRecordingMessage.java,12.879887580871582,76.7474136352539,2.487187623977661,2.158572196960449,0.0,5.827145099639893,BBB web,76.7474136352539
bbb-common-web/src/main/java/org/bigbluebutton/api2/RecordingServiceGW.java,16.83299446105957,74.6673355102539,1.4361369609832764,2.155029058456421,0.0,44.882328033447266,BBB web,74.6673355102539
bbb-common-web/src/main/java/org/bigbluebutton/api/messaging/converters/messages/DeletedRecordingMessage.java,12.879887580871582,76.7474136352539,2.487187623977661,2.158572196960449,0.0,5.827145099639893,BBB web,76.7474136352539
bbb-common-web/src/main/java/org/bigbluebutton/api/util/MeetingResponseDetail.java,12.8792085647583,74.6961669921875,0.21975421905517578,2.159484386444092,0.0,1.291483759880066,BBB web,74.6961669921875
akka-bbb-fsesl/src/main/java/org/bigbluebutton/freeswitch/voice/freeswitch/actions/CheckIfConfIsRunningCommand.java,15.051614761352539,37.30302429199219,63.40690231323242,108.09889221191406,1.8178107738494873,7.513576030731201,FreeSWITCH,108.09889221191406
akka-bbb-fsesl/src/main/java/org/bigbluebutton/freeswitch/voice/events/AudioFloorChangedEvent.java,21.901241302490234,37.37000274658203,78.6821060180664,98.38603210449219,0.0,7.18034029006958,FreeSWITCH,98.38603210449219
bbb-common-web/src/main/java/org/bigbluebutton/presentation/ThumbnailCreator.java,2.6061201095581055,74.72437286376953,0.5162802934646606,2.163727283477783,86.18505859375,1.5897953510284424,Presentation Conversion,86.18505859375
akka-bbb-fsesl/src/main/java/org/bigbluebutton/freeswitch/voice/freeswitch/IDelayedCommandListener.java,10.231283187866211,37.395530700683594,78.90190887451172,105.50739288330078,0.0,4.739040374755859,FreeSWITCH,105.50739288330078
bbb-common-web/src/main/java/org/bigbluebutton/api/messaging/messages/UserRoleChanged.java,15.479523658752441,74.68766021728516,3.2722628116607666,5.657588958740234,0.0,7.397689342498779,BBB web,74.68766021728516
bbb-common-web/src/main/java/org/bigbluebutton/web/services/callback/MeetingEndedEvent.java,3.8337700366973877,75.40281677246094,0.0,3.1558995246887207,0.0,1.070213794708252,BBB web,75.40281677246094
akka-bbb-fsesl/src/main/java/org/bigbluebutton/freeswitch/voice/commands/ConferenceCommandResult.java,10.869023323059082,37.36127853393555,76.20655059814453,98.54779052734375,0.0,6.7967305183410645,FreeSWITCH,98.54779052734375
bbb-common-web/src/main/java/org/bigbluebutton/api/domain/UserSession.java,12.467325210571289,74.55381774902344,0.18913188576698303,10.598677635192871,2.106980800628662,2.250866174697876,BBB web,74.55381774902344
akka-bbb-fsesl/src/main/java/org/bigbluebutton/freeswitch/voice/events/VoiceUserLeftEvent.java,22.316801071166992,37.38554382324219,80.43612670898438,103.36461639404297,0.0,7.316628932952881,FreeSWITCH,103.36461639404297
bbb-common-message/src/main/java/org/bigbluebutton/common2/redis/RedisAwareCommunicator.java,23.518552780151367,39.15782928466797,7.864736557006836,5.18236780166626,1.5930588245391846,159.86056518554688,Redis PubSub,159.86056518554688
bbb-common-web/src/main/java/org/bigbluebutton/api/model/shared/Password.java,19.77773094177246,74.66487884521484,1.0841859579086304,7.1699113845825195,0.0,5.032963275909424,BBB web,74.66487884521484
bbb-common-web/src/main/java/org/bigbluebutton/api/service/impl/XmlServiceImpl.java,9.956632614135742,80.19149780273438,1.1630585193634033,5.714626789093018,0.18720018863677979,3.576906442642212,BBB web,80.19149780273438
bbb-common-web/src/main/java/org/bigbluebutton/api/model/constraint/PasswordConstraint.java,12.04686450958252,74.76193237304688,1.6990300416946411,2.1576709747314453,0.0,3.6677751541137695,BBB web,74.76193237304688
akka-bbb-fsesl/src/main/java/org/bigbluebutton/freeswitch/voice/commands/EjectUserCommand.java,9.8873872756958,37.37760925292969,76.80980682373047,100.10601043701172,0.0,4.51718807220459,FreeSWITCH,100.10601043701172
bbb-common-web/src/main/java/org/bigbluebutton/api/model/request/InsertDocument.java,12.592696189880371,74.69125366210938,0.20431649684906006,2.768364906311035,0.0,1.2710070610046387,BBB web,74.69125366210938
bbb-common-web/src/main/java/org/bigbluebutton/api/model/entity/Thumbnail.java,9.958815574645996,74.38552856445312,1.0634121894836426,6.020411014556885,0.0,2.110999822616577,BBB web,74.38552856445312
bbb-common-web/src/main/java/org/bigbluebutton/presentation/messages/PageConvertProgressMessage.java,6.169492244720459,74.67572784423828,2.2518138885498047,2.1563384532928467,84.10081481933594,5.574027061462402,Presentation Conversion,84.10081481933594
bbb-common-web/src/main/java/org/bigbluebutton/api/util/HTML5ProcessLine.java,10.130620002746582,81.38160705566406,0.2063877433538437,3.1492061614990234,0.0,1.273754358291626,BBB web,81.38160705566406
bbb-common-web/src/main/java/org/bigbluebutton/api/model/entity/Metadata.java,11.112813949584961,74.55806732177734,1.2521932125091553,4.815208911895752,0.0,2.305938720703125,BBB web,74.55806732177734
bbb-common-web/src/main/java/org/bigbluebutton/api/domain/BreakoutRoomsParams.java,10.395004272460938,74.66185760498047,0.21286135911941528,2.1541688442230225,0.0,1.2823410034179688,BBB web,74.66185760498047
bbb-common-web/src/main/java/org/bigbluebutton/presentation/imp/PresentationToConvert.java,3.23661208152771,74.69316864013672,0.6706666946411133,2.159026861190796,84.86137390136719,1.7422032356262207,Presentation Conversion,84.86137390136719
bbb-common-web/src/main/java/org/bigbluebutton/api/messaging/messages/RecordChapterBreak.java,15.605603218078613,74.69918823242188,3.302621364593506,2.159944534301758,0.0,7.456817626953125,BBB web,74.69918823242188
bbb-common-message/src/main/java/org/bigbluebutton/common2/redis/pubsub/ReceivedMessage.java,14.722278594970703,37.37452697753906,8.885149002075195,2.157224178314209,0.0,305.7217712402344,Redis PubSub,305.7217712402344
bbb-common-web/src/main/java/org/bigbluebutton/web/services/callback/DelayCallback.java,9.972455978393555,76.13348388671875,3.027017593383789,3.5363967418670654,0.0,4.093708038330078,BBB web,76.13348388671875
bbb-common-web/src/main/java/org/bigbluebutton/api/messaging/messages/UserUnsharedWebcam.java,17.71000099182129,74.687255859375,3.2722628116607666,5.657588958740234,0.0,7.397689342498779,BBB web,74.687255859375
bbb-fsesl-client/src/main/java/org/freeswitch/esl/client/internal/debug/ChannelEventRunnable.java,7.386964797973633,36.28313064575195,85.1546859741211,90.23462677001953,0.6360280513763428,7.176729202270508,FreeSWITCH,90.23462677001953
bbb-common-web/src/main/java/org/bigbluebutton/api/model/entity/CallbackData.java,12.016114234924316,75.40066528320312,1.1050103902816772,5.71940803527832,0.0,2.154001235961914,BBB web,75.40066528320312
bbb-common-web/src/main/java/org/bigbluebutton/api/model/validator/PatternValidator.java,10.385931015014648,74.66185760498047,0.21286135911941528,2.1541688442230225,0.0,1.2823410034179688,BBB web,74.66185760498047
bbb-common-web/src/main/java/org/bigbluebutton/api/messaging/messages/GuestLobbyMessageChanged.java,16.819541931152344,74.69918823242188,4.516559600830078,2.159944534301758,0.0,9.88469409942627,BBB web,74.69918823242188
bbb-common-web/src/main/java/org/bigbluebutton/presentation/Page.java,2.0898396968841553,74.72437286376953,0.0,3.1036083698272705,86.18505859375,1.0735149383544922,Presentation Conversion,86.18505859375
bbb-common-web/src/main/java/org/bigbluebutton/presentation/messages/DocPageGeneratedProgress.java,5.974221229553223,74.66592407226562,2.1185085773468018,2.1388099193573,79.08506774902344,5.299920082092285,Presentation Conversion,79.08506774902344
bbb-common-web/src/main/java/org/bigbluebutton/api/service/ValidationService.java,10.514360427856445,74.82112121582031,1.1414248943328857,8.06208610534668,0.2327953577041626,3.5719921588897705,BBB web,74.82112121582031
bbb-common-web/src/main/java/org/bigbluebutton/api/messaging/messages/KeepAliveReply.java,15.642470359802246,74.687255859375,4.2722625732421875,3.1581201553344727,0.0,7.397689342498779,BBB web,74.687255859375
akka-bbb-fsesl/src/main/java/org/bigbluebutton/freeswitch/voice/events/VoiceUserJoinedEvent.java,22.647159576416016,37.34247970581055,77.0886001586914,100.10356140136719,0.0,8.433279037475586,FreeSWITCH,100.10356140136719
akka-bbb-fsesl/src/main/java/org/bigbluebutton/freeswitch/voice/freeswitch/actions/TransferUserToMeetingCommand.java,12.979862213134766,37.35846710205078,74.85859680175781,103.16128540039062,0.0,4.552928447723389,FreeSWITCH,103.16128540039062
bbb-common-web/src/main/java/org/bigbluebutton/api2/domain/VoiceProp2.java,14.952381134033203,74.6961669921875,0.32963138818740845,4.159484386444092,0.0,1.4013609886169434,BBB web,74.6961669921875
bbb-common-web/src/main/java/org/bigbluebutton/api/model/request/CreateMeeting.java,12.808341026306152,74.46455383300781,0.9816498756408691,8.775131225585938,0.0,3.9655027389526367,BBB web,74.46455383300781
bbb-common-web/src/main/java/org/bigbluebutton/api/model/shared/Checksum.java,18.97520637512207,75.73433685302734,1.2050600051879883,10.535810470581055,0.0,5.5323805809021,BBB web,75.73433685302734
bbb-common-web/src/main/java/org/bigbluebutton/api/domain/Playback.java,9.67227840423584,74.57682800292969,0.19455403089523315,2.1402034759521484,0.0,2.2580580711364746,BBB web,74.57682800292969
bbb-common-web/src/main/java/org/bigbluebutton/api/domain/Image.java,10.265233993530273,74.64595794677734,0.20957455039024353,3.506016731262207,0.0,1.2779814004898071,BBB web,74.64595794677734
bbb-common-web/src/main/java/org/bigbluebutton/api/messaging/messages/StunTurnInfoRequested.java,15.605603218078613,74.69918823242188,3.302621364593506,2.159944534301758,0.0,7.456817626953125,BBB web,74.69918823242188
akka-bbb-fsesl/src/main/java/org/bigbluebutton/freeswitch/voice/freeswitch/response/ConferenceMemberFlags.java,9.947675704956055,37.371498107910156,76.276123046875,105.0161361694336,0.0,4.61894416809082,FreeSWITCH,105.0161361694336
bbb-common-web/src/main/java/org/bigbluebutton/api/domain/MeetingLayout.java,11.834253311157227,74.71790313720703,0.2239851951599121,2.162764310836792,0.0,1.297095775604248,BBB web,74.71790313720703
bbb-common-web/src/main/java/org/bigbluebutton/presentation/DocumentConversionService.java,3.69315505027771,75.71790313720703,0.6038717031478882,2.162764310836792,85.91449737548828,2.6769824028015137,Presentation Conversion,85.91449737548828
akka-bbb-fsesl/src/main/java/org/bigbluebutton/freeswitch/voice/events/VoiceConfRunningEvent.java,22.316801071166992,43.16627883911133,80.43612670898438,105.62712860107422,0.0,13.097362518310547,FreeSWITCH,105.62712860107422
bbb-common-message/src/main/java/org/bigbluebutton/common2/redis/pubsub/MessageSender.java,24.146289825439453,37.65797805786133,11.355189323425293,5.048892498016357,1.4546327590942383,298.850341796875,Redis PubSub,298.850341796875
bbb-common-web/src/main/java/org/bigbluebutton/api/domain/Group.java,10.265233993530273,79.79785919189453,0.20957455039024353,4.151645660400391,0.0,1.2779814004898071,BBB web,79.79785919189453
bbb-common-web/src/main/java/org/bigbluebutton/api/domain/RegisteredUser.java,9.898942947387695,74.60260009765625,0.20029625296592712,5.5269455909729,0.0,1.2656745910644531,BBB web,74.60260009765625
bbb-common-web/src/main/java/org/bigbluebutton/api/domain/Extension.java,11.399197578430176,74.66185760498047,0.21286135911941528,2.1541688442230225,0.0,1.2823410034179688,BBB web,74.66185760498047
bbb-common-web/src/main/java/org/bigbluebutton/presentation/imp/ExternalProcessExecutor.java,4.521731376647949,76.26124572753906,0.0,5.6968607902526855,78.25636291503906,4.800107955932617,Presentation Conversion,78.25636291503906
bbb-common-web/src/main/java/org/bigbluebutton/presentation/imp/SlidesGenerationProgressNotifier.java,5.999318599700928,74.40977478027344,0.8698824644088745,3.7481329441070557,102.89258575439453,8.420685768127441,Presentation Conversion,102.89258575439453
bbb-fsesl-client/src/main/java/org/freeswitch/esl/client/outbound/example/SimpleHangupPipelineFactory.java,4.525298595428467,36.31630325317383,90.20182037353516,94.32064819335938,0.0,6.491176128387451,FreeSWITCH,94.32064819335938
bbb-common-web/src/main/java/org/bigbluebutton/api/model/validator/GuestPolicyValidator.java,12.818044662475586,74.65117645263672,0.21065881848335266,4.152477264404297,2.497112989425659,1.2794195413589478,BBB web,74.65117645263672
bbb-fsesl-client/src/main/java/org/freeswitch/esl/client/inbound/InboundPipelineFactory.java,7.841017723083496,36.280277252197266,84.80728912353516,89.67327117919922,0.0,8.739109992980957,FreeSWITCH,89.67327117919922
akka-bbb-fsesl/src/main/java/org/bigbluebutton/freeswitch/voice/freeswitch/actions/ForceEjectUserCommand.java,13.066420555114746,37.33353805541992,74.6403579711914,110.103271484375,1.6644442081451416,6.99982213973999,FreeSWITCH,110.103271484375
bbb-common-web/src/main/java/org/bigbluebutton/web/services/turn/TurnEntry.java,2.0858356952667236,74.77007293701172,0.0,3.1567800045013428,0.0,1.0705866813659668,BBB web,74.77007293701172
bbb-common-web/src/main/java/org/bigbluebutton/api/model/request/EndMeeting.java,11.903372764587402,74.63451385498047,0.18913188576698303,2.855865240097046,0.0,1.2508660554885864,BBB web,74.63451385498047
bbb-common-web/src/main/java/org/bigbluebutton/presentation/imp/CountingPageException.java,2.537946939468384,74.64083099365234,0.0,2.1508233547210693,82.53311157226562,1.068056583404541,Presentation Conversion,82.53311157226562
bbb-common-message/src/main/java/org/bigbluebutton/common2/redis/pubsub/MessageReceiver.java,23.359445571899414,37.2695198059082,10.57379150390625,4.728471755981445,1.8881179094314575,279.30126953125,Redis PubSub,279.30126953125
bbb-common-web/src/main/java/org/bigbluebutton/api/messaging/messages/MeetingStarted.java,15.734612464904785,74.71155548095703,3.333859443664551,2.1618130207061768,0.0,7.517669200897217,BBB web,74.71155548095703
akka-bbb-fsesl/src/main/java/org/bigbluebutton/freeswitch/voice/freeswitch/actions/BroadcastConferenceCommand.java,12.891765594482422,37.352970123291016,75.26221466064453,103.79035186767578,0.0,5.524886131286621,FreeSWITCH,103.79035186767578
bbb-common-web/src/main/java/org/bigbluebutton/api/messaging/messages/MeetingEnded.java,15.734612464904785,74.71155548095703,3.333859443664551,2.1618130207061768,0.0,7.517669200897217,BBB web,74.71155548095703
bbb-common-web/src/main/java/org/bigbluebutton/presentation/imp/ImageResizerImp.java,5.652556419372559,75.93962860107422,0.6197971701622009,2.5204880237579346,118.0699234008789,9.997925758361816,Presentation Conversion,118.0699234008789
bbb-fsesl-client/src/main/java/org/freeswitch/esl/client/transport/message/EslFrameDecoder.java,6.881218910217285,36.64466857910156,70.74168395996094,76.90603637695312,0.7585339546203613,9.107294082641602,FreeSWITCH,76.90603637695312
akka-bbb-fsesl/src/main/java/org/bigbluebutton/freeswitch/voice/events/VoiceUserMutedEvent.java,22.10552215576172,37.37760925292969,79.5399398803711,102.60548400878906,0.0,7.247321605682373,FreeSWITCH,102.60548400878906
bbb-recording-imex/src/main/java/org/bigbluebutton/RecordingExportHandler.java,2.945108652114868,44.328250885009766,0.44664981961250305,5.128387928009033,0.0,1.4942374229431152,BBB web,44.328250885009766
bbb-common-web/src/main/java/org/bigbluebutton/api/model/constraint/list/PatternList.java,14.45869255065918,74.67011260986328,0.7857271432876587,2.1554629802703857,0.0,1.8557559251785278,BBB web,74.67011260986328
bbb-common-web/src/main/java/org/bigbluebutton/api/messaging/MessagingService.java,13.376379013061523,74.6961669921875,0.21975421905517578,2.159484386444092,0.0,1.291483759880066,BBB web,74.6961669921875
bbb-common-web/src/main/java/org/bigbluebutton/web/services/turn/StunTurnService.java,4.2630157470703125,75.2091064453125,0.44037488102912903,7.12697696685791,0.7403934597969055,1.5038789510726929,BBB web,75.2091064453125
bbb-common-web/src/main/java/org/bigbluebutton/api/model/validator/PasswordValidator.java,14.446273803710938,74.62206268310547,3.9836153984069824,2.5366663932800293,0.7775453329086304,8.829605102539062,BBB web,74.62206268310547
bbb-common-web/src/main/java/org/bigbluebutton/presentation/messages/UploadFileTooLargeMessage.java,6.108954429626465,74.74254608154297,2.210148334503174,2.1508233547210693,82.53311157226562,5.4883527755737305,Presentation Conversion,82.53311157226562
akka-bbb-fsesl/src/main/java/org/bigbluebutton/freeswitch/voice/events/VoiceUsersStatusEvent.java,21.86119270324707,37.3685188293457,78.51493072509766,98.2444076538086,0.0,7.16721248626709,FreeSWITCH,98.2444076538086
bbb-common-web/src/main/java/org/bigbluebutton/presentation/imp/BigPdfException.java,2.900299549102783,78.0888442993164,0.0,4.432230472564697,82.30113220214844,1.0677098035812378,Presentation Conversion,82.30113220214844
bbb-common-web/src/main/java/org/bigbluebutton/api/model/constraint/Pattern.java,14.11086654663086,74.65106964111328,1.454943060874939,2.1416258811950684,1.2373952865600586,3.281648635864258,BBB web,74.65106964111328
bbb-common-web/src/main/java/org/bigbluebutton/api/messaging/MessageListener.java,16.198057174682617,74.72764587402344,2.020547389984131,2.164213180541992,0.0,4.888964653015137,BBB web,74.72764587402344
bbb-common-web/src/main/java/org/bigbluebutton/api/model/constraint/MeetingNameConstraint.java,21.833723068237305,75.15660095214844,5.613887786865234,7.795756816864014,0.0,13.893193244934082,BBB web,75.15660095214844
bbb-common-web/src/main/java/org/bigbluebutton/presentation/imp/PngCreatorImp.java,10.241483688354492,78.8544692993164,1.5767724514007568,6.07444953918457,63.586238861083984,8.418957710266113,BBB web,78.8544692993164
bbb-common-web/src/main/java/org/bigbluebutton/presentation/SvgImageCreator.java,2.6088407039642334,75.72764587402344,0.5187198519706726,2.164213180541992,86.32147216796875,1.5924386978149414,Presentation Conversion,86.32147216796875
bbb-common-web/src/main/java/org/bigbluebutton/api/model/request/SimpleRequest.java,11.172739028930664,74.66529083251953,0.21341919898986816,5.7138895988464355,0.0,1.2830809354782104,BBB web,74.66529083251953
bbb-common-web/src/main/java/org/bigbluebutton/api2/domain/Meeting2.java,15.964021682739258,74.56085205078125,0.2863580882549286,6.137444496154785,0.0,1.3486711978912354,BBB web,74.56085205078125
bbb-common-web/src/main/java/org/bigbluebutton/presentation/messages/PresentationConvertMessage.java,5.043473720550537,74.71155548095703,2.954739570617676,2.1618130207061768,85.64689636230469,6.320354461669922,Presentation Conversion,85.64689636230469
bbb-common-web/src/main/java/org/bigbluebutton/api/domain/CaptionTrack.java,11.951051712036133,74.68433380126953,0.21740752458572388,2.1576709747314453,0.0,1.2883710861206055,BBB web,74.68433380126953
bbb-recording-imex/src/test/java/org/bigbluebutton/RecordingImportHandlerTest.java,5.749757289886475,38.49260711669922,0.279725044965744,3.4624176025390625,0.0,1.3444664478302002,BBB web,38.49260711669922
bbb-common-web/src/main/java/org/bigbluebutton/api/messaging/messages/UserListeningOnly.java,15.479523658752441,74.687255859375,3.2722628116607666,5.657588958740234,0.0,7.397689342498779,BBB web,74.687255859375
bbb-common-web/src/main/java/org/bigbluebutton/presentation/handlers/Office2PdfConverterHandler.java,5.06204891204834,74.73429870605469,0.0,2.165194034576416,86.59656524658203,1.0741300582885742,Presentation Conversion,86.59656524658203
bbb-common-web/src/main/java/org/bigbluebutton/api/messaging/messages/RegisterUser.java,14.435463905334473,74.59413146972656,3.0270111560821533,2.143078088760376,0.0,6.920418739318848,BBB web,74.59413146972656
bbb-common-web/src/main/java/org/bigbluebutton/web/services/turn/TurnServer.java,2.0791268348693848,74.73334503173828,0.0,5.3143815994262695,0.0,1.060608148574829,BBB web,74.73334503173828
akka-bbb-fsesl/src/main/java/org/bigbluebutton/freeswitch/voice/freeswitch/actions/RecordConferenceCommand.java,12.891765594482422,37.352970123291016,75.26221466064453,103.79035186767578,0.0,5.524886131286621,FreeSWITCH,103.79035186767578
akka-bbb-fsesl/src/main/java/org/bigbluebutton/freeswitch/voice/freeswitch/actions/MuteUserCommand.java,10.914915084838867,37.36127853393555,75.16431427001953,103.34919738769531,0.0,4.5672407150268555,FreeSWITCH,103.34919738769531
bbb-common-web/src/main/java/org/bigbluebutton/api/util/DataStore.java,10.647019386291504,75.7896728515625,0.09269054234027863,5.231607913970947,0.8768324851989746,1.1229455471038818,BBB web,75.7896728515625
bbb-common-web/src/main/java/org/bigbluebutton/presentation/imp/ImageSlidesGenerationService.java,6.255585193634033,77.84548950195312,0.6911683082580566,5.065858364105225,160.20562744140625,7.073465347290039,Presentation Conversion,160.20562744140625
bbb-common-web/src/main/java/org/bigbluebutton/presentation/imp/PdfSlidesGenerationService.java,5.6706223487854,77.04754638671875,0.0,2.1486825942993164,81.8442153930664,5.271167278289795,Presentation Conversion,81.8442153930664
bbb-common-web/src/main/java/org/bigbluebutton/presentation/messages/PdfConversionInvalid.java,6.02254581451416,75.69259643554688,2.1511993408203125,2.143078088760376,80.31510162353516,5.367140293121338,Presentation Conversion,80.31510162353516
bbb-common-message/src/main/java/org/bigbluebutton/common2/redis/pubsub/MessageDistributor.java,19.397287368774414,37.43586730957031,8.970930099487305,4.139751434326172,0.0,300.3501892089844,Redis PubSub,300.3501892089844
bbb-common-web/src/main/java/org/bigbluebutton/web/services/callback/ICallbackEvent.java,2.090120792388916,74.80851745605469,0.0,3.164213180541992,0.0,1.0737189054489136,BBB web,74.80851745605469
bbb-common-web/src/main/java/org/bigbluebutton/presentation/messages/DocPageConversionStarted.java,6.08221435546875,74.62593078613281,2.1918392181396484,2.1484107971191406,81.8442153930664,5.450705528259277,Presentation Conversion,81.8442153930664
akka-bbb-fsesl/src/main/java/org/bigbluebutton/freeswitch/voice/commands/MuteUserCommand.java,9.791646957397461,37.37000274658203,75.97482299804688,99.38642883300781,0.0,4.473057270050049,FreeSWITCH,99.38642883300781
bbb-common-web/src/main/java/org/bigbluebutton/api/domain/MeetingInfo.java,15.613032341003418,74.64595794677734,0.20957455039024353,2.1516456604003906,0.0,1.2779814004898071,BBB web,74.64595794677734
bbb-fsesl-client/src/main/java/org/freeswitch/esl/client/inbound/InboundConnectionFailure.java,5.711463928222656,36.31200408935547,90.7776870727539,92.90306091308594,0.0,8.880030632019043,FreeSWITCH,92.90306091308594
bbb-common-web/src/main/java/org/bigbluebutton/api/model/constraint/UserSessionConstraint.java,15.268027305603027,74.74752044677734,1.8242703676223755,9.117509841918945,0.0,5.929620742797852,BBB web,74.74752044677734
bbb-fsesl-client/src/main/java/org/freeswitch/esl/client/transport/message/EslMessage.java,5.757778167724609,37.074378967285156,78.20494079589844,87.29334259033203,0.5206314921379089,7.472241401672363,FreeSWITCH,87.29334259033203
akka-bbb-fsesl/src/main/java/org/bigbluebutton/freeswitch/voice/events/VoiceUserTalkingEvent.java,22.10552215576172,37.37760925292969,79.5399398803711,102.60548400878906,0.0,7.247321605682373,FreeSWITCH,102.60548400878906
bbb-common-web/src/main/java/org/bigbluebutton/presentation/imp/PageCounterService.java,3.147247076034546,74.55367279052734,0.6538179516792297,2.8238682746887207,78.85334777832031,1.7155520915985107,Presentation Conversion,78.85334777832031
akka-bbb-fsesl/src/main/java/org/bigbluebutton/freeswitch/voice/events/VoiceStartRecordingEvent.java,21.821407318115234,37.36704635620117,78.34916687011719,98.10355377197266,0.0,7.154171466827393,FreeSWITCH,98.10355377197266
bbb-common-web/src/main/java/org/bigbluebutton/presentation/ConversionMessageConstants.java,2.079713821411133,75.6117172241211,0.0,2.146076202392578,118.17585754394531,2.066027879714966,Presentation Conversion,118.17585754394531
bbb-common-web/src/main/java/org/bigbluebutton/api/messaging/messages/UserJoinedVoice.java,15.479523658752441,74.687255859375,3.2722628116607666,5.657588958740234,0.0,7.397689342498779,BBB web,74.687255859375
bbb-common-message/src/main/java/org/bigbluebutton/common2/redis/pubsub/MessageHandler.java,15.885636329650879,37.393829345703125,8.954514503479004,2.162764310836792,0.0,312.18572998046875,Redis PubSub,312.18572998046875
akka-bbb-fsesl/src/main/java/org/bigbluebutton/freeswitch/voice/freeswitch/ESLEventListener.java,26.27593421936035,44.115379333496094,49.69322204589844,88.7535629272461,0.65525883436203,13.856703758239746,FreeSWITCH,88.7535629272461
bbb-common-web/src/main/java/org/bigbluebutton/api/model/validator/NotEmptyValidator.java,10.588196754455566,74.687255859375,0.2179894894361496,3.1581201553344727,0.0,1.2891430854797363,BBB web,74.687255859375
bbb-common-web/src/main/java/org/bigbluebutton/api/RecordingServiceHelper.java,11.239180564880371,75.27991485595703,0.2239851951599121,2.162764310836792,0.0,1.297095775604248,BBB web,75.27991485595703
akka-bbb-fsesl/src/main/java/org/bigbluebutton/freeswitch/voice/freeswitch/actions/ConferenceCheckRecordCommand.java,12.232821464538574,41.038387298583984,64.56735229492188,104.04238891601562,0.7223783731460571,8.396105766296387,FreeSWITCH,104.04238891601562
bbb-common-web/src/main/java/org/bigbluebutton/presentation/PageExtractor.java,2.0898396968841553,74.72437286376953,0.0,3.163727283477783,86.18505859375,1.0735149383544922,Presentation Conversion,86.18505859375
akka-bbb-fsesl/src/main/java/org/bigbluebutton/freeswitch/voice/events/VoiceConfRunningAndRecordingEvent.java,21.86119270324707,41.41876983642578,78.51493072509766,102.2946548461914,0.0,11.217463493347168,FreeSWITCH,102.2946548461914
akka-bbb-fsesl/src/main/java/org/bigbluebutton/freeswitch/voice/events/ConfMember.java,23.074766159057617,37.35569763183594,78.63450622558594,101.44876861572266,0.0,8.615385055541992,FreeSWITCH,101.44876861572266
bbb-common-web/src/main/java/org/bigbluebutton/api/messaging/messages/UserLeftVoice.java,15.605603218078613,74.69918823242188,3.302621364593506,5.674392223358154,0.0,7.456817626953125,BBB web,74.69918823242188
bbb-common-web/src/main/java/org/bigbluebutton/api/model/constraint/NotEmpty.java,15.051226615905762,74.71328735351562,1.7213869094848633,3.151102066040039,0.0,3.627776861190796,BBB web,74.71328735351562
akka-bbb-fsesl/src/main/java/org/bigbluebutton/freeswitch/voice/freeswitch/actions/DeafUserCommand.java,10.914915084838867,37.36127853393555,75.16431427001953,103.34879302978516,0.0,4.5672407150268555,FreeSWITCH,103.34879302978516
bbb-common-web/src/main/java/org/bigbluebutton/api/model/constraint/list/NotNullList.java,14.45869255065918,74.67011260986328,0.7857271432876587,3.1554629802703857,0.0,1.8557559251785278,BBB web,74.67011260986328
akka-bbb-fsesl/src/main/java/org/bigbluebutton/freeswitch/voice/freeswitch/actions/GetAllUsersCommand.java,13.925994873046875,37.327781677246094,64.01349639892578,110.14883422851562,1.367289423942566,6.433285713195801,FreeSWITCH,110.14883422851562
bbb-common-web/src/main/java/org/bigbluebutton/api/model/constraint/IsIntegralConstraint.java,11.930450439453125,74.7491455078125,1.6709239482879639,2.1561925411224365,0.0,3.6232805252075195,BBB web,74.7491455078125
bbb-recording-imex/src/main/java/org/bigbluebutton/RecordingApp.java,24.066707611083984,41.46050262451172,1.1359652280807495,11.475043296813965,64.07054138183594,3.7483677864074707,Presentation Conversion,64.07054138183594
akka-bbb-fsesl/src/main/java/org/bigbluebutton/freeswitch/voice/freeswitch/actions/HoldUserCommand.java,10.914915084838867,38.06018829345703,75.16431427001953,103.34879302978516,0.0,4.5672407150268555,FreeSWITCH,103.34879302978516
bbb-common-web/src/main/java/org/bigbluebutton/api/model/validator/PostChecksumValidator.java,11.081643104553223,74.55416870117188,0.18913188576698303,5.448446750640869,0.8508564233779907,3.4601080417633057,BBB web,74.55416870117188
bbb-common-web/src/main/java/org/bigbluebutton/api/model/validator/NotNullValidator.java,10.588196754455566,74.687255859375,0.2179894894361496,3.1581201553344727,0.0,1.2891430854797363,BBB web,74.687255859375
bbb-common-web/src/main/java/org/bigbluebutton/api/model/constraint/PostChecksumConstraint.java,11.43622875213623,74.75898742675781,1.11064875125885,3.158412218093872,0.0,3.0752434730529785,BBB web,74.75898742675781
bbb-common-web/src/main/java/org/bigbluebutton/api/messaging/messages/UpdateRecordingStatus.java,15.605603218078613,74.69918823242188,3.302621364593506,2.159944534301758,0.0,7.456817626953125,BBB web,74.69918823242188
akka-bbb-fsesl/src/main/java/org/bigbluebutton/freeswitch/voice/freeswitch/actions/EjectAllUsersCommand.java,10.756871223449707,37.37916946411133,77.11253356933594,105.94084167480469,0.0,4.657496929168701,FreeSWITCH,105.94084167480469
bbb-common-web/src/main/java/org/bigbluebutton/presentation/messages/IPresentationCompletionMessage.java,4.412805557250977,74.73766326904297,2.3218302726745605,2.165688991546631,86.73526763916016,5.717998027801514,Presentation Conversion,86.73526763916016
bbb-common-web/src/main/java/org/bigbluebutton/api/messaging/messages/GuestPolicyChanged.java,15.605603218078613,74.69918823242188,3.302621364593506,2.159944534301758,0.0,7.456817626953125,BBB web,74.69918823242188
bbb-fsesl-client/src/main/java/org/freeswitch/esl/client/outbound/example/SimpleHangupOutboundHandler.java,18.7540225982666,37.79279327392578,76.47420501708984,86.89583587646484,0.9329092502593994,14.633721351623535,FreeSWITCH,86.89583587646484
bbb-common-web/src/main/java/org/bigbluebutton/api2/domain/DurationProp2.java,14.745848655700684,74.67857360839844,0.3243793547153473,2.1567800045013428,0.0,1.3949660062789917,BBB web,74.67857360839844
akka-bbb-fsesl/src/main/java/org/bigbluebutton/freeswitch/voice/FreeswitchConferenceEventListener.java,24.81877326965332,42.16397476196289,63.65543746948242,89.94713592529297,0.6025316715240479,21.109159469604492,FreeSWITCH,89.94713592529297
akka-bbb-fsesl/src/main/java/org/bigbluebutton/freeswitch/voice/commands/ConferenceCommand.java,9.907012939453125,37.37916946411133,76.98125457763672,100.25242614746094,0.0,4.526215553283691,FreeSWITCH,100.25242614746094
bbb-common-web/src/main/java/org/bigbluebutton/api/model/request/Enter.java,12.030563354492188,74.6606674194336,0.198344886302948,4.735347747802734,0.0,1.2630863189697266,BBB web,74.6606674194336
bbb-fsesl-client/src/main/java/org/freeswitch/esl/client/transport/SendMsg.java,26.94858741760254,38.30949783325195,80.01970672607422,87.26464080810547,0.0,10.201151847839355,FreeSWITCH,87.26464080810547
bbb-common-web/src/main/java/org/bigbluebutton/api/domain/Extensions.java,10.667173385620117,74.6961669921875,0.21975421905517578,2.159484386444092,0.0,1.291483759880066,BBB web,74.6961669921875
bbb-common-web/src/main/java/org/bigbluebutton/web/services/EnteredUserCleanupTimerTask.java,3.9799129962921143,74.75743103027344,0.0,2.154456853866577,0.0,1.0694797039031982,BBB web,74.75743103027344
bbb-fsesl-client/src/main/java/org/freeswitch/esl/client/outbound/SocketClient.java,7.084701061248779,36.672542572021484,82.01014709472656,89.22611236572266,0.7403934597969055,10.59192180633545,FreeSWITCH,89.22611236572266
bbb-common-web/src/main/java/org/bigbluebutton/web/services/UserCleanupTimerTask.java,3.9799129962921143,74.75743103027344,0.0,3.154456853866577,0.0,1.0694797039031982,BBB web,74.75743103027344
bbb-common-web/src/main/java/org/bigbluebutton/api2/IBbbWebApiGWApp.java,20.745595932006836,74.49939727783203,1.909949541091919,8.126285552978516,37.0,6.296503067016602,BBB web,74.49939727783203
bbb-fsesl-client/src/main/java/org/freeswitch/esl/client/transport/event/EslEventHeaderNames.java,13.91325855255127,36.86384963989258,85.32939147949219,97.9493637084961,0.0,9.676987648010254,FreeSWITCH,97.9493637084961
bbb-common-web/src/main/java/org/bigbluebutton/api2/domain/MeetingProp2.java,15.225993156433105,74.63578796386719,0.31115880608558655,2.150010347366333,0.0,1.3788686990737915,BBB web,74.63578796386719
bbb-common-web/src/main/java/org/bigbluebutton/api/model/request/RequestWithChecksum.java,11.097339630126953,74.6564712524414,0.21175435185432434,2.153318166732788,0.0,1.2808727025985718,BBB web,74.6564712524414
bbb-fsesl-client/src/main/java/org/freeswitch/esl/client/example/HeartbeatThread.java,15.875381469726562,37.636043548583984,77.8171615600586,87.058837890625,0.910503089427948,8.629351615905762,FreeSWITCH,87.058837890625
bbb-common-web/src/main/java/org/bigbluebutton/presentation/Util.java,2.734158992767334,74.61224365234375,0.6544452905654907,2.451551675796509,81.78681182861328,1.7204731702804565,Presentation Conversion,81.78681182861328
bbb-common-web/src/main/java/org/bigbluebutton/api/ApiErrors.java,28.65332794189453,75.71357727050781,0.9147602915763855,11.49929428100586,0.0,5.046921253204346,BBB web,75.71357727050781
bbb-common-web/src/main/java/org/bigbluebutton/presentation/messages/DocPageCountFailed.java,6.056188106536865,74.7116928100586,2.1740760803222656,2.146076202392578,81.17585754394531,5.414180278778076,Presentation Conversion,81.17585754394531
bbb-common-web/src/main/java/org/bigbluebutton/api/model/request/MeetingInfo.java,12.592696189880371,74.69125366210938,0.20431649684906006,2.768364906311035,0.0,1.2710070610046387,BBB web,74.69125366210938
bbb-common-web/src/main/java/org/bigbluebutton/web/services/turn/StunServer.java,2.08900785446167,74.79849243164062,0.0,2.1622872352600098,0.0,1.0729100704193115,BBB web,74.79849243164062
bbb-common-web/src/main/java/org/bigbluebutton/presentation/OfficeToPdfConversionSuccessFilter.java,3.762338876724243,84.14527130126953,0.6875231266021729,5.218226432800293,115.69043731689453,7.469881057739258,Presentation Conversion,115.69043731689453
bbb-common-web/src/main/java/org/bigbluebutton/api/messaging/messages/GuestsStatus.java,12.987224578857422,74.70223999023438,2.5033273696899414,5.678627967834473,0.0,5.857827186584473,BBB web,74.70223999023438
bbb-common-web/src/main/java/org/bigbluebutton/api/model/shared/GetChecksum.java,16.302587509155273,74.61198425292969,1.000955581665039,6.828930854797363,0.0,4.707714557647705,BBB web,74.61198425292969
bbb-common-message/src/main/java/org/bigbluebutton/common2/redis/pubsub/ReceivedMessageHandler.java,22.302377700805664,37.65205764770508,10.572248458862305,3.938908815383911,2.014896869659424,303.33392333984375,Redis PubSub,303.33392333984375
bbb-common-web/src/main/java/org/bigbluebutton/api/domain/Preview.java,10.643819808959961,74.69316864013672,0.21916282176971436,2.159026861190796,0.0,1.2906993627548218,BBB web,74.69316864013672
bbb-common-web/src/main/java/org/bigbluebutton/presentation/SupportedDocumentFilter.java,4.839231014251709,74.60017395019531,0.9460452198982239,4.332870006561279,115.3409652709961,7.624913215637207,Presentation Conversion,115.3409652709961
bbb-common-web/src/main/java/org/bigbluebutton/common/messages/BbbAppsIsAliveMessage.java,4.96613883972168,75.17424011230469,2.8976075649261475,6.308927059173584,0.0,6.8526787757873535,BBB web,75.17424011230469
bbb-fsesl-client/src/main/java/org/freeswitch/esl/client/manager/DefaultManagerConnection.java,3.8703830242156982,36.21955871582031,75.451904296875,83.68811798095703,0.0,5.650626182556152,FreeSWITCH,83.68811798095703
bbb-common-web/src/main/java/org/bigbluebutton/web/services/callback/CallbackUrlService.java,17.058542251586914,75.3323974609375,4.494711399078369,8.947691917419434,1.1829500198364258,10.254405975341797,BBB web,75.3323974609375
bbb-common-web/src/main/java/org/bigbluebutton/api/model/shared/ChecksumValidationGroup.java,13.47470474243164,74.73095703125,0.22647684812545776,2.1647019386291504,0.0,1.300400733947754,BBB web,74.73095703125
akka-bbb-fsesl/src/main/java/org/bigbluebutton/freeswitch/voice/freeswitch/actions/CheckFreeswitchStatusCommand.java,12.582937240600586,37.33814239501953,73.62366485595703,104.63909912109375,0.7698196172714233,5.48374605178833,FreeSWITCH,104.63909912109375
bbb-common-web/src/main/java/org/bigbluebutton/api/model/constraint/JoinPasswordConstraint.java,14.25272274017334,74.7370834350586,1.0799009799957275,7.945366382598877,0.0,5.057834625244141,BBB web,74.7370834350586
bbb-common-web/src/main/java/org/bigbluebutton/api/messaging/messages/UserLockedInMeeting.java,17.71000099182129,74.687255859375,5.502740383148193,5.657588958740234,0.0,9.628167152404785,BBB web,74.687255859375
bbb-common-web/src/main/java/org/bigbluebutton/api/domain/Recording.java,13.972415924072266,75.87349700927734,0.14173176884651184,4.518989562988281,0.0,2.964726686477661,BBB web,75.87349700927734
akka-bbb-apps/src/main/scala/org/bigbluebutton/core/util/jhotdraw/BezierWrapper.java,61.309146881103516,41.485660552978516,3.299018621444702,6.5254621505737305,0.0,2.4699432849884033,Apps,61.309146881103516
bbb-common-web/src/main/java/org/bigbluebutton/api/messaging/messages/CreateMeeting.java,16.05034065246582,74.70531463623047,3.3181278705596924,2.1608731746673584,0.0,7.487022876739502,BBB web,74.70531463623047
bbb-common-web/src/main/java/org/bigbluebutton/api/model/validator/SizeValidator.java,10.405522346496582,75.34268188476562,0.21286135911941528,2.1672298908233643,0.0,1.2823410034179688,BBB web,75.34268188476562
bbb-common-web/src/main/java/org/bigbluebutton/api/messaging/messages/MeetingDestroyed.java,15.734612464904785,74.71155548095703,3.333859443664551,2.1618130207061768,0.0,7.517669200897217,BBB web,74.71155548095703
bbb-common-web/src/main/java/org/bigbluebutton/web/services/turn/RemoteIceCandidate.java,2.08900785446167,74.79849243164062,0.0,2.1622872352600098,0.0,1.0729100704193115,BBB web,74.79849243164062
bbb-common-web/src/main/java/org/bigbluebutton/api/ParamsProcessorUtil.java,12.56425666809082,79.37115478515625,0.8683600425720215,12.419702529907227,38.14603805541992,5.6473917961120605,BBB web,79.37115478515625
akka-bbb-fsesl/src/main/java/org/bigbluebutton/freeswitch/voice/events/VoiceConferenceEvent.java,22.447092056274414,37.390472412109375,80.99333190917969,100.30079650878906,0.0,7.359384536743164,FreeSWITCH,100.30079650878906
bbb-common-web/src/main/java/org/bigbluebutton/api/model/constraint/Size.java,15.164936065673828,75.18401336669922,1.9986481666564941,3.1588432788848877,0.0,3.8836958408355713,BBB web,75.18401336669922
bbb-common-web/src/main/java/org/bigbluebutton/api/messaging/converters/messages/CreateMeetingMessage.java,15.875707626342773,76.15575408935547,2.1978368759155273,6.126286029815674,37.0,5.2770891189575195,BBB web,76.15575408935547
bbb-common-web/src/main/java/org/bigbluebutton/api/model/constraint/MeetingIDConstraint.java,21.089906692504883,75.15718841552734,5.5547943115234375,6.779287815093994,0.0,13.276809692382812,BBB web,75.15718841552734
bbb-common-web/src/main/java/org/bigbluebutton/api/domain/User.java,17.211896896362305,75.24297332763672,2.9926671981811523,12.360503196716309,0.0,5.046412944793701,BBB web,75.24297332763672
bbb-common-web/src/main/java/org/bigbluebutton/presentation/DocumentConversionServiceImp.java,9.698843955993652,76.2953872680664,1.4993648529052734,5.287789344787598,179.81459045410156,12.796202659606934,Presentation Conversion,179.81459045410156
bbb-common-web/src/main/java/org/bigbluebutton/api/model/shared/PostChecksum.java,13.676220893859863,74.64083099365234,0.208501398563385,2.1508233547210693,0.0,1.2765579223632812,BBB web,74.64083099365234
bbb-common-web/src/main/java/org/bigbluebutton/api/messaging/converters/messages/DestroyMeetingMessage.java,14.718189239501953,76.7474136352539,2.487187623977661,2.158572196960449,0.0,5.827145099639893,BBB web,76.7474136352539
bbb-common-message/src/main/java/org/bigbluebutton/common2/redis/RedisStorageService.java,25.587398529052734,37.716651916503906,6.490050792694092,8.424565315246582,37.629600524902344,118.23970031738281,Redis PubSub,118.23970031738281
bbb-common-web/src/main/java/org/bigbluebutton/api/model/request/SignOut.java,10.761662483215332,74.69125366210938,0.20431649684906006,4.768364906311035,0.0,1.2710070610046387,BBB web,74.69125366210938
bbb-common-web/src/main/java/org/bigbluebutton/api/model/validator/MeetingEndedValidator.java,13.411364555358887,74.67011260986328,0.21454370021820068,2.1554629802703857,0.0,1.2845724821090698,BBB web,74.67011260986328
bbb-common-web/src/main/java/org/bigbluebutton/api/IReceivedOldMessageHandler.java,12.793435096740723,74.734619140625,1.072624921798706,2.165194034576416,0.0,2.9922714233398438,BBB web,74.734619140625
akka-bbb-fsesl/src/main/java/org/bigbluebutton/freeswitch/voice/events/UnknownConferenceEvent.java,22.49112892150879,37.39214324951172,81.18245697021484,100.4540023803711,0.0,7.373838424682617,FreeSWITCH,100.4540023803711
bigbluebutton-web/test/groovy/org/bigbluebutton/api/messaging/NullMessagingService.java,14.656832695007324,38.35465621948242,0.20534688234329224,4.146518230438232,0.0,1.278436303138733,BBB web,38.35465621948242
bbb-common-web/src/main/java/org/bigbluebutton/api/domain/Recordings.java,12.712870597839355,75.27523803710938,0.21065881848335266,2.152477264404297,0.0,1.2794195413589478,BBB web,75.27523803710938
bbb-common-web/src/main/java/org/bigbluebutton/api/ApiParams.java,9.670624732971191,74.89034271240234,0.15949764847755432,7.113985061645508,37.0,1.2115589380264282,BBB web,74.89034271240234
bbb-common-web/src/main/java/org/bigbluebutton/presentation/TextFileCreator.java,2.611586332321167,74.73095703125,0.5211825370788574,2.1647019386291504,86.45863342285156,1.5951064825057983,Presentation Conversion,86.45863342285156
bbb-common-web/src/main/java/org/bigbluebutton/presentation/imp/PdfPageDownscaler.java,4.62345552444458,75.6517333984375,0.0,2.1631863117218018,82.76746368408203,1.0741772651672363,Presentation Conversion,82.76746368408203
bbb-fsesl-client/src/main/java/org/freeswitch/esl/client/transport/CommandResponse.java,4.367828369140625,36.29216003417969,86.5984115600586,90.91417694091797,0.0,6.268061637878418,FreeSWITCH,90.91417694091797
bbb-common-web/src/main/java/org/bigbluebutton/presentation/ImageResizer.java,2.611586332321167,74.73095703125,0.5211825370788574,2.1647019386291504,86.45863342285156,1.5951064825057983,Presentation Conversion,86.45863342285156
bigbluebutton-web/pres-checker/src/main/java/org/bigbluebutton/prescheck/Main.java,11.715777397155762,38.564937591552734,0.5428073406219482,2.3565688133239746,0.0,1.6032631397247314,BBB web,38.564937591552734
bbb-fsesl-client/src/test/java/org/freeswitch/esl/client/transport/message/EslFrameDecoderTest.java,21.141395568847656,39.98938751220703,63.47956466674805,88.09474182128906,0.27202844619750977,12.799077987670898,FreeSWITCH,88.09474182128906
bbb-common-web/src/main/java/org/bigbluebutton/api/model/validator/IsIntegralValidator.java,10.49710750579834,74.67572784423828,0.21568013727664948,2.1563384532928467,0.0,1.2860798835754395,BBB web,74.67572784423828
bbb-common-web/src/main/java/org/bigbluebutton/presentation/handlers/PdfPageCounterHandler.java,5.815147876739502,75.63150024414062,0.0,2.5419199466705322,82.85694885253906,1.067366600036621,Presentation Conversion,82.85694885253906
akka-bbb-apps/src/test/java/org/bigbluebutton/xml/Simple.java,67.20298767089844,37.400726318359375,3.835573434829712,4.4038519859313965,0.0,2.653867483139038,Apps,67.20298767089844
bbb-common-web/src/main/java/org/bigbluebutton/presentation/imp/ThumbnailCreatorImp.java,7.347278118133545,78.04291534423828,1.535975694656372,5.843854904174805,64.81970977783203,2.977205991744995,BBB web,78.04291534423828
bbb-common-web/src/main/java/org/bigbluebutton/presentation/imp/SvgImageCreatorImp.java,10.437244415283203,78.72991180419922,2.052625894546509,10.013859748840332,52.62691116333008,11.709502220153809,BBB web,78.72991180419922
bbb-common-web/src/main/java/org/bigbluebutton/api/messaging/converters/messages/KeepAliveMessage.java,12.879887580871582,76.7474136352539,2.487187623977661,2.158572196960449,0.0,5.827145099639893,BBB web,76.7474136352539
bbb-common-web/src/main/java/org/bigbluebutton/api/messaging/messages/EndBreakoutRoom.java,13.887466430664062,74.71155548095703,3.333859443664551,2.1618130207061768,0.0,7.517669200897217,BBB web,74.71155548095703
bbb-common-message/src/main/java/org/bigbluebutton/common2/redis/pubsub/MessageToSend.java,14.844511985778809,37.382328033447266,8.968963623046875,2.159484386444092,0.0,308.7329406738281,Redis PubSub,308.7329406738281
bbb-fsesl-client/src/test/java/org/freeswitch/esl/client/outbound/SocketClientTest.java,5.265011787414551,36.29536437988281,87.97352600097656,92.72679138183594,0.8100636601448059,7.457983016967773,FreeSWITCH,92.72679138183594
bbb-common-web/src/main/java/org/bigbluebutton/api/domain/Metadata.java,12.788272857666016,75.39523315429688,0.5261107683181763,4.807176113128662,0.0,1.5955904722213745,BBB web,75.39523315429688
bbb-common-web/src/main/java/org/bigbluebutton/presentation/imp/OfficeToPdfConversionService.java,7.005138874053955,80.82228088378906,1.481473445892334,3.7921366691589355,147.2850341796875,5.502270698547363,Presentation Conversion,147.2850341796875
bbb-common-web/src/main/java/org/bigbluebutton/presentation/imp/OfficeDocumentValidator.java,6.432465553283691,76.1686782836914,1.7806891202926636,4.337977886199951,73.70083618164062,3.647444009780884,BBB web,76.1686782836914
bbb-common-web/src/main/java/org/bigbluebutton/presentation/imp/PageToConvert.java,3.1353306770324707,76.58111572265625,0.6899679899215698,3.124051809310913,74.79228210449219,1.7464545965194702,BBB web,76.58111572265625
bbb-common-web/src/main/java/org/bigbluebutton/presentation/imp/Office2PdfPageConverter.java,9.165915489196777,79.31051635742188,1.8946049213409424,7.593687057495117,196.13275146484375,13.459803581237793,Presentation Conversion,196.13275146484375
bbb-common-web/src/main/java/org/bigbluebutton/presentation/messages/DocConversionRequestReceived.java,6.091047286987305,74.63082122802734,2.197880268096924,2.1492061614990234,82.07151794433594,5.463127613067627,Presentation Conversion,82.07151794433594
akka-bbb-fsesl/src/main/java/org/bigbluebutton/freeswitch/voice/events/FreeswitchStatusReplyEvent.java,22.98213768005371,37.37300491333008,79.02080535888672,98.671630859375,0.0,7.206861972808838,FreeSWITCH,98.671630859375
bbb-common-web/src/main/java/org/bigbluebutton/api/domain/BreakoutRoom.java,10.809990882873535,74.71471405029297,0.22337082028388977,2.1622872352600098,0.0,1.296280860900879,BBB web,74.71471405029297
bbb-common-web/src/main/java/org/bigbluebutton/api/model/entity/PlaybackFormat.java,11.801366806030273,75.69631958007812,1.704864740371704,6.231390476226807,0.0,3.751127004623413,BBB web,75.69631958007812
akka-bbb-apps/src/main/scala/org/bigbluebutton/core/util/jhotdraw/PathData.java,66.23623657226562,40.8283805847168,3.691059112548828,5.367406368255615,0.0,2.604684591293335,Apps,66.23623657226562
akka-bbb-fsesl/src/main/java/org/bigbluebutton/freeswitch/voice/freeswitch/actions/GetUsersStatusCommand.java,12.016709327697754,39.792659759521484,59.50362014770508,104.41706848144531,0.7468351125717163,8.222395896911621,FreeSWITCH,104.41706848144531
bbb-fsesl-client/src/main/java/org/freeswitch/esl/client/example/ExampleClient.java,21.12870979309082,37.519649505615234,80.5379409790039,88.32774353027344,0.7806031703948975,9.3262357711792,FreeSWITCH,88.32774353027344
akka-bbb-fsesl/src/main/java/org/bigbluebutton/freeswitch/voice/freeswitch/ConnectionManager.java,18.55116081237793,38.25101852416992,66.06672668457031,96.31964111328125,1.5076727867126465,11.644012451171875,FreeSWITCH,96.31964111328125
bbb-common-web/src/main/java/org/bigbluebutton/api/pub/IPublisherService.java,20.21696662902832,75.378173828125,2.3120768070220947,7.263256072998047,0.0,8.30685806274414,BBB web,75.378173828125
bbb-common-web/src/main/java/org/bigbluebutton/api/domain/Meeting.java,14.631948471069336,77.5752944946289,3.3770129680633545,21.600509643554688,39.078189849853516,5.173207759857178,BBB web,77.5752944946289
bbb-common-web/src/main/java/org/bigbluebutton/common/messages/MessageBuilder.java,5.217964172363281,75.17048645019531,3.1467790603637695,5.937569618225098,0.0,7.3530802726745605,BBB web,75.17048645019531
akka-bbb-fsesl/src/main/java/org/bigbluebutton/freeswitch/voice/events/VoiceUserLockedEvent.java,24.33599853515625,37.37760925292969,81.77042388916016,102.60548400878906,0.0,9.477799415588379,FreeSWITCH,102.60548400878906
bbb-common-web/src/main/java/org/bigbluebutton/api/messaging/messages/MakePresentationDownloadableMsg.java,15.356268882751465,74.67572784423828,3.2427449226379395,2.1563384532928467,0.0,7.340209484100342,BBB web,74.67572784423828
bbb-common-web/src/main/java/org/bigbluebutton/presentation/handlers/AbstractCommandHandler.java,4.654079437255859,75.5250244140625,0.0,2.391324520111084,77.34395599365234,3.057511806488037,Presentation Conversion,77.34395599365234
bbb-common-web/src/main/java/org/bigbluebutton/api/model/constraint/GetChecksumConstraint.java,11.43622875213623,74.75898742675781,1.11064875125885,3.158412218093872,0.0,3.0752434730529785,BBB web,74.75898742675781
bbb-common-web/src/main/java/org/bigbluebutton/presentation/messages/UploadFileTimedoutMessage.java,6.108954429626465,74.64083099365234,2.210148334503174,2.1508233547210693,125.58554077148438,5.4883527755737305,Presentation Conversion,125.58554077148438
bbb-common-web/src/main/java/org/bigbluebutton/web/services/KeepAliveMessage.java,2.090975046157837,74.81623077392578,0.0,2.165688991546631,0.0,1.074337363243103,BBB web,74.81623077392578
bbb-fsesl-client/src/main/java/org/freeswitch/esl/client/transport/event/EslEvent.java,18.204683303833008,37.32292175292969,70.71336364746094,80.62802124023438,1.2244571447372437,8.428691864013672,FreeSWITCH,80.62802124023438
bbb-common-web/src/main/java/org/bigbluebutton/api/domain/RecordingMetadataPlayback.java,9.898942947387695,74.60260009765625,0.20029625296592712,2.144561290740967,0.0,2.265674591064453,BBB web,74.60260009765625
bbb-common-web/src/main/java/org/bigbluebutton/presentation/PresentationUrlDownloadService.java,5.969697952270508,77.94937896728516,0.6115130186080933,12.373964309692383,109.23310852050781,5.597212791442871,Presentation Conversion,109.23310852050781
bbb-common-web/src/main/java/org/bigbluebutton/presentation/SupportedFileTypes.java,10.846819877624512,77.96735382080078,0.713367760181427,5.726286888122559,77.66187286376953,6.582504749298096,BBB web,77.96735382080078
bbb-common-web/src/main/java/org/bigbluebutton/api/model/shared/ModeratorPassword.java,13.445622444152832,74.72764587402344,0.2258487492799759,2.164213180541992,0.0,1.2995675802230835,BBB web,74.72764587402344
bbb-common-web/src/main/java/org/bigbluebutton/presentation/messages/DocInvalidMimeType.java,6.091047286987305,74.63082122802734,2.197880268096924,2.1492061614990234,82.07151794433594,5.463127613067627,Presentation Conversion,82.07151794433594
bbb-fsesl-client/src/main/java/org/freeswitch/esl/client/example/EslEventListener.java,26.777141571044922,36.27458572387695,73.32630157470703,84.49012756347656,0.853207528591156,8.901700019836426,FreeSWITCH,84.49012756347656
bbb-common-web/src/main/java/org/bigbluebutton/api/domain/GuestPolicy.java,13.8416109085083,74.69316864013672,0.21916282176971436,2.159026861190796,3.193902015686035,1.2906993627548218,BBB web,74.69316864013672
bbb-common-web/src/main/java/org/bigbluebutton/api/model/entity/Recording.java,11.674422264099121,75.4523696899414,0.8443659543991089,5.0041327476501465,0.0,3.373671293258667,BBB web,75.4523696899414
akka-bbb-fsesl/src/main/java/org/bigbluebutton/freeswitch/voice/freeswitch/response/XMLResponseConferenceListParser.java,10.905243873596191,37.553131103515625,62.4632453918457,100.18229675292969,0.0,3.9275877475738525,FreeSWITCH,100.18229675292969
bbb-common-web/src/main/java/org/bigbluebutton/api/Util.java,10.260788917541504,75.10528564453125,0.15009081363677979,2.107048273086548,76.05648040771484,1.1990816593170166,Presentation Conversion,76.05648040771484
bbb-common-web/src/main/java/org/bigbluebutton/api/domain/Config.java,10.667173385620117,74.6961669921875,0.21975421905517578,2.159484386444092,0.0,1.291483759880066,BBB web,74.6961669921875
bbb-common-web/src/main/java/org/bigbluebutton/api/messaging/MessageDistributor.java,19.55051612854004,74.74320983886719,2.3596694469451904,4.158496856689453,0.0,5.259249687194824,BBB web,74.74320983886719
akka-bbb-fsesl/src/main/java/org/bigbluebutton/freeswitch/voice/events/ConferenceEventListener.java,30.00931167602539,37.395530700683594,83.45685577392578,101.76306915283203,0.0,9.293990135192871,FreeSWITCH,101.76306915283203
bbb-common-web/src/main/java/org/bigbluebutton/api/messaging/converters/messages/EndMeetingMessage.java,14.718189239501953,76.7474136352539,2.487187623977661,2.158572196960449,0.0,5.827145099639893,BBB web,76.7474136352539
akka-bbb-fsesl/src/main/java/org/bigbluebutton/freeswitch/voice/commands/RecordCommand.java,10.02829647064209,37.38881301879883,78.04275512695312,101.14846801757812,0.0,4.5818610191345215,FreeSWITCH,101.14846801757812
bbb-common-web/src/main/java/org/bigbluebutton/api/service/impl/RecordingServiceDbImpl.java,12.938549041748047,75.26649475097656,0.576238214969635,11.175424575805664,37.0,2.608870267868042,BBB web,75.26649475097656
bbb-common-web/src/main/java/org/bigbluebutton/api/messaging/messages/CreateBreakoutRoom.java,13.591951370239258,74.52457427978516,2.8362767696380615,4.131008625030518,0.0,6.549720287322998,BBB web,74.52457427978516
bbb-common-web/src/main/java/org/bigbluebutton/presentation/messages/DocConversionProgress.java,6.056188106536865,74.7116928100586,2.1740760803222656,2.146076202392578,81.17585754394531,5.414180278778076,Presentation Conversion,81.17585754394531
akka-bbb-fsesl/src/main/java/org/bigbluebutton/freeswitch/voice/freeswitch/response/ConferenceMember.java,9.875825881958008,37.298343658447266,68.38079071044922,102.72016906738281,0.0,4.238536357879639,FreeSWITCH,102.72016906738281
bbb-common-web/src/main/java/org/bigbluebutton/presentation/imp/PdfPageCounter.java,5.65809965133667,76.97020721435547,0.0,2.4579944610595703,82.23993682861328,8.61413860321045,Presentation Conversion,82.23993682861328
bbb-common-web/src/main/java/org/bigbluebutton/api/model/request/GuestWait.java,12.1264066696167,74.6705551147461,0.20029625296592712,4.746026515960693,0.0,1.2656745910644531,BBB web,74.6705551147461
bbb-fsesl-client/src/main/java/org/freeswitch/esl/client/manager/ManagerConnection.java,4.515967845916748,36.314857482910156,89.98734283447266,93.24972534179688,0.0,6.547122955322266,FreeSWITCH,93.24972534179688
bbb-recording-imex/src/test/java/org/bigbluebutton/RecordingStoreTest.java,2.055542469024658,37.33769226074219,0.0,2.5970427989959717,0.0,1.0555424690246582,BBB web,37.33769226074219
akka-bbb-apps/src/main/scala/org/bigbluebutton/core/util/jhotdraw/Geom.java,57.13023376464844,39.02619934082031,2.8900558948516846,6.345462322235107,0.6458258032798767,21.112964630126953,Apps,57.13023376464844
bbb-common-web/src/main/java/org/bigbluebutton/api/model/validator/JoinPasswordValidator.java,14.665058135986328,74.58592224121094,0.19643117487430573,7.911086559295654,0.8699641823768616,3.0560364723205566,BBB web,74.58592224121094
akka-bbb-fsesl/src/main/java/org/bigbluebutton/freeswitch/voice/events/FreeswitchHeartbeatEvent.java,23.1916446685791,37.382328033447266,80.07289123535156,99.54773712158203,0.0,7.288618564605713,FreeSWITCH,99.54773712158203
akka-bbb-apps/src/main/scala/org/bigbluebutton/core/util/jhotdraw/BezierPath.java,53.057655334472656,43.35363006591797,2.3211755752563477,12.015420913696289,0.0,2.384910821914673,Apps,53.057655334472656
bbb-common-web/src/main/java/org/bigbluebutton/api/domain/Breakout.java,12.244226455688477,74.66458892822266,0.21341919898986816,2.154597759246826,0.0,1.2830809354782104,BBB web,74.66458892822266
bbb-fsesl-client/src/main/java/org/freeswitch/esl/client/outbound/AbstractOutboundPipelineFactory.java,4.3198442459106445,36.284912109375,85.50736999511719,91.16191864013672,0.0,8.80990982055664,FreeSWITCH,91.16191864013672
bbb-common-web/src/main/java/org/bigbluebutton/api/model/constraint/IsBooleanConstraint.java,11.988303184509277,74.75548553466797,1.6848576068878174,2.1570756435394287,0.0,3.6453378200531006,BBB web,74.75548553466797
bbb-common-web/src/main/java/org/bigbluebutton/api/model/constraint/NotNull.java,14.995124816894531,74.7190170288086,1.6046355962753296,3.1516456604003906,0.0,3.5183725357055664,BBB web,74.7190170288086
bbb-common-web/src/main/java/org/bigbluebutton/api/service/XmlService.java,10.256300926208496,74.64595794677734,0.20957455039024353,3.1516456604003906,0.0,1.2779814004898071,BBB web,74.64595794677734
bbb-common-web/src/main/java/org/bigbluebutton/api2/IRecordingService.java,16.29625701904297,74.59375,0.2975173592567444,2.143078088760376,0.0,2.3622586727142334,BBB web,74.59375
akka-bbb-fsesl/src/main/java/org/bigbluebutton/freeswitch/voice/freeswitch/FreeswitchApplication.java,17.71993637084961,38.185264587402344,57.885929107666016,89.37323760986328,1.115407943725586,12.575335502624512,FreeSWITCH,89.37323760986328
bbb-common-web/src/main/java/org/bigbluebutton/api/model/request/Stuns.java,12.030563354492188,74.6606674194336,0.198344886302948,4.735347747802734,0.0,1.2630863189697266,BBB web,74.6606674194336
bbb-common-web/src/main/java/org/bigbluebutton/api/messaging/messages/UserLeft.java,15.605603218078613,74.69918823242188,3.302621364593506,5.674392223358154,0.0,7.456817626953125,BBB web,74.69918823242188
bbb-common-web/src/main/java/org/bigbluebutton/presentation/handlers/ImageResizerHandler.java,5.033533096313477,74.7185287475586,0.0,2.523747205734253,86.63645935058594,1.073110580444336,Presentation Conversion,86.63645935058594
bbb-common-web/src/main/java/org/bigbluebutton/presentation/handlers/PdfFontType3DetectorHandler.java,5.016800403594971,75.70903778076172,0.0,2.517348289489746,86.22620391845703,1.0725122690200806,Presentation Conversion,86.22620391845703
bbb-common-web/src/main/java/org/bigbluebutton/api/messaging/ReceivedMessage.java,12.967302322387695,74.71155548095703,2.4136953353881836,2.1618130207061768,0.0,5.677341461181641,BBB web,74.71155548095703
bbb-common-web/src/main/java/org/bigbluebutton/api2/domain/UsersProp2.java,18.092670440673828,74.60260009765625,2.523404359817505,10.843026161193848,0.0,3.588782548904419,BBB web,74.60260009765625
bbb-common-web/src/main/java/org/bigbluebutton/api/service/SessionService.java,12.08655071258545,74.67290496826172,0.2151104211807251,4.155899524688721,0.0,1.285324215888977,BBB web,74.67290496826172
bbb-common-web/src/main/java/org/bigbluebutton/api/model/request/Request.java,11.542337417602539,74.70531463623047,0.22154776751995087,2.1608731746673584,0.0,1.2938628196716309,BBB web,74.70531463623047
bbb-common-web/src/main/java/org/bigbluebutton/api/model/constraint/list/SizeList.java,14.45869255065918,74.67011260986328,0.7857271432876587,2.1554629802703857,0.0,1.8557559251785278,BBB web,74.67011260986328
akka-bbb-fsesl/src/main/java/org/bigbluebutton/freeswitch/voice/freeswitch/actions/PlaySoundCommand.java,11.003311157226562,37.36127853393555,75.16431427001953,103.34879302978516,0.0,4.5672407150268555,FreeSWITCH,103.34879302978516
akka-bbb-fsesl/src/main/java/org/bigbluebutton/freeswitch/voice/freeswitch/actions/StopSoundCommand.java,11.688362121582031,37.36704635620117,75.79146575927734,105.11551666259766,0.0,4.596471786499023,FreeSWITCH,105.11551666259766
bbb-common-web/src/main/java/org/bigbluebutton/api2/IMeetingService.java,21.4454402923584,74.5689697265625,2.084333896636963,10.11165714263916,0.0,8.416173934936523,BBB web,74.5689697265625
bbb-common-web/src/main/java/org/bigbluebutton/api/model/validator/MeetingExistsValidator.java,13.043420791625977,74.62206268310547,0.20431649684906006,3.0019524097442627,0.7775453329086304,1.2710070610046387,BBB web,74.62206268310547
bbb-fsesl-client/src/main/java/org/freeswitch/esl/client/transport/message/EslHeaders.java,21.41637420654297,36.37810134887695,87.50902557373047,89.04341888427734,0.0,13.90052604675293,FreeSWITCH,89.04341888427734
bbb-common-web/src/main/java/org/bigbluebutton/api/RecordingService.java,14.23873519897461,74.98204803466797,0.18913188576698303,2.1443231105804443,0.0,3.050743579864502,BBB web,74.98204803466797
bbb-fsesl-client/src/main/java/org/freeswitch/esl/client/inbound/Client.java,28.874563217163086,36.68741226196289,56.53152847290039,72.43545532226562,0.6661472916603088,16.188079833984375,FreeSWITCH,72.43545532226562
