file_path,Apps,BBB web,FreeSWITCH,Presentation Conversion,Redis DB,Redis PubSub,best_module,best_likelihood
bbb-common-web/src/main/java/org/bigbluebutton/api/model/request/MeetingRunning.java,11.889243125915527,74.69125366210938,2.768364906311035,0.0,1.8310341835021973,1.2710070610046387,BBB web,74.69125366210938
bbb-common-web/src/main/java/org/bigbluebutton/api/model/constraint/MeetingEndedConstraint.java,13.608154296875,74.7310562133789,8.107565879821777,0.0,1.8348647356033325,3.559296131134033,BBB web,74.7310562133789
bbb-common-web/src/main/java/org/bigbluebutton/presentation/messages/IDocConversionMsg.java,4.412805557250977,74.73766326904297,2.165688991546631,86.73526763916016,0.0,5.717998027801514,Presentation Conversion,86.73526763916016
bbb-common-web/src/main/java/org/bigbluebutton/presentation/handlers/Png2SvgConversionHandler.java,5.06204891204834,74.73429870605469,2.165194034576416,86.59656524658203,0.0,1.0741300582885742,Presentation Conversion,86.59656524658203
bbb-common-web/src/main/java/org/bigbluebutton/web/services/IStorageService.java,5.266434669494629,74.78398132324219,3.247076988220215,0.0,1.8114013671875,1.0717295408248901,BBB web,74.78398132324219
bbb-common-web/src/main/java/org/bigbluebutton/api/model/validator/IsBooleanValidator.java,10.385931015014648,74.66185760498047,2.1541688442230225,0.0,0.0,1.2823410034179688,BBB web,74.66185760498047
bbb-common-web/src/main/java/org/bigbluebutton/api/LearningDashboardService.java,12.47601318359375,77.19393157958984,7.340524196624756,0.7223783731460571,2.7593483924865723,1.832517147064209,BBB web,77.19393157958984
bbb-common-web/src/main/java/org/bigbluebutton/api/messaging/messages/UserStatusChanged.java,15.356268882751465,74.67572784423828,6.641005992889404,0.0,1.8320963382720947,7.340209484100342,BBB web,74.67572784423828
bigbluebutton-web/test/groovy/org/bigbluebutton/api/ParamsProcessorUtilTest.java,14.327862739562988,38.92449188232422,6.768273830413818,0.766662061214447,0.0,2.3888463973999023,BBB web,38.92449188232422
bbb-fsesl-client/src/main/java/org/freeswitch/esl/client/internal/HeaderParser.java,5.784738540649414,36.23134994506836,84.12396240234375,0.0,0.16595765948295593,5.657845497131348,FreeSWITCH,84.12396240234375
bbb-fsesl-client/src/main/java/org/freeswitch/esl/client/inbound/InboundClientHandler.java,14.880781173706055,37.41969299316406,85.93449401855469,0.8851559162139893,1.7179104089736938,12.065652847290039,FreeSWITCH,85.93449401855469
bbb-common-web/src/main/java/org/bigbluebutton/api/messaging/converters/messages/UnpublishedRecordingMessage.java,12.879887580871582,76.7474136352539,2.158572196960449,0.0,2.3271772861480713,5.827145099639893,BBB web,76.7474136352539
bbb-common-web/src/main/java/org/bigbluebutton/api/messaging/messages/PresentationUploadToken.java,15.356268882751465,74.67572784423828,2.1563384532928467,37.0,1.8320963382720947,7.340209484100342,BBB web,74.67572784423828
akka-bbb-apps/src/main/scala/org/bigbluebutton/core/util/jhotdraw/PathCommands.java,67.07775115966797,40.929893493652344,5.45118522644043,0.0,0.0,2.6255815029144287,Apps,67.07775115966797
bbb-common-web/src/main/java/org/bigbluebutton/presentation/handlers/AddNamespaceToSvgHandler.java,5.06204891204834,74.73429870605469,2.165194034576416,86.59656524658203,0.0,1.0741300582885742,Presentation Conversion,86.59656524658203
bbb-common-web/src/main/java/org/bigbluebutton/api/domain/LockSettingsParams.java,10.13941764831543,74.63082122802734,2.1492061614990234,0.0,0.0,1.273754358291626,BBB web,74.63082122802734
bbb-common-web/src/main/java/org/bigbluebutton/api2/domain/PasswordProp2.java,15.093832015991211,74.70841979980469,2.161341667175293,0.0,0.0,1.40574049949646,BBB web,74.70841979980469
akka-bbb-fsesl/src/main/java/org/bigbluebutton/freeswitch/voice/events/ConfRecording.java,22.316801071166992,37.38554382324219,99.84639739990234,0.0,3.192005157470703,7.316628932952881,FreeSWITCH,99.84639739990234
bbb-common-web/src/main/java/org/bigbluebutton/presentation/imp/OfficeDocumentValidator2.java,6.367496013641357,78.74739074707031,9.449247360229492,79.02289581298828,1.4989302158355713,5.9884467124938965,Presentation Conversion,79.02289581298828
bbb-common-web/src/main/java/org/bigbluebutton/api/model/constraint/list/NotEmptyList.java,14.45869255065918,74.67011260986328,3.1554629802703857,0.0,0.0,1.8557559251785278,BBB web,74.67011260986328
bbb-common-web/src/main/java/org/bigbluebutton/api/messaging/messages/UserSharedWebcam.java,17.71000099182129,74.687255859375,6.657588958740234,0.0,1.8370531797409058,7.397689342498779,BBB web,74.687255859375
bbb-common-web/src/main/java/org/bigbluebutton/api/messaging/messages/EndMeeting.java,15.734612464904785,74.71155548095703,2.1618130207061768,0.0,1.8471462726593018,7.517669200897217,BBB web,74.71155548095703
akka-bbb-fsesl/src/main/java/org/bigbluebutton/freeswitch/voice/IVoiceConferenceService.java,12.32319450378418,41.451080322265625,101.01740264892578,0.0,0.0,10.569116592407227,FreeSWITCH,101.01740264892578
bbb-common-web/src/main/java/org/bigbluebutton/presentation/GeneratedSlidesInfoHelper.java,2.6143572330474854,74.73429870605469,2.165194034576416,86.59656524658203,0.0,1.5977988243103027,Presentation Conversion,86.59656524658203
bbb-common-web/src/main/java/org/bigbluebutton/presentation/PageCounter.java,2.090688467025757,74.73429870605469,2.165194034576416,89.56166076660156,0.0,1.0741300582885742,Presentation Conversion,89.56166076660156
bbb-common-web/src/main/java/org/bigbluebutton/api/model/validator/UserSessionValidator.java,10.474637031555176,74.67290496826172,4.155899524688721,0.0,0.0,1.285324215888977,BBB web,74.67290496826172
bbb-common-web/src/main/java/org/bigbluebutton/presentation/handlers/Pdf2PngPageConverterHandler.java,5.06204891204834,75.73429870605469,2.165194034576416,86.59656524658203,0.0,1.0741300582885742,Presentation Conversion,86.59656524658203
bbb-common-web/src/main/java/org/bigbluebutton/api/messaging/messages/GuestStatusChangedEventMsg.java,15.479523658752441,74.687255859375,2.1581201553344727,0.0,1.8370531797409058,7.397689342498779,BBB web,74.687255859375
bbb-fsesl-client/src/test/java/org/freeswitch/esl/client/inbound/ClientTest.java,14.137439727783203,38.69352340698242,77.69676208496094,1.426059603691101,2.022902727127075,10.91484546661377,FreeSWITCH,77.69676208496094
bbb-common-web/src/main/java/org/bigbluebutton/api/service/impl/RecordingServiceFileImpl.java,10.77588939666748,76.5063247680664,9.43643856048584,57.69807434082031,42.64679718017578,43.19740295410156,BBB web,76.5063247680664
bbb-common-web/src/main/java/org/bigbluebutton/presentation/PageAnalyser.java,2.090688467025757,74.73429870605469,3.165194034576416,86.59656524658203,0.0,1.0741300582885742,Presentation Conversion,86.59656524658203
akka-bbb-apps/src/main/scala/org/bigbluebutton/core/util/jhotdraw/BezierPathIterator.java,49.710411071777344,38.90519332885742,4.884626388549805,0.0,0.0,2.1821181774139404,Apps,49.710411071777344
bbb-common-web/src/main/java/org/bigbluebutton/api/model/constraint/MeetingExistsConstraint.java,14.19650650024414,74.74320983886719,4.49298620223999,0.0,1.849281907081604,4.075525283813477,BBB web,74.74320983886719
akka-bbb-fsesl/src/main/java/org/bigbluebutton/freeswitch/voice/commands/GetUsersCommand.java,10.02829647064209,37.38881301879883,101.14846801757812,0.0,0.0,4.5818610191345215,FreeSWITCH,101.14846801757812
bbb-common-web/src/main/java/org/bigbluebutton/web/services/KeepAlivePing.java,2.0904037952423096,74.81107330322266,2.1647019386291504,0.0,0.0,1.073923945426941,BBB web,74.81107330322266
bbb-common-web/src/main/java/org/bigbluebutton/web/services/KeepAlivePong.java,4.087128162384033,74.78162384033203,3.159026861190796,0.0,0.0,1.0715365409851074,BBB web,74.78162384033203
bbb-common-web/src/main/java/org/bigbluebutton/api/messaging/messages/PrivateGuestLobbyMessageChanged.java,16.686229705810547,74.687255859375,2.1581201553344727,0.0,1.8370531797409058,9.811103820800781,BBB web,74.687255859375
bbb-common-message/src/main/java/org/bigbluebutton/common2/redis/Keys.java,13.667718887329102,37.380741119384766,2.159026861190796,0.0,142.99359130859375,150.33677673339844,Redis PubSub,150.33677673339844
bbb-common-web/src/main/java/org/bigbluebutton/web/services/KeepAliveService.java,15.908308982849121,75.74393463134766,8.737256050109863,0.7048534750938416,0.0,133.9136505126953,Redis PubSub,133.9136505126953
bbb-common-web/src/main/java/org/bigbluebutton/api/model/constraint/GuestPolicyConstraint.java,12.711691856384277,74.75548553466797,6.089221000671387,0.0,0.0,4.36872673034668,BBB web,74.75548553466797
akka-bbb-apps/src/main/scala/org/bigbluebutton/core/util/jhotdraw/Shapes.java,63.840309143066406,40.23780059814453,6.146401405334473,0.0,0.0,2.482365369796753,Apps,63.840309143066406
bbb-common-web/src/main/java/org/bigbluebutton/api/model/request/JoinMeeting.java,12.202507972717285,74.51248931884766,11.071113586425781,0.0,1.7106457948684692,3.8842971324920654,BBB web,74.51248931884766
bbb-common-web/src/main/java/org/bigbluebutton/presentation/MimeTypeUtils.java,12.341713905334473,84.87230682373047,8.150403022766113,74.79228210449219,0.0,1.2536604404449463,BBB web,84.87230682373047
bbb-common-web/src/main/java/org/bigbluebutton/web/services/WaitingGuestCleanupTimerTask.java,3.9799129962921143,74.75743103027344,2.154456853866577,0.0,1.0,1.0694797039031982,BBB web,74.75743103027344
bbb-recording-imex/src/main/java/org/bigbluebutton/RecordingImportHandler.java,5.53416109085083,39.804080963134766,5.815058708190918,0.7411068081855774,2.6341452598571777,2.998182773590088,BBB web,39.804080963134766
bbb-common-web/src/main/java/org/bigbluebutton/api/messaging/messages/LearningDashboard.java,15.479523658752441,74.687255859375,2.1581201553344727,0.0,1.8370531797409058,7.397689342498779,BBB web,74.687255859375
akka-bbb-fsesl/src/main/java/org/bigbluebutton/freeswitch/voice/freeswitch/actions/EjectUserCommand.java,9.983478546142578,37.37452697753906,104.21004486083984,0.0,0.0,4.634197235107422,FreeSWITCH,104.21004486083984
bbb-common-web/src/main/java/org/bigbluebutton/api/util/MeetingsResponse.java,12.767440795898438,74.70841979980469,2.161341667175293,0.0,2.015045404434204,1.2946643829345703,BBB web,74.70841979980469
akka-bbb-fsesl/src/main/java/org/bigbluebutton/freeswitch/voice/freeswitch/actions/FreeswitchCommand.java,10.841165542602539,37.37000274658203,107.2284927368164,0.0,0.0,4.6113996505737305,FreeSWITCH,107.2284927368164
bbb-common-web/src/main/java/org/bigbluebutton/api/MeetingService.java,19.733949661254883,76.89739227294922,21.618284225463867,41.13673400878906,42.31415939331055,49.766910552978516,BBB web,76.89739227294922
bbb-common-web/src/main/java/org/bigbluebutton/api/model/request/LearningDashboard.java,10.058209419250488,74.69125366210938,4.768364906311035,0.0,0.0,1.2710070610046387,BBB web,74.69125366210938
bbb-common-web/src/main/java/org/bigbluebutton/api/HTML5LoadBalancingService.java,11.62663459777832,83.46397399902344,12.1102876663208,0.6817582845687866,0.0,8.871993064880371,BBB web,83.46397399902344
bbb-common-web/src/main/java/org/bigbluebutton/presentation/FileTypeConstants.java,12.83606243133545,85.81822967529297,6.244739055633545,82.07151794433594,0.0,1.273754358291626,BBB web,85.81822967529297
bbb-common-web/src/main/java/org/bigbluebutton/presentation/imp/PageExtractorImp.java,4.651885986328125,75.6673355102539,3.155029058456421,83.72953033447266,0.0,1.0698448419570923,Presentation Conversion,83.72953033447266
bbb-common-web/src/main/java/org/bigbluebutton/api/model/shared/JoinPassword.java,13.416701316833496,74.72437286376953,4.163727283477783,0.0,2.139810562133789,1.2987390756607056,BBB web,74.72437286376953
akka-bbb-apps/src/main/scala/org/bigbluebutton/core/util/jhotdraw/Bezier.java,55.25653839111328,39.08291244506836,6.887701511383057,0.0,0.07680433988571167,3.0767431259155273,Apps,55.25653839111328
akka-bbb-fsesl/src/main/java/org/bigbluebutton/freeswitch/voice/events/VoiceCallStateEvent.java,22.437414169311523,37.35331344604492,102.174072265625,0.0,3.0685360431671143,8.028364181518555,FreeSWITCH,102.174072265625
bbb-common-web/src/main/java/org/bigbluebutton/api/domain/Poll.java,13.732044219970703,75.21939849853516,4.758017063140869,0.0,3.540454149246216,1.253218412399292,BBB web,75.21939849853516
bbb-common-web/src/main/java/org/bigbluebutton/presentation/messages/DocPageCompletedProgress.java,6.006160259246826,74.68345642089844,2.1416258811950684,79.89717864990234,1.7888836860656738,5.344301223754883,Presentation Conversion,79.89717864990234
bbb-common-web/src/main/java/org/bigbluebutton/presentation/PageConverter.java,2.600752592086792,76.35770416259766,3.162764310836792,89.04888916015625,0.0,1.5845800638198853,Presentation Conversion,89.04888916015625
akka-bbb-fsesl/src/main/java/org/bigbluebutton/freeswitch/voice/ConferenceServerListener.java,9.791646957397461,37.37000274658203,101.4011459350586,0.0,0.0,4.473057270050049,FreeSWITCH,101.4011459350586
bbb-common-web/src/main/java/org/bigbluebutton/api2/domain/RecordProp2.java,14.952381134033203,74.6961669921875,2.159484386444092,0.0,1.7783923149108887,1.4013609886169434,BBB web,74.6961669921875
bbb-common-web/src/main/java/org/bigbluebutton/presentation/ConversionUpdateMessage.java,4.2590556144714355,76.48495483398438,6.454334735870361,129.322265625,0.0,5.252054214477539,Presentation Conversion,129.322265625
bbb-common-web/src/main/java/org/bigbluebutton/api/domain/RecordingMetadata.java,11.258667945861816,74.63578796386719,2.150010347366333,0.0,0.0,1.2751489877700806,BBB web,74.63578796386719
bbb-fsesl-client/src/main/java/org/freeswitch/esl/client/internal/AbstractEslClientHandler.java,18.387779235839844,39.22602844238281,77.83346557617188,1.3590275049209595,0.8051045536994934,14.054529190063477,FreeSWITCH,77.83346557617188
bbb-common-web/src/main/java/org/bigbluebutton/api/model/request/RequestParameters.java,10.898222923278809,74.72764587402344,2.164213180541992,0.0,0.0,1.2995675802230835,BBB web,74.72764587402344
bbb-common-web/src/main/java/org/bigbluebutton/api/model/validator/GetChecksumValidator.java,12.056783676147461,75.36186218261719,8.00786018371582,0.9072341322898865,0.0,4.5836334228515625,BBB web,75.36186218261719
bbb-fsesl-client/src/main/java/org/freeswitch/esl/client/internal/debug/ExecutionHandler.java,9.413853645324707,36.251976013183594,87.1815414428711,0.0,0.0,8.91345500946045,FreeSWITCH,87.1815414428711
bbb-common-web/src/main/java/org/bigbluebutton/api/messaging/ReceivedMessageHandler.java,25.397720336914062,75.717529296875,4.529796600341797,1.8511772155761719,102.99681091308594,233.086669921875,Redis PubSub,233.086669921875
bbb-common-web/src/main/java/org/bigbluebutton/api/util/RecordingMetadataReaderHelper.java,11.942259788513184,74.62390899658203,2.6955814361572266,0.0,46.96319580078125,48.48482894897461,BBB web,74.62390899658203
bbb-common-web/src/main/java/org/bigbluebutton/presentation/PngCreator.java,2.6061201095581055,74.72437286376953,2.163727283477783,86.18505859375,0.0,1.5897953510284424,Presentation Conversion,86.18505859375
bbb-common-web/src/main/java/org/bigbluebutton/presentation/imp/TextFileCreatorImp.java,6.864049911499023,80.38604736328125,6.734354496002197,70.51470947265625,1.3569691181182861,3.282731533050537,BBB web,80.38604736328125
bbb-common-web/src/main/java/org/bigbluebutton/presentation/handlers/SvgConversionHandler.java,5.790707111358643,76.27363586425781,5.197698593139648,79.02289581298828,0.0,1.0617341995239258,Presentation Conversion,79.02289581298828
bbb-common-web/src/main/java/org/bigbluebutton/api/util/ParamsUtil.java,12.159913063049316,78.0318832397461,2.416512966156006,0.5581368207931519,1.6587977409362793,1.253218412399292,BBB web,78.0318832397461
bbb-common-web/src/main/java/org/bigbluebutton/presentation/imp/PresentationFileProcessor.java,8.800325393676758,78.57405853271484,7.867632865905762,151.33547973632812,1.3861956596374512,12.07021713256836,Presentation Conversion,151.33547973632812
bbb-common-web/src/main/java/org/bigbluebutton/api/messaging/messages/PositionInWaitingQueueUpdated.java,15.510773658752441,74.69020080566406,2.158572196960449,0.0,1.838301658630371,7.412313461303711,BBB web,74.69020080566406
bbb-common-web/src/main/java/org/bigbluebutton/api/messaging/messages/UserJoined.java,17.902252197265625,74.62150573730469,6.557373523712158,0.0,1.8070068359375,10.213205337524414,BBB web,74.62150573730469
bbb-fsesl-client/src/main/java/org/freeswitch/esl/client/outbound/AbstractOutboundClientHandler.java,13.086457252502441,37.08437728881836,91.06024169921875,1.6999566555023193,1.2166109085083008,15.604519844055176,FreeSWITCH,91.06024169921875
bbb-fsesl-client/src/main/java/org/freeswitch/esl/client/manager/internal/ManagerConnectionImpl.java,14.436877250671387,36.77274703979492,87.36946105957031,0.5350120663642883,1.6501586437225342,10.569501876831055,FreeSWITCH,87.36946105957031
bbb-common-web/src/main/java/org/bigbluebutton/api/util/ResponseBuilder.java,12.093605041503906,80.39448547363281,13.037979125976562,0.5268498063087463,2.9174530506134033,7.475598335266113,BBB web,80.39448547363281
akka-bbb-fsesl/src/main/java/org/bigbluebutton/freeswitch/voice/freeswitch/actions/DelayedCommand.java,9.634268760681152,38.76631546020508,104.63465118408203,0.0,0.0,4.484214782714844,FreeSWITCH,104.63465118408203
bbb-common-web/src/main/java/org/bigbluebutton/api/messaging/messages/IMessage.java,14.22333812713623,74.73095703125,2.1647019386291504,0.0,0.0,7.901074409484863,BBB web,74.73095703125
akka-bbb-fsesl/src/main/java/org/bigbluebutton/freeswitch/voice/freeswitch/DelayedCommandSenderService.java,11.949310302734375,38.61082458496094,100.80699920654297,1.731168508529663,0.12198056280612946,9.101265907287598,FreeSWITCH,100.80699920654297
bbb-common-web/src/main/java/org/bigbluebutton/api2/domain/WelcomeProp2.java,14.952381134033203,74.6961669921875,2.159484386444092,0.0,0.0,1.4013609886169434,BBB web,74.6961669921875
bbb-common-web/src/main/java/org/bigbluebutton/api/model/request/GetJoinUrl.java,10.058209419250488,74.69125366210938,4.768364906311035,0.0,0.0,1.2710070610046387,BBB web,74.69125366210938
bbb-common-web/src/main/java/org/bigbluebutton/api/service/ServiceUtils.java,21.006418228149414,78.08158111572266,8.66348934173584,0.8416138887405396,3.012498378753662,3.421217203140259,BBB web,78.08158111572266
bbb-common-web/src/main/java/org/bigbluebutton/presentation/messages/DocPageCountExceeded.java,6.006160259246826,74.68345642089844,2.1416258811950684,79.89717864990234,1.7888836860656738,5.344301223754883,Presentation Conversion,79.89717864990234
bbb-common-web/src/main/java/org/bigbluebutton/presentation/imp/PresentationConversionCompletionService.java,11.937905311584473,75.80819702148438,5.164278030395508,181.0824432373047,1.5179502964019775,12.841105461120605,Presentation Conversion,181.0824432373047
bbb-fsesl-client/src/main/java/org/freeswitch/esl/client/IEslEventListener.java,13.709074020385742,36.25535202026367,87.93934631347656,0.0,2.0208451747894287,9.433904647827148,FreeSWITCH,87.93934631347656
bbb-fsesl-client/src/main/java/org/freeswitch/esl/client/internal/IEslProtocolListener.java,13.93499755859375,36.31200408935547,92.90306091308594,0.0,1.464752435684204,9.28309440612793,FreeSWITCH,92.90306091308594
bbb-common-web/src/main/java/org/bigbluebutton/presentation/UploadedPresentation.java,3.8578953742980957,74.48684692382812,2.124051809310913,111.79228210449219,1.7906162738800049,2.0564866065979004,Presentation Conversion,111.79228210449219
bbb-common-web/src/main/java/org/bigbluebutton/api/messaging/converters/messages/PublishedRecordingMessage.java,12.879887580871582,76.7474136352539,2.158572196960449,0.0,2.3271772861480713,5.827145099639893,BBB web,76.7474136352539
bbb-common-web/src/main/java/org/bigbluebutton/api2/RecordingServiceGW.java,16.83299446105957,74.6673355102539,2.155029058456421,0.0,43.31109619140625,44.882328033447266,BBB web,74.6673355102539
bbb-common-web/src/main/java/org/bigbluebutton/api/messaging/converters/messages/DeletedRecordingMessage.java,12.879887580871582,76.7474136352539,2.158572196960449,0.0,2.3271772861480713,5.827145099639893,BBB web,76.7474136352539
bbb-common-web/src/main/java/org/bigbluebutton/api/util/MeetingResponseDetail.java,12.8792085647583,74.6961669921875,2.159484386444092,0.0,2.221402168273926,1.291483759880066,BBB web,74.6961669921875
akka-bbb-fsesl/src/main/java/org/bigbluebutton/freeswitch/voice/freeswitch/actions/CheckIfConfIsRunningCommand.java,15.051614761352539,39.48518753051758,108.09889221191406,1.8178107738494873,0.0,7.513576030731201,FreeSWITCH,108.09889221191406
akka-bbb-fsesl/src/main/java/org/bigbluebutton/freeswitch/voice/events/AudioFloorChangedEvent.java,21.901241302490234,37.37000274658203,98.38603210449219,0.0,3.134103775024414,7.18034029006958,FreeSWITCH,98.38603210449219
bbb-common-web/src/main/java/org/bigbluebutton/presentation/ThumbnailCreator.java,2.6061201095581055,74.72437286376953,2.163727283477783,86.18505859375,0.0,1.5897953510284424,Presentation Conversion,86.18505859375
akka-bbb-fsesl/src/main/java/org/bigbluebutton/freeswitch/voice/freeswitch/IDelayedCommandListener.java,10.231283187866211,37.395530700683594,105.50739288330078,0.0,0.0,4.739040374755859,FreeSWITCH,105.50739288330078
bbb-common-web/src/main/java/org/bigbluebutton/api/messaging/messages/UserRoleChanged.java,15.479523658752441,74.68766021728516,5.657588958740234,0.0,1.8370531797409058,7.397689342498779,BBB web,74.68766021728516
bbb-common-web/src/main/java/org/bigbluebutton/web/services/callback/MeetingEndedEvent.java,3.8337700366973877,75.40281677246094,3.1558995246887207,0.0,1.7423272132873535,1.070213794708252,BBB web,75.40281677246094
akka-bbb-fsesl/src/main/java/org/bigbluebutton/freeswitch/voice/commands/ConferenceCommandResult.java,10.869023323059082,37.36127853393555,98.54779052734375,0.0,0.0,6.7967305183410645,FreeSWITCH,98.54779052734375
akka-bbb-fsesl/src/main/java/org/bigbluebutton/freeswitch/voice/events/VoiceUserLeftEvent.java,22.316801071166992,37.38554382324219,103.36461639404297,0.0,3.192005157470703,7.316628932952881,FreeSWITCH,103.36461639404297
bbb-common-web/src/main/java/org/bigbluebutton/api/domain/UserSession.java,12.467325210571289,74.55381774902344,10.598677635192871,2.106980800628662,3.1078691482543945,2.250866174697876,BBB web,74.55381774902344
bbb-common-message/src/main/java/org/bigbluebutton/common2/redis/RedisAwareCommunicator.java,23.518552780151367,40.00904083251953,5.18236780166626,1.5930588245391846,148.36019897460938,159.86056518554688,Redis PubSub,159.86056518554688
bbb-common-web/src/main/java/org/bigbluebutton/api/model/constraint/PasswordConstraint.java,12.04686450958252,74.76193237304688,2.1576709747314453,0.0,0.0,3.6677751541137695,BBB web,74.76193237304688
bbb-common-web/src/main/java/org/bigbluebutton/api/model/shared/Password.java,19.77773094177246,74.66487884521484,7.1699113845825195,0.0,4.721373558044434,5.032963275909424,BBB web,74.66487884521484
bbb-common-web/src/main/java/org/bigbluebutton/api/service/impl/XmlServiceImpl.java,9.956632614135742,80.19149780273438,6.201114654541016,0.18720018863677979,2.15523624420166,3.576906442642212,BBB web,80.19149780273438
akka-bbb-fsesl/src/main/java/org/bigbluebutton/freeswitch/voice/commands/EjectUserCommand.java,9.8873872756958,37.37760925292969,100.10601043701172,0.0,0.0,4.51718807220459,FreeSWITCH,100.10601043701172
bbb-common-web/src/main/java/org/bigbluebutton/api/model/request/InsertDocument.java,11.889243125915527,74.69125366210938,2.768364906311035,0.0,1.8310341835021973,1.2710070610046387,BBB web,74.69125366210938
bbb-common-web/src/main/java/org/bigbluebutton/api/model/entity/Thumbnail.java,9.958815574645996,74.38552856445312,7.446881294250488,0.0,0.1476072520017624,2.110999822616577,BBB web,74.38552856445312
bbb-common-web/src/main/java/org/bigbluebutton/presentation/messages/PageConvertProgressMessage.java,6.169492244720459,74.67572784423828,2.1563384532928467,84.10081481933594,1.8320963382720947,5.574027061462402,Presentation Conversion,84.10081481933594
bbb-common-web/src/main/java/org/bigbluebutton/api/util/HTML5ProcessLine.java,10.130620002746582,81.38160705566406,3.1492061614990234,0.0,0.0,1.273754358291626,BBB web,81.38160705566406
bbb-common-web/src/main/java/org/bigbluebutton/api/model/entity/Metadata.java,11.112813949584961,74.55806732177734,4.815208911895752,0.0,0.14833025634288788,2.305938720703125,BBB web,74.55806732177734
bbb-common-web/src/main/java/org/bigbluebutton/api/domain/BreakoutRoomsParams.java,10.395004272460938,74.66185760498047,2.1541688442230225,0.0,1.7470306158065796,1.2823410034179688,BBB web,74.66185760498047
bbb-common-web/src/main/java/org/bigbluebutton/api/messaging/messages/RecordChapterBreak.java,15.605603218078613,74.69918823242188,2.159944534301758,0.0,1.842069387435913,7.456817626953125,BBB web,74.69918823242188
bbb-common-message/src/main/java/org/bigbluebutton/common2/redis/pubsub/ReceivedMessage.java,14.722278594970703,37.37452697753906,2.157224178314209,0.0,138.78843688964844,305.7217712402344,Redis PubSub,305.7217712402344
bbb-common-web/src/main/java/org/bigbluebutton/presentation/imp/PresentationToConvert.java,3.23661208152771,74.69316864013672,2.159026861190796,84.86137390136719,0.0,1.7422032356262207,Presentation Conversion,84.86137390136719
bbb-common-web/src/main/java/org/bigbluebutton/web/services/callback/DelayCallback.java,9.972455978393555,76.13348388671875,3.5363967418670654,0.0,1.6216139793395996,4.093708038330078,BBB web,76.13348388671875
bbb-common-web/src/main/java/org/bigbluebutton/api/messaging/messages/UserUnsharedWebcam.java,17.71000099182129,74.687255859375,5.657588958740234,0.0,1.8370531797409058,7.397689342498779,BBB web,74.687255859375
bbb-fsesl-client/src/main/java/org/freeswitch/esl/client/internal/debug/ChannelEventRunnable.java,7.386964797973633,36.91860580444336,90.23462677001953,0.6360280513763428,0.0,7.176729202270508,FreeSWITCH,90.23462677001953
bbb-common-web/src/main/java/org/bigbluebutton/api/model/entity/CallbackData.java,12.016114234924316,75.40066528320312,5.71940803527832,0.0,1.9468663930892944,2.154001235961914,BBB web,75.40066528320312
bbb-common-web/src/main/java/org/bigbluebutton/api/model/validator/PatternValidator.java,10.385931015014648,74.66185760498047,2.1541688442230225,0.0,0.0,1.2823410034179688,BBB web,74.66185760498047
bbb-common-web/src/main/java/org/bigbluebutton/api/messaging/messages/GuestLobbyMessageChanged.java,16.819541931152344,74.69918823242188,2.159944534301758,0.0,1.842069387435913,9.88469409942627,BBB web,74.69918823242188
bbb-common-web/src/main/java/org/bigbluebutton/presentation/messages/DocPageGeneratedProgress.java,5.974221229553223,74.66592407226562,2.1388099193573,79.08506774902344,1.7801240682601929,5.299920082092285,Presentation Conversion,79.08506774902344
bbb-common-web/src/main/java/org/bigbluebutton/presentation/Page.java,2.0898396968841553,74.72437286376953,3.1036083698272705,86.18505859375,0.0,1.0735149383544922,Presentation Conversion,86.18505859375
bbb-common-web/src/main/java/org/bigbluebutton/api/messaging/messages/KeepAliveReply.java,15.642470359802246,74.687255859375,3.1581201553344727,0.0,0.0,7.397689342498779,BBB web,74.687255859375
bbb-common-web/src/main/java/org/bigbluebutton/api/service/ValidationService.java,9.136970520019531,75.0537109375,8.893111228942871,0.2327953577041626,1.0,3.5719921588897705,BBB web,75.0537109375
akka-bbb-fsesl/src/main/java/org/bigbluebutton/freeswitch/voice/events/VoiceUserJoinedEvent.java,22.647159576416016,37.34247970581055,100.10356140136719,0.0,3.027017593383789,8.433279037475586,FreeSWITCH,100.10356140136719
akka-bbb-fsesl/src/main/java/org/bigbluebutton/freeswitch/voice/freeswitch/actions/TransferUserToMeetingCommand.java,12.979862213134766,37.35846710205078,103.16128540039062,0.0,0.0,4.552928447723389,FreeSWITCH,103.16128540039062
bbb-common-web/src/main/java/org/bigbluebutton/api2/domain/VoiceProp2.java,14.952381134033203,74.6961669921875,4.159484386444092,0.0,0.0,1.4013609886169434,BBB web,74.6961669921875
bbb-common-web/src/main/java/org/bigbluebutton/api/model/shared/Checksum.java,18.97520637512207,75.73433685302734,10.535810470581055,0.0,1.8844361305236816,5.5323805809021,BBB web,75.73433685302734
bbb-common-web/src/main/java/org/bigbluebutton/api/model/request/CreateMeeting.java,12.395769119262695,74.46455383300781,8.775131225585938,0.0,3.370598554611206,3.9655027389526367,BBB web,74.46455383300781
bbb-common-web/src/main/java/org/bigbluebutton/api/domain/Playback.java,9.67227840423584,74.57682800292969,2.1402034759521484,0.0,0.0,2.2580580711364746,BBB web,74.57682800292969
bbb-common-web/src/main/java/org/bigbluebutton/api/domain/Image.java,10.265233993530273,74.64595794677734,4.960725784301758,0.0,0.0,1.2779814004898071,BBB web,74.64595794677734
bbb-common-web/src/main/java/org/bigbluebutton/api/messaging/messages/StunTurnInfoRequested.java,15.605603218078613,74.69918823242188,2.159944534301758,0.0,1.842069387435913,7.456817626953125,BBB web,74.69918823242188
akka-bbb-fsesl/src/main/java/org/bigbluebutton/freeswitch/voice/freeswitch/response/ConferenceMemberFlags.java,9.947675704956055,37.371498107910156,105.0161361694336,0.0,0.0,4.61894416809082,FreeSWITCH,105.0161361694336
bbb-common-web/src/main/java/org/bigbluebutton/api/domain/MeetingLayout.java,11.834253311157227,74.71790313720703,2.162764310836792,0.0,1.0,1.297095775604248,BBB web,74.71790313720703
akka-bbb-fsesl/src/main/java/org/bigbluebutton/freeswitch/voice/events/VoiceConfRunningEvent.java,22.316801071166992,43.16627883911133,105.62712860107422,0.0,3.192005157470703,13.097362518310547,FreeSWITCH,105.62712860107422
bbb-common-web/src/main/java/org/bigbluebutton/presentation/DocumentConversionService.java,3.69315505027771,75.71790313720703,2.162764310836792,85.91449737548828,0.0,2.6769824028015137,Presentation Conversion,85.91449737548828
bbb-common-message/src/main/java/org/bigbluebutton/common2/redis/pubsub/MessageSender.java,24.146289825439453,38.4394416809082,5.048892498016357,1.4546327590942383,139.77638244628906,298.850341796875,Redis PubSub,298.850341796875
bbb-common-web/src/main/java/org/bigbluebutton/api/domain/Group.java,10.265233993530273,79.79785919189453,4.151645660400391,0.0,0.0,1.2779814004898071,BBB web,79.79785919189453
bbb-common-web/src/main/java/org/bigbluebutton/api/domain/Extension.java,10.408064842224121,74.66185760498047,2.1541688442230225,0.0,0.0,1.2823410034179688,BBB web,74.66185760498047
bbb-common-web/src/main/java/org/bigbluebutton/api/domain/RegisteredUser.java,9.898942947387695,74.60260009765625,5.5269455909729,0.0,0.0,1.2656745910644531,BBB web,74.60260009765625
bbb-fsesl-client/src/main/java/org/freeswitch/esl/client/outbound/example/SimpleHangupPipelineFactory.java,4.525298595428467,36.31630325317383,94.32064819335938,0.0,0.0,6.491176128387451,FreeSWITCH,94.32064819335938
bbb-common-web/src/main/java/org/bigbluebutton/presentation/imp/ExternalProcessExecutor.java,4.521731376647949,76.9672622680664,5.6968607902526855,78.25636291503906,0.14263181388378143,4.800107955932617,Presentation Conversion,78.25636291503906
bbb-common-web/src/main/java/org/bigbluebutton/presentation/imp/SlidesGenerationProgressNotifier.java,5.656875133514404,74.73665618896484,5.057440280914307,102.89258575439453,1.2966740131378174,8.420685768127441,Presentation Conversion,102.89258575439453
bbb-fsesl-client/src/main/java/org/freeswitch/esl/client/inbound/InboundPipelineFactory.java,7.841017723083496,36.280277252197266,89.67327117919922,0.0,0.0,8.739109992980957,FreeSWITCH,89.67327117919922
bbb-common-web/src/main/java/org/bigbluebutton/api/model/validator/GuestPolicyValidator.java,12.818044662475586,74.65117645263672,4.152477264404297,2.497112989425659,1.0,1.2794195413589478,BBB web,74.65117645263672
akka-bbb-fsesl/src/main/java/org/bigbluebutton/freeswitch/voice/freeswitch/actions/ForceEjectUserCommand.java,13.066420555114746,38.09511947631836,110.103271484375,1.6644442081451416,0.0,6.99982213973999,FreeSWITCH,110.103271484375
bbb-common-web/src/main/java/org/bigbluebutton/web/services/turn/TurnEntry.java,2.0858356952667236,74.77007293701172,3.1567800045013428,0.0,0.0,1.0705866813659668,BBB web,74.77007293701172
bbb-common-web/src/main/java/org/bigbluebutton/api/model/request/EndMeeting.java,11.2798490524292,74.63451385498047,2.855865240097046,0.0,1.8214287757873535,1.2508660554885864,BBB web,74.63451385498047
bbb-common-web/src/main/java/org/bigbluebutton/presentation/imp/CountingPageException.java,2.537946939468384,74.64083099365234,2.1508233547210693,82.53311157226562,0.0,1.068056583404541,Presentation Conversion,82.53311157226562
bbb-common-message/src/main/java/org/bigbluebutton/common2/redis/pubsub/MessageReceiver.java,23.359445571899414,38.14851760864258,4.728471755981445,1.8881179094314575,130.12254333496094,279.30126953125,Redis PubSub,279.30126953125
akka-bbb-fsesl/src/main/java/org/bigbluebutton/freeswitch/voice/freeswitch/actions/BroadcastConferenceCommand.java,12.891765594482422,37.352970123291016,103.79035186767578,0.0,1.7745081186294556,5.524886131286621,FreeSWITCH,103.79035186767578
bbb-common-web/src/main/java/org/bigbluebutton/api/messaging/messages/MeetingStarted.java,15.734612464904785,74.71155548095703,2.1618130207061768,0.0,1.8471462726593018,7.517669200897217,BBB web,74.71155548095703
bbb-common-web/src/main/java/org/bigbluebutton/api/messaging/messages/MeetingEnded.java,15.734612464904785,74.71155548095703,2.1618130207061768,0.0,1.8471462726593018,7.517669200897217,BBB web,74.71155548095703
bbb-common-web/src/main/java/org/bigbluebutton/presentation/imp/ImageResizerImp.java,5.652556419372559,76.69379425048828,2.5204880237579346,118.0699234008789,0.0,9.997925758361816,Presentation Conversion,118.0699234008789
akka-bbb-fsesl/src/main/java/org/bigbluebutton/freeswitch/voice/events/VoiceUserMutedEvent.java,22.10552215576172,37.37760925292969,102.60548400878906,0.0,3.1626670360565186,7.247321605682373,FreeSWITCH,102.60548400878906
bbb-fsesl-client/src/main/java/org/freeswitch/esl/client/transport/message/EslFrameDecoder.java,6.881218910217285,37.40254211425781,76.90603637695312,0.7585339546203613,0.14614689350128174,9.107294082641602,FreeSWITCH,76.90603637695312
bbb-recording-imex/src/main/java/org/bigbluebutton/RecordingExportHandler.java,2.945108652114868,44.328250885009766,5.884294033050537,0.0,1.6539753675460815,1.4942374229431152,BBB web,44.328250885009766
bbb-common-web/src/main/java/org/bigbluebutton/api/model/constraint/list/PatternList.java,14.45869255065918,74.67011260986328,2.1554629802703857,0.0,0.0,1.8557559251785278,BBB web,74.67011260986328
bbb-common-web/src/main/java/org/bigbluebutton/api/messaging/MessagingService.java,12.428648948669434,74.6961669921875,2.159484386444092,0.0,1.7583526372909546,1.291483759880066,BBB web,74.6961669921875
bbb-common-web/src/main/java/org/bigbluebutton/web/services/turn/StunTurnService.java,3.2870559692382812,75.94886016845703,8.02357006072998,0.7403934597969055,0.0,1.5038789510726929,BBB web,75.94886016845703
bbb-common-web/src/main/java/org/bigbluebutton/api/model/validator/PasswordValidator.java,14.446273803710938,75.39893341064453,2.5366663932800293,0.7775453329086304,0.0,8.829605102539062,BBB web,75.39893341064453
bbb-common-web/src/main/java/org/bigbluebutton/presentation/messages/UploadFileTooLargeMessage.java,6.108954429626465,74.74254608154297,2.1508233547210693,82.53311157226562,1.816384196281433,5.4883527755737305,Presentation Conversion,82.53311157226562
akka-bbb-fsesl/src/main/java/org/bigbluebutton/freeswitch/voice/events/VoiceUsersStatusEvent.java,21.86119270324707,37.3685188293457,98.2444076538086,0.0,3.128481388092041,7.16721248626709,FreeSWITCH,98.2444076538086
bbb-common-web/src/main/java/org/bigbluebutton/api/messaging/MessageListener.java,16.198057174682617,74.72764587402344,2.164213180541992,0.0,0.0,4.888964653015137,BBB web,74.72764587402344
bbb-common-web/src/main/java/org/bigbluebutton/api/model/constraint/Pattern.java,14.11086654663086,74.65106964111328,2.1416258811950684,1.2373952865600586,0.0,3.281648635864258,BBB web,74.65106964111328
bbb-common-web/src/main/java/org/bigbluebutton/presentation/imp/BigPdfException.java,2.900299549102783,79.07852172851562,4.432230472564697,82.30113220214844,0.0,1.0677098035812378,Presentation Conversion,82.30113220214844
bbb-common-web/src/main/java/org/bigbluebutton/api/model/constraint/MeetingNameConstraint.java,21.833723068237305,75.15660095214844,7.795756816864014,0.0,2.1233577728271484,13.893193244934082,BBB web,75.15660095214844
bbb-common-web/src/main/java/org/bigbluebutton/presentation/imp/PngCreatorImp.java,9.914859771728516,81.41862487792969,6.07444953918457,63.586238861083984,1.2613576650619507,8.418957710266113,BBB web,81.41862487792969
bbb-common-web/src/main/java/org/bigbluebutton/presentation/SvgImageCreator.java,2.6088407039642334,75.72764587402344,2.164213180541992,86.32147216796875,0.0,1.5924386978149414,Presentation Conversion,86.32147216796875
bbb-common-web/src/main/java/org/bigbluebutton/api/model/request/SimpleRequest.java,10.417880058288574,74.66529083251953,5.7138895988464355,0.0,0.0,1.2830809354782104,BBB web,74.66529083251953
bbb-common-web/src/main/java/org/bigbluebutton/api2/domain/Meeting2.java,15.140707969665527,74.56085205078125,6.137444496154785,0.0,1.8789395093917847,1.3486711978912354,BBB web,74.56085205078125
bbb-common-web/src/main/java/org/bigbluebutton/presentation/messages/PresentationConvertMessage.java,5.043473720550537,74.71155548095703,2.1618130207061768,85.64689636230469,0.0,6.320354461669922,Presentation Conversion,85.64689636230469
bbb-common-web/src/main/java/org/bigbluebutton/api/domain/CaptionTrack.java,11.951051712036133,74.68433380126953,2.1576709747314453,0.0,0.0,1.2883710861206055,BBB web,74.68433380126953
bbb-recording-imex/src/test/java/org/bigbluebutton/RecordingImportHandlerTest.java,5.129830360412598,38.49260711669922,4.031931400299072,0.0,1.277949333190918,1.3444664478302002,BBB web,38.49260711669922
bbb-common-web/src/main/java/org/bigbluebutton/api/messaging/messages/UserListeningOnly.java,15.479523658752441,74.687255859375,5.657588958740234,0.0,1.8370531797409058,7.397689342498779,BBB web,74.687255859375
bbb-common-web/src/main/java/org/bigbluebutton/presentation/handlers/Office2PdfConverterHandler.java,5.06204891204834,74.73429870605469,2.165194034576416,86.59656524658203,0.0,1.0741300582885742,Presentation Conversion,86.59656524658203
bbb-common-web/src/main/java/org/bigbluebutton/api/messaging/messages/RegisterUser.java,14.435463905334473,74.59413146972656,2.143078088760376,0.0,1.7933378219604492,6.920418739318848,BBB web,74.59413146972656
bbb-common-web/src/main/java/org/bigbluebutton/web/services/turn/TurnServer.java,2.0791268348693848,74.73334503173828,5.3143815994262695,0.0,0.0,1.060608148574829,BBB web,74.73334503173828
akka-bbb-fsesl/src/main/java/org/bigbluebutton/freeswitch/voice/freeswitch/actions/RecordConferenceCommand.java,12.891765594482422,37.352970123291016,103.79035186767578,0.0,1.7745081186294556,5.524886131286621,FreeSWITCH,103.79035186767578
akka-bbb-fsesl/src/main/java/org/bigbluebutton/freeswitch/voice/freeswitch/actions/MuteUserCommand.java,10.914915084838867,37.36127853393555,103.34919738769531,0.0,0.0,4.5672407150268555,FreeSWITCH,103.34919738769531
bbb-common-web/src/main/java/org/bigbluebutton/api/util/DataStore.java,10.647019386291504,75.7896728515625,5.231607913970947,0.8768324851989746,3.0015945434570312,1.1229455471038818,BBB web,75.7896728515625
bbb-common-web/src/main/java/org/bigbluebutton/presentation/imp/ImageSlidesGenerationService.java,6.255585193634033,78.63919830322266,6.520839691162109,160.20562744140625,0.0,7.073465347290039,Presentation Conversion,160.20562744140625
bbb-common-message/src/main/java/org/bigbluebutton/common2/redis/pubsub/MessageDistributor.java,18.708955764770508,37.43586730957031,4.772106647491455,0.0,136.40634155273438,300.3501892089844,Redis PubSub,300.3501892089844
bbb-common-web/src/main/java/org/bigbluebutton/presentation/messages/PdfConversionInvalid.java,6.02254581451416,75.69259643554688,2.143078088760376,80.31510162353516,1.7933378219604492,5.367140293121338,Presentation Conversion,80.31510162353516
bbb-common-web/src/main/java/org/bigbluebutton/presentation/imp/PdfSlidesGenerationService.java,5.6706223487854,77.04754638671875,2.1486825942993164,81.8442153930664,0.0,5.271167278289795,Presentation Conversion,81.8442153930664
akka-bbb-fsesl/src/main/java/org/bigbluebutton/freeswitch/voice/commands/MuteUserCommand.java,9.791646957397461,37.37000274658203,99.38642883300781,0.0,0.0,4.473057270050049,FreeSWITCH,99.38642883300781
bbb-common-web/src/main/java/org/bigbluebutton/web/services/callback/ICallbackEvent.java,2.090120792388916,74.80851745605469,3.164213180541992,0.0,0.0,1.0737189054489136,BBB web,74.80851745605469
bbb-common-web/src/main/java/org/bigbluebutton/presentation/messages/DocPageConversionStarted.java,6.08221435546875,74.62593078613281,2.1484107971191406,81.8442153930664,1.809330940246582,5.450705528259277,Presentation Conversion,81.8442153930664
bbb-fsesl-client/src/main/java/org/freeswitch/esl/client/inbound/InboundConnectionFailure.java,5.711463928222656,36.31200408935547,92.90306091308594,0.0,0.0,8.880030632019043,FreeSWITCH,92.90306091308594
bbb-common-web/src/main/java/org/bigbluebutton/api/domain/MeetingInfo.java,15.613032341003418,74.64595794677734,2.1516456604003906,0.0,1.0,1.2779814004898071,BBB web,74.64595794677734
bbb-common-web/src/main/java/org/bigbluebutton/api/model/constraint/UserSessionConstraint.java,15.268027305603027,74.74752044677734,9.117509841918945,0.0,0.0,5.929620742797852,BBB web,74.74752044677734
bbb-fsesl-client/src/main/java/org/freeswitch/esl/client/transport/message/EslMessage.java,5.167773723602295,37.59455871582031,87.29334259033203,0.5206314921379089,0.15675222873687744,7.472241401672363,FreeSWITCH,87.29334259033203
akka-bbb-fsesl/src/main/java/org/bigbluebutton/freeswitch/voice/events/VoiceUserTalkingEvent.java,22.10552215576172,37.37760925292969,102.60548400878906,0.0,3.1626670360565186,7.247321605682373,FreeSWITCH,102.60548400878906
bbb-common-web/src/main/java/org/bigbluebutton/presentation/imp/PageCounterService.java,3.147247076034546,75.10340118408203,2.8238682746887207,78.85334777832031,0.0,1.7155520915985107,Presentation Conversion,78.85334777832031
akka-bbb-fsesl/src/main/java/org/bigbluebutton/freeswitch/voice/events/VoiceStartRecordingEvent.java,21.821407318115234,37.36704635620117,98.10355377197266,0.0,4.8750691413879395,7.154171466827393,FreeSWITCH,98.10355377197266
bbb-common-web/src/main/java/org/bigbluebutton/api/messaging/messages/UserJoinedVoice.java,15.479523658752441,74.687255859375,5.657588958740234,0.0,1.8370531797409058,7.397689342498779,BBB web,74.687255859375
bbb-common-message/src/main/java/org/bigbluebutton/common2/redis/pubsub/MessageHandler.java,15.885636329650879,37.393829345703125,2.162764310836792,0.0,142.14801025390625,312.18572998046875,Redis PubSub,312.18572998046875
akka-bbb-fsesl/src/main/java/org/bigbluebutton/freeswitch/voice/freeswitch/ESLEventListener.java,25.798080444335938,44.70772171020508,88.7535629272461,0.65525883436203,1.897646188735962,13.856703758239746,FreeSWITCH,88.7535629272461
bbb-common-web/src/main/java/org/bigbluebutton/presentation/ConversionMessageConstants.java,2.079713821411133,75.6117172241211,2.146076202392578,118.17585754394531,0.0,2.066027879714966,Presentation Conversion,118.17585754394531
bbb-common-web/src/main/java/org/bigbluebutton/api/model/validator/NotEmptyValidator.java,10.588196754455566,74.687255859375,3.1581201553344727,0.0,0.0,1.2891430854797363,BBB web,74.687255859375
bbb-common-web/src/main/java/org/bigbluebutton/api/RecordingServiceHelper.java,11.239180564880371,75.27991485595703,2.162764310836792,0.0,0.0,1.297095775604248,BBB web,75.27991485595703
akka-bbb-fsesl/src/main/java/org/bigbluebutton/freeswitch/voice/freeswitch/actions/ConferenceCheckRecordCommand.java,12.232821464538574,43.57415008544922,104.04238891601562,0.7223783731460571,0.0,8.396105766296387,FreeSWITCH,104.04238891601562
bbb-common-web/src/main/java/org/bigbluebutton/presentation/PageExtractor.java,2.0898396968841553,74.72437286376953,3.163727283477783,86.18505859375,0.0,1.0735149383544922,Presentation Conversion,86.18505859375
akka-bbb-fsesl/src/main/java/org/bigbluebutton/freeswitch/voice/events/VoiceConfRunningAndRecordingEvent.java,21.86119270324707,41.41876983642578,102.2946548461914,0.0,3.128481388092041,11.217463493347168,FreeSWITCH,102.2946548461914
akka-bbb-fsesl/src/main/java/org/bigbluebutton/freeswitch/voice/events/ConfMember.java,23.074766159057617,37.35569763183594,101.44876861572266,0.0,3.0791826248168945,8.615385055541992,FreeSWITCH,101.44876861572266
bbb-common-web/src/main/java/org/bigbluebutton/api/messaging/messages/UserLeftVoice.java,15.605603218078613,74.69918823242188,5.674392223358154,0.0,1.842069387435913,7.456817626953125,BBB web,74.69918823242188
bbb-common-web/src/main/java/org/bigbluebutton/api/model/constraint/NotEmpty.java,15.051226615905762,74.71328735351562,3.151102066040039,0.0,0.0,3.627776861190796,BBB web,74.71328735351562
akka-bbb-fsesl/src/main/java/org/bigbluebutton/freeswitch/voice/freeswitch/actions/DeafUserCommand.java,10.914915084838867,37.36127853393555,103.34879302978516,0.0,0.0,4.5672407150268555,FreeSWITCH,103.34879302978516
bbb-common-web/src/main/java/org/bigbluebutton/api/model/constraint/list/NotNullList.java,14.45869255065918,74.67011260986328,3.1554629802703857,0.0,0.0,1.8557559251785278,BBB web,74.67011260986328
akka-bbb-fsesl/src/main/java/org/bigbluebutton/freeswitch/voice/freeswitch/actions/GetAllUsersCommand.java,13.925994873046875,39.524742126464844,110.14883422851562,1.367289423942566,0.0,6.433285713195801,FreeSWITCH,110.14883422851562
bbb-common-web/src/main/java/org/bigbluebutton/api/model/constraint/IsIntegralConstraint.java,11.930450439453125,74.7491455078125,2.1561925411224365,0.0,0.0,3.6232805252075195,BBB web,74.7491455078125
bbb-recording-imex/src/main/java/org/bigbluebutton/RecordingApp.java,24.066707611083984,41.46050262451172,13.468530654907227,64.07054138183594,0.0,3.7483677864074707,Presentation Conversion,64.07054138183594
akka-bbb-fsesl/src/main/java/org/bigbluebutton/freeswitch/voice/freeswitch/actions/HoldUserCommand.java,10.914915084838867,38.06018829345703,103.34879302978516,0.0,0.0,4.5672407150268555,FreeSWITCH,103.34879302978516
bbb-common-web/src/main/java/org/bigbluebutton/api/model/validator/PostChecksumValidator.java,11.081643104553223,75.40428924560547,5.448446750640869,0.8508564233779907,0.0,3.4601080417633057,BBB web,75.40428924560547
bbb-common-web/src/main/java/org/bigbluebutton/api/model/constraint/PostChecksumConstraint.java,11.43622875213623,74.75898742675781,4.524699687957764,0.0,0.0,3.0752434730529785,BBB web,74.75898742675781
bbb-common-web/src/main/java/org/bigbluebutton/api/model/validator/NotNullValidator.java,10.588196754455566,74.687255859375,3.1581201553344727,0.0,0.0,1.2891430854797363,BBB web,74.687255859375
akka-bbb-fsesl/src/main/java/org/bigbluebutton/freeswitch/voice/freeswitch/actions/EjectAllUsersCommand.java,10.756871223449707,37.37916946411133,105.94084167480469,0.0,0.0,4.657496929168701,FreeSWITCH,105.94084167480469
bbb-common-web/src/main/java/org/bigbluebutton/api/messaging/messages/UpdateRecordingStatus.java,15.605603218078613,74.69918823242188,2.159944534301758,0.0,1.842069387435913,7.456817626953125,BBB web,74.69918823242188
bbb-common-web/src/main/java/org/bigbluebutton/api/messaging/messages/GuestPolicyChanged.java,15.605603218078613,74.69918823242188,2.159944534301758,0.0,1.842069387435913,7.456817626953125,BBB web,74.69918823242188
bbb-common-web/src/main/java/org/bigbluebutton/presentation/messages/IPresentationCompletionMessage.java,4.412805557250977,74.73766326904297,2.165688991546631,86.73526763916016,0.0,5.717998027801514,Presentation Conversion,86.73526763916016
bbb-fsesl-client/src/main/java/org/freeswitch/esl/client/outbound/example/SimpleHangupOutboundHandler.java,18.7540225982666,38.724891662597656,86.89583587646484,0.9329092502593994,1.9896639585494995,14.633721351623535,FreeSWITCH,86.89583587646484
bbb-common-web/src/main/java/org/bigbluebutton/api2/domain/DurationProp2.java,14.745848655700684,74.67857360839844,2.1567800045013428,0.0,0.0,1.3949660062789917,BBB web,74.67857360839844
akka-bbb-fsesl/src/main/java/org/bigbluebutton/freeswitch/voice/FreeswitchConferenceEventListener.java,24.81877326965332,42.76598358154297,90.11058044433594,0.6025316715240479,2.0180091857910156,21.109159469604492,FreeSWITCH,90.11058044433594
akka-bbb-fsesl/src/main/java/org/bigbluebutton/freeswitch/voice/commands/ConferenceCommand.java,9.907012939453125,37.37916946411133,100.25242614746094,0.0,0.0,4.526215553283691,FreeSWITCH,100.25242614746094
bbb-common-web/src/main/java/org/bigbluebutton/api/model/request/Enter.java,11.359375,74.6606674194336,4.735347747802734,0.0,1.537070393562317,1.2630863189697266,BBB web,74.6606674194336
bbb-fsesl-client/src/main/java/org/freeswitch/esl/client/transport/SendMsg.java,26.94858741760254,38.30949783325195,87.26464080810547,0.0,1.2269049882888794,10.201151847839355,FreeSWITCH,87.26464080810547
bbb-common-web/src/main/java/org/bigbluebutton/api/domain/Extensions.java,10.667173385620117,74.6961669921875,2.159484386444092,0.0,0.0,1.291483759880066,BBB web,74.6961669921875
bbb-common-web/src/main/java/org/bigbluebutton/web/services/EnteredUserCleanupTimerTask.java,3.9799129962921143,74.75743103027344,2.154456853866577,0.0,1.0,1.0694797039031982,BBB web,74.75743103027344
bbb-fsesl-client/src/main/java/org/freeswitch/esl/client/outbound/SocketClient.java,7.084701061248779,37.41229248046875,89.22611236572266,0.7403934597969055,1.434752345085144,10.59192180633545,FreeSWITCH,89.22611236572266
bbb-common-web/src/main/java/org/bigbluebutton/web/services/UserCleanupTimerTask.java,3.9799129962921143,74.75743103027344,3.154456853866577,0.0,1.0,1.0694797039031982,BBB web,74.75743103027344
bbb-fsesl-client/src/main/java/org/freeswitch/esl/client/transport/event/EslEventHeaderNames.java,13.91325855255127,36.86384963989258,97.9493637084961,0.0,2.0120739936828613,9.676987648010254,FreeSWITCH,97.9493637084961
bbb-common-web/src/main/java/org/bigbluebutton/api2/IBbbWebApiGWApp.java,20.185691833496094,74.49939727783203,8.126285552978516,37.0,4.110750198364258,6.296503067016602,BBB web,74.49939727783203
bbb-common-web/src/main/java/org/bigbluebutton/api2/domain/MeetingProp2.java,15.225993156433105,74.63578796386719,2.150010347366333,0.0,1.0,1.3788686990737915,BBB web,74.63578796386719
bbb-common-web/src/main/java/org/bigbluebutton/api/model/request/RequestWithChecksum.java,10.352090835571289,74.6564712524414,2.153318166732788,0.0,0.0,1.2808727025985718,BBB web,74.6564712524414
bbb-fsesl-client/src/main/java/org/freeswitch/esl/client/example/HeartbeatThread.java,15.875381469726562,38.545753479003906,87.058837890625,0.910503089427948,0.0,8.629351615905762,FreeSWITCH,87.058837890625
bbb-common-web/src/main/java/org/bigbluebutton/api/ApiErrors.java,28.65332794189453,75.71357727050781,13.224014282226562,0.0,3.8720357418060303,5.046921253204346,BBB web,75.71357727050781
bbb-common-web/src/main/java/org/bigbluebutton/presentation/messages/DocPageCountFailed.java,6.056188106536865,74.7116928100586,2.146076202392578,81.17585754394531,1.802398443222046,5.414180278778076,Presentation Conversion,81.17585754394531
bbb-common-web/src/main/java/org/bigbluebutton/presentation/Util.java,2.734158992767334,75.22266387939453,2.451551675796509,81.78681182861328,0.0,1.7204731702804565,Presentation Conversion,81.78681182861328
bbb-common-web/src/main/java/org/bigbluebutton/api/model/request/MeetingInfo.java,11.889243125915527,74.69125366210938,2.768364906311035,0.0,1.8310341835021973,1.2710070610046387,BBB web,74.69125366210938
bbb-common-web/src/main/java/org/bigbluebutton/web/services/turn/StunServer.java,2.08900785446167,74.79849243164062,2.1622872352600098,0.0,0.0,1.0729100704193115,BBB web,74.79849243164062
bbb-common-web/src/main/java/org/bigbluebutton/api/messaging/messages/GuestsStatus.java,12.987224578857422,74.70223999023438,5.678627967834473,0.0,0.0,5.857827186584473,BBB web,74.70223999023438
bbb-common-web/src/main/java/org/bigbluebutton/presentation/OfficeToPdfConversionSuccessFilter.java,3.762338876724243,84.14527130126953,6.333529949188232,115.69043731689453,0.0,7.469881057739258,Presentation Conversion,115.69043731689453
bbb-common-web/src/main/java/org/bigbluebutton/api/model/shared/GetChecksum.java,16.302587509155273,74.61198425292969,6.828930854797363,0.0,1.9218835830688477,4.707714557647705,BBB web,74.61198425292969
bbb-common-message/src/main/java/org/bigbluebutton/common2/redis/pubsub/ReceivedMessageHandler.java,22.302377700805664,38.510826110839844,3.938908815383911,2.014896869659424,138.6103973388672,303.33392333984375,Redis PubSub,303.33392333984375
bbb-common-web/src/main/java/org/bigbluebutton/api/domain/Preview.java,10.643819808959961,74.69316864013672,2.159026861190796,0.0,0.0,1.2906993627548218,BBB web,74.69316864013672
bbb-common-web/src/main/java/org/bigbluebutton/presentation/SupportedDocumentFilter.java,4.279235363006592,75.39071655273438,6.259357929229736,115.3409652709961,0.0,7.624913215637207,Presentation Conversion,115.3409652709961
bbb-common-web/src/main/java/org/bigbluebutton/common/messages/BbbAppsIsAliveMessage.java,4.96613883972168,75.17424011230469,6.308927059173584,0.0,0.0,6.8526787757873535,BBB web,75.17424011230469
bbb-fsesl-client/src/main/java/org/freeswitch/esl/client/manager/DefaultManagerConnection.java,3.8703830242156982,36.21955871582031,83.68811798095703,0.0,0.13813042640686035,5.650626182556152,FreeSWITCH,83.68811798095703
bbb-common-web/src/main/java/org/bigbluebutton/web/services/callback/CallbackUrlService.java,16.511789321899414,76.1654281616211,8.59880256652832,1.1829500198364258,3.4941956996917725,10.254405975341797,BBB web,76.1654281616211
bbb-common-web/src/main/java/org/bigbluebutton/api/model/shared/ChecksumValidationGroup.java,13.47470474243164,74.73095703125,2.1647019386291504,0.0,2.151712417602539,1.300400733947754,BBB web,74.73095703125
akka-bbb-fsesl/src/main/java/org/bigbluebutton/freeswitch/voice/freeswitch/actions/CheckFreeswitchStatusCommand.java,12.582937240600586,38.10729217529297,104.63909912109375,0.7698196172714233,0.0,5.48374605178833,FreeSWITCH,104.63909912109375
bbb-common-web/src/main/java/org/bigbluebutton/api/model/constraint/JoinPasswordConstraint.java,14.25272274017334,74.7370834350586,7.945366382598877,0.0,0.0,5.057834625244141,BBB web,74.7370834350586
bbb-common-web/src/main/java/org/bigbluebutton/api/messaging/messages/UserLockedInMeeting.java,17.71000099182129,74.687255859375,5.657588958740234,0.0,1.8370531797409058,9.628167152404785,BBB web,74.687255859375
akka-bbb-apps/src/main/scala/org/bigbluebutton/core/util/jhotdraw/BezierWrapper.java,61.309146881103516,41.485660552978516,6.5254621505737305,0.0,0.0,2.4699432849884033,Apps,61.309146881103516
bbb-common-web/src/main/java/org/bigbluebutton/api/domain/Recording.java,13.361172676086426,77.26849365234375,4.518989562988281,0.0,2.017970085144043,2.964726686477661,BBB web,77.26849365234375
bbb-common-web/src/main/java/org/bigbluebutton/api/messaging/messages/CreateMeeting.java,16.05034065246582,74.70531463623047,2.1608731746673584,0.0,2.225205421447754,7.487022876739502,BBB web,74.70531463623047
bbb-common-web/src/main/java/org/bigbluebutton/api/model/validator/SizeValidator.java,10.405522346496582,75.34268188476562,2.1672298908233643,0.0,0.0,1.2823410034179688,BBB web,75.34268188476562
bbb-common-web/src/main/java/org/bigbluebutton/api/messaging/messages/MeetingDestroyed.java,15.734612464904785,74.71155548095703,2.1618130207061768,0.0,1.8471462726593018,7.517669200897217,BBB web,74.71155548095703
bbb-common-web/src/main/java/org/bigbluebutton/web/services/turn/RemoteIceCandidate.java,2.08900785446167,74.79849243164062,2.1622872352600098,0.0,0.0,1.0729100704193115,BBB web,74.79849243164062
akka-bbb-fsesl/src/main/java/org/bigbluebutton/freeswitch/voice/events/VoiceConferenceEvent.java,22.447092056274414,37.390472412109375,100.30079650878906,0.0,3.2099931240081787,7.359384536743164,FreeSWITCH,100.30079650878906
bbb-common-web/src/main/java/org/bigbluebutton/api/ParamsProcessorUtil.java,11.855631828308105,80.16114044189453,12.327607154846191,38.14603805541992,2.71620512008667,5.6473917961120605,BBB web,80.16114044189453
bbb-common-web/src/main/java/org/bigbluebutton/api/model/constraint/Size.java,15.164936065673828,75.18401336669922,4.409264087677002,0.0,0.0,3.8836958408355713,BBB web,75.18401336669922
bbb-common-web/src/main/java/org/bigbluebutton/api/model/constraint/MeetingIDConstraint.java,21.089906692504883,75.15718841552734,6.779287815093994,0.0,2.1169793605804443,13.276809692382812,BBB web,75.15718841552734
bbb-common-web/src/main/java/org/bigbluebutton/api/messaging/converters/messages/CreateMeetingMessage.java,15.116467475891113,76.15575408935547,6.126286029815674,37.0,2.563246011734009,5.2770891189575195,BBB web,76.15575408935547
bbb-common-web/src/main/java/org/bigbluebutton/api/domain/User.java,16.703828811645508,75.24297332763672,12.360503196716309,0.0,0.0,5.046412944793701,BBB web,75.24297332763672
bbb-common-web/src/main/java/org/bigbluebutton/presentation/DocumentConversionServiceImp.java,9.09158706665039,77.93853759765625,5.831373691558838,179.81459045410156,1.6028486490249634,12.796202659606934,Presentation Conversion,179.81459045410156
bbb-common-web/src/main/java/org/bigbluebutton/api/messaging/converters/messages/DestroyMeetingMessage.java,14.718189239501953,76.7474136352539,2.158572196960449,0.0,1.838301658630371,5.827145099639893,BBB web,76.7474136352539
bbb-common-web/src/main/java/org/bigbluebutton/api/model/shared/PostChecksum.java,12.655967712402344,74.64083099365234,2.1508233547210693,0.0,1.9809311628341675,1.2765579223632812,BBB web,74.64083099365234
bbb-common-message/src/main/java/org/bigbluebutton/common2/redis/RedisStorageService.java,24.69841194152832,38.345706939697266,8.424565315246582,37.629600524902344,115.09414672851562,118.23970031738281,Redis PubSub,118.23970031738281
bbb-common-web/src/main/java/org/bigbluebutton/api/model/request/SignOut.java,10.058209419250488,74.69125366210938,4.768364906311035,0.0,0.0,1.2710070610046387,BBB web,74.69125366210938
bbb-common-web/src/main/java/org/bigbluebutton/api/IReceivedOldMessageHandler.java,12.793435096740723,74.734619140625,2.165194034576416,0.0,0.0,2.9922714233398438,BBB web,74.734619140625
bbb-common-web/src/main/java/org/bigbluebutton/api/model/validator/MeetingEndedValidator.java,13.411364555358887,74.67011260986328,2.1554629802703857,0.0,2.9590799808502197,1.2845724821090698,BBB web,74.67011260986328
akka-bbb-fsesl/src/main/java/org/bigbluebutton/freeswitch/voice/events/UnknownConferenceEvent.java,22.49112892150879,37.39214324951172,100.4540023803711,0.0,3.216054916381836,7.373838424682617,FreeSWITCH,100.4540023803711
bigbluebutton-web/test/groovy/org/bigbluebutton/api/messaging/NullMessagingService.java,13.77123737335205,38.35465621948242,4.146518230438232,0.0,4.633270740509033,1.278436303138733,BBB web,38.35465621948242
bbb-common-web/src/main/java/org/bigbluebutton/api/domain/Recordings.java,12.712870597839355,75.27523803710938,2.152477264404297,0.0,1.9445905685424805,1.2794195413589478,BBB web,75.27523803710938
bbb-common-web/src/main/java/org/bigbluebutton/api/ApiParams.java,9.670624732971191,74.89034271240234,7.113985061645508,37.0,4.555952072143555,1.2115589380264282,BBB web,74.89034271240234
bbb-common-web/src/main/java/org/bigbluebutton/presentation/TextFileCreator.java,2.611586332321167,74.73095703125,2.1647019386291504,86.45863342285156,0.0,1.5951064825057983,Presentation Conversion,86.45863342285156
bbb-fsesl-client/src/main/java/org/freeswitch/esl/client/transport/CommandResponse.java,4.367828369140625,36.29216003417969,90.91417694091797,0.0,0.0,6.268061637878418,FreeSWITCH,90.91417694091797
bbb-common-web/src/main/java/org/bigbluebutton/presentation/imp/PdfPageDownscaler.java,4.62345552444458,75.6517333984375,2.1631863117218018,82.76746368408203,37.0,1.0741772651672363,Presentation Conversion,82.76746368408203
bbb-common-web/src/main/java/org/bigbluebutton/presentation/ImageResizer.java,2.611586332321167,74.73095703125,2.1647019386291504,86.45863342285156,0.0,1.5951064825057983,Presentation Conversion,86.45863342285156
bigbluebutton-web/pres-checker/src/main/java/org/bigbluebutton/prescheck/Main.java,11.715777397155762,39.495269775390625,2.3565688133239746,0.0,0.0,1.6032631397247314,BBB web,39.495269775390625
bbb-fsesl-client/src/test/java/org/freeswitch/esl/client/transport/message/EslFrameDecoderTest.java,20.856664657592773,41.29563903808594,88.50242614746094,0.27202844619750977,38.65143966674805,12.799077987670898,FreeSWITCH,88.50242614746094
bbb-common-web/src/main/java/org/bigbluebutton/api/model/validator/IsIntegralValidator.java,10.49710750579834,74.67572784423828,2.1563384532928467,0.0,0.0,1.2860798835754395,BBB web,74.67572784423828
bbb-common-web/src/main/java/org/bigbluebutton/presentation/handlers/PdfPageCounterHandler.java,5.815147876739502,76.41624450683594,2.5419199466705322,82.85694885253906,0.0,1.067366600036621,Presentation Conversion,82.85694885253906
akka-bbb-apps/src/test/java/org/bigbluebutton/xml/Simple.java,67.20298767089844,37.400726318359375,4.4038519859313965,0.0,0.0,2.653867483139038,Apps,67.20298767089844
bbb-common-web/src/main/java/org/bigbluebutton/presentation/imp/ThumbnailCreatorImp.java,6.9999823570251465,80.30753326416016,5.843854904174805,64.81970977783203,1.2778983116149902,2.977205991744995,BBB web,80.30753326416016
bbb-common-web/src/main/java/org/bigbluebutton/presentation/imp/SvgImageCreatorImp.java,9.231998443603516,80.54075622558594,10.546709060668945,52.62691116333008,1.3128268718719482,9.889081954956055,BBB web,80.54075622558594
bbb-common-web/src/main/java/org/bigbluebutton/api/messaging/converters/messages/KeepAliveMessage.java,12.879887580871582,76.7474136352539,2.158572196960449,0.0,0.0,5.827145099639893,BBB web,76.7474136352539
bbb-common-web/src/main/java/org/bigbluebutton/api/messaging/messages/EndBreakoutRoom.java,13.887466430664062,74.71155548095703,2.1618130207061768,0.0,0.0,7.517669200897217,BBB web,74.71155548095703
bbb-common-message/src/main/java/org/bigbluebutton/common2/redis/pubsub/MessageToSend.java,14.844511985778809,37.382328033447266,2.159484386444092,0.0,140.16180419921875,308.7329406738281,Redis PubSub,308.7329406738281
bbb-fsesl-client/src/test/java/org/freeswitch/esl/client/outbound/SocketClientTest.java,5.265011787414551,37.1047248840332,92.72679138183594,0.8100636601448059,0.0,7.457983016967773,FreeSWITCH,92.72679138183594
bbb-common-web/src/main/java/org/bigbluebutton/api/domain/Metadata.java,11.035452842712402,75.39523315429688,5.444944381713867,0.0,0.0,1.5955904722213745,BBB web,75.39523315429688
bbb-common-web/src/main/java/org/bigbluebutton/presentation/imp/OfficeToPdfConversionService.java,6.322320938110352,81.49507141113281,3.7921366691589355,147.2850341796875,1.6106183528900146,5.502270698547363,Presentation Conversion,147.2850341796875
bbb-common-web/src/main/java/org/bigbluebutton/presentation/imp/OfficeDocumentValidator.java,5.720101833343506,76.79673767089844,4.337977886199951,73.70083618164062,1.5700181722640991,3.647444009780884,BBB web,76.79673767089844
bbb-common-web/src/main/java/org/bigbluebutton/presentation/imp/PageToConvert.java,3.1353306770324707,76.58111572265625,3.124051809310913,74.79228210449219,0.0,1.7464545965194702,BBB web,76.58111572265625
akka-bbb-fsesl/src/main/java/org/bigbluebutton/freeswitch/voice/events/FreeswitchStatusReplyEvent.java,22.98213768005371,37.37300491333008,98.671630859375,0.0,3.1454381942749023,7.206861972808838,FreeSWITCH,98.671630859375
bbb-common-web/src/main/java/org/bigbluebutton/presentation/messages/DocConversionRequestReceived.java,6.091047286987305,74.63082122802734,2.1492061614990234,82.07151794433594,1.8116683959960938,5.463127613067627,Presentation Conversion,82.07151794433594
bbb-common-web/src/main/java/org/bigbluebutton/presentation/imp/Office2PdfPageConverter.java,7.789481163024902,80.0831069946289,8.270307540893555,196.13275146484375,1.5579466819763184,12.486116409301758,Presentation Conversion,196.13275146484375
bbb-common-web/src/main/java/org/bigbluebutton/api/domain/BreakoutRoom.java,10.809990882873535,74.71471405029297,2.1622872352600098,0.0,0.0,1.296280860900879,BBB web,74.71471405029297
bbb-common-web/src/main/java/org/bigbluebutton/api/model/entity/PlaybackFormat.java,11.23680591583252,75.69631958007812,6.750040054321289,0.0,0.1486908197402954,3.751127004623413,BBB web,75.69631958007812
akka-bbb-apps/src/main/scala/org/bigbluebutton/core/util/jhotdraw/PathData.java,66.23623657226562,40.8283805847168,5.367406368255615,0.0,0.0,2.604684591293335,Apps,66.23623657226562
akka-bbb-fsesl/src/main/java/org/bigbluebutton/freeswitch/voice/freeswitch/actions/GetUsersStatusCommand.java,12.016709327697754,42.057979583740234,105.11820220947266,0.7468351125717163,0.0,8.222395896911621,FreeSWITCH,105.11820220947266
bbb-fsesl-client/src/main/java/org/freeswitch/esl/client/example/ExampleClient.java,21.12870979309082,38.2995719909668,88.32774353027344,0.7806031703948975,1.6279911994934082,9.3262357711792,FreeSWITCH,88.32774353027344
akka-bbb-fsesl/src/main/java/org/bigbluebutton/freeswitch/voice/freeswitch/ConnectionManager.java,18.55116081237793,39.01443862915039,96.31964111328125,1.5076727867126465,2.501430034637451,11.644012451171875,FreeSWITCH,96.31964111328125
bbb-common-web/src/main/java/org/bigbluebutton/api/pub/IPublisherService.java,18.773439407348633,75.378173828125,7.982071399688721,0.0,4.493872165679932,8.30685806274414,BBB web,75.378173828125
bbb-common-web/src/main/java/org/bigbluebutton/api/domain/Meeting.java,13.982421875,77.5752944946289,21.600509643554688,39.078189849853516,2.694025993347168,5.173207759857178,BBB web,77.5752944946289
bbb-common-web/src/main/java/org/bigbluebutton/common/messages/MessageBuilder.java,5.217964172363281,75.17048645019531,5.937569618225098,0.0,0.0,7.3530802726745605,BBB web,75.17048645019531
akka-bbb-fsesl/src/main/java/org/bigbluebutton/freeswitch/voice/events/VoiceUserLockedEvent.java,24.33599853515625,37.37760925292969,102.60548400878906,0.0,3.1626670360565186,9.477799415588379,FreeSWITCH,102.60548400878906
bbb-common-web/src/main/java/org/bigbluebutton/api/messaging/messages/MakePresentationDownloadableMsg.java,15.356268882751465,74.67572784423828,2.1563384532928467,0.0,1.8320963382720947,7.340209484100342,BBB web,74.67572784423828
bbb-common-web/src/main/java/org/bigbluebutton/api/model/constraint/GetChecksumConstraint.java,11.43622875213623,74.75898742675781,4.524699687957764,0.0,0.0,3.0752434730529785,BBB web,74.75898742675781
bbb-common-web/src/main/java/org/bigbluebutton/presentation/handlers/AbstractCommandHandler.java,4.654079437255859,76.04520416259766,2.391324520111084,77.34395599365234,0.0,3.057511806488037,Presentation Conversion,77.34395599365234
bbb-common-web/src/main/java/org/bigbluebutton/presentation/messages/UploadFileTimedoutMessage.java,6.108954429626465,74.64083099365234,2.1508233547210693,125.58554077148438,1.816384196281433,5.4883527755737305,Presentation Conversion,125.58554077148438
bbb-common-web/src/main/java/org/bigbluebutton/web/services/KeepAliveMessage.java,2.090975046157837,74.81623077392578,2.165688991546631,0.0,0.0,1.074337363243103,BBB web,74.81623077392578
bbb-fsesl-client/src/main/java/org/freeswitch/esl/client/transport/event/EslEvent.java,17.575931549072266,37.97938537597656,81.73670196533203,1.2244571447372437,4.650454998016357,8.428691864013672,FreeSWITCH,81.73670196533203
bbb-common-web/src/main/java/org/bigbluebutton/api/domain/RecordingMetadataPlayback.java,9.898942947387695,74.60260009765625,2.144561290740967,0.0,0.0,2.265674591064453,BBB web,74.60260009765625
bbb-common-web/src/main/java/org/bigbluebutton/presentation/SupportedFileTypes.java,10.846819877624512,82.01346588134766,7.850462436676025,77.66187286376953,0.0,6.582504749298096,BBB web,82.01346588134766
bbb-common-web/src/main/java/org/bigbluebutton/presentation/PresentationUrlDownloadService.java,5.969697952270508,78.73960876464844,13.134217262268066,109.23310852050781,2.463376045227051,5.597212791442871,Presentation Conversion,109.23310852050781
bbb-common-web/src/main/java/org/bigbluebutton/api/model/shared/ModeratorPassword.java,13.445622444152832,74.72764587402344,2.164213180541992,0.0,2.145744800567627,1.2995675802230835,BBB web,74.72764587402344
bbb-common-web/src/main/java/org/bigbluebutton/presentation/messages/DocInvalidMimeType.java,6.091047286987305,74.63082122802734,2.1492061614990234,82.07151794433594,1.8116683959960938,5.463127613067627,Presentation Conversion,82.07151794433594
bbb-fsesl-client/src/main/java/org/freeswitch/esl/client/example/EslEventListener.java,26.777141571044922,37.127052307128906,84.49012756347656,0.853207528591156,2.1177244186401367,8.901700019836426,FreeSWITCH,84.49012756347656
bbb-common-web/src/main/java/org/bigbluebutton/api/model/entity/Recording.java,11.276198387145996,75.4523696899414,5.369971752166748,0.0,4.433731555938721,3.373671293258667,BBB web,75.4523696899414
bbb-common-web/src/main/java/org/bigbluebutton/api/domain/GuestPolicy.java,13.8416109085083,74.69316864013672,2.159026861190796,3.193902015686035,0.0,1.2906993627548218,BBB web,74.69316864013672
akka-bbb-fsesl/src/main/java/org/bigbluebutton/freeswitch/voice/freeswitch/response/XMLResponseConferenceListParser.java,10.905243873596191,37.553131103515625,100.18229675292969,0.0,0.0,3.9275877475738525,FreeSWITCH,100.18229675292969
bbb-common-web/src/main/java/org/bigbluebutton/api/Util.java,10.260788917541504,75.10528564453125,2.107048273086548,76.05648040771484,1.8297898769378662,1.1990816593170166,Presentation Conversion,76.05648040771484
bbb-common-web/src/main/java/org/bigbluebutton/api/domain/Config.java,10.667173385620117,74.6961669921875,2.159484386444092,0.0,0.0,1.291483759880066,BBB web,74.6961669921875
bbb-common-web/src/main/java/org/bigbluebutton/api/messaging/MessageDistributor.java,18.850297927856445,74.74320983886719,4.801772117614746,0.0,0.0,5.259249687194824,BBB web,74.74320983886719
akka-bbb-fsesl/src/main/java/org/bigbluebutton/freeswitch/voice/events/ConferenceEventListener.java,30.00931167602539,37.395530700683594,101.76306915283203,0.0,4.741026878356934,9.293990135192871,FreeSWITCH,101.76306915283203
bbb-common-web/src/main/java/org/bigbluebutton/api/messaging/converters/messages/EndMeetingMessage.java,14.718189239501953,76.7474136352539,2.158572196960449,0.0,1.838301658630371,5.827145099639893,BBB web,76.7474136352539
akka-bbb-fsesl/src/main/java/org/bigbluebutton/freeswitch/voice/commands/RecordCommand.java,10.02829647064209,37.38881301879883,101.14846801757812,0.0,0.0,4.5818610191345215,FreeSWITCH,101.14846801757812
bbb-common-web/src/main/java/org/bigbluebutton/api/messaging/messages/CreateBreakoutRoom.java,13.591951370239258,74.52457427978516,4.131008625030518,0.0,3.3518178462982178,6.549720287322998,BBB web,74.52457427978516
bbb-common-web/src/main/java/org/bigbluebutton/api/service/impl/RecordingServiceDbImpl.java,11.617149353027344,75.26649475097656,12.569565773010254,37.0,4.02424430847168,2.608870267868042,BBB web,75.26649475097656
akka-bbb-fsesl/src/main/java/org/bigbluebutton/freeswitch/voice/freeswitch/response/ConferenceMember.java,9.875825881958008,37.298343658447266,102.72016906738281,0.0,0.0,4.238536357879639,FreeSWITCH,102.72016906738281
bbb-common-web/src/main/java/org/bigbluebutton/presentation/messages/DocConversionProgress.java,6.056188106536865,74.7116928100586,2.146076202392578,81.17585754394531,1.802398443222046,5.414180278778076,Presentation Conversion,81.17585754394531
bbb-fsesl-client/src/main/java/org/freeswitch/esl/client/manager/ManagerConnection.java,4.515967845916748,36.314857482910156,93.24972534179688,0.0,0.0,6.547122955322266,FreeSWITCH,93.24972534179688
bbb-common-web/src/main/java/org/bigbluebutton/api/model/request/GuestWait.java,11.444796562194824,74.6705551147461,4.746026515960693,0.0,1.5454089641571045,1.2656745910644531,BBB web,74.6705551147461
bbb-common-web/src/main/java/org/bigbluebutton/presentation/imp/PdfPageCounter.java,5.65809965133667,77.59040832519531,2.4579944610595703,82.23993682861328,0.0,8.61413860321045,Presentation Conversion,82.23993682861328
bbb-recording-imex/src/test/java/org/bigbluebutton/RecordingStoreTest.java,2.055542469024658,37.33769226074219,2.5970427989959717,0.0,0.9660178422927856,1.0555424690246582,BBB web,37.33769226074219
akka-bbb-apps/src/main/scala/org/bigbluebutton/core/util/jhotdraw/Geom.java,56.4409294128418,39.56890106201172,6.345462322235107,0.6458258032798767,18.144887924194336,21.112964630126953,Apps,56.4409294128418
akka-bbb-fsesl/src/main/java/org/bigbluebutton/freeswitch/voice/events/FreeswitchHeartbeatEvent.java,22.243913650512695,37.382328033447266,99.54773712158203,0.0,3.1801748275756836,7.288618564605713,FreeSWITCH,99.54773712158203
bbb-common-web/src/main/java/org/bigbluebutton/api/model/validator/JoinPasswordValidator.java,14.665058135986328,75.45512390136719,7.911086559295654,0.8699641823768616,2.1682114601135254,3.0560364723205566,BBB web,75.45512390136719
akka-bbb-apps/src/main/scala/org/bigbluebutton/core/util/jhotdraw/BezierPath.java,52.8365592956543,43.44043731689453,12.890165328979492,0.0,0.03589308261871338,2.384910821914673,Apps,52.8365592956543
bbb-fsesl-client/src/main/java/org/freeswitch/esl/client/outbound/AbstractOutboundPipelineFactory.java,4.3198442459106445,36.284912109375,91.16191864013672,0.0,0.0,8.80990982055664,FreeSWITCH,91.16191864013672
bbb-common-web/src/main/java/org/bigbluebutton/api/domain/Breakout.java,12.244226455688477,74.66458892822266,2.154597759246826,0.0,1.827197790145874,1.2830809354782104,BBB web,74.66458892822266
bbb-common-web/src/main/java/org/bigbluebutton/api/model/constraint/IsBooleanConstraint.java,11.988303184509277,74.75548553466797,2.1570756435394287,0.0,0.0,3.6453378200531006,BBB web,74.75548553466797
bbb-common-web/src/main/java/org/bigbluebutton/api/model/constraint/NotNull.java,14.995124816894531,74.7190170288086,3.1516456604003906,0.0,0.0,3.5183725357055664,BBB web,74.7190170288086
bbb-common-web/src/main/java/org/bigbluebutton/api/service/XmlService.java,10.256300926208496,74.64595794677734,3.1516456604003906,0.0,1.6278210878372192,1.2779814004898071,BBB web,74.64595794677734
bbb-common-web/src/main/java/org/bigbluebutton/api2/IRecordingService.java,15.232277870178223,74.59375,2.143078088760376,0.0,1.537070393562317,2.3622586727142334,BBB web,74.59375
akka-bbb-fsesl/src/main/java/org/bigbluebutton/freeswitch/voice/freeswitch/FreeswitchApplication.java,17.71993637084961,38.89201736450195,89.37323760986328,1.115407943725586,2.1631813049316406,12.575335502624512,FreeSWITCH,89.37323760986328
bbb-common-web/src/main/java/org/bigbluebutton/api/model/request/Stuns.java,11.359375,74.6606674194336,4.735347747802734,0.0,1.537070393562317,1.2630863189697266,BBB web,74.6606674194336
bbb-common-web/src/main/java/org/bigbluebutton/api/messaging/messages/UserLeft.java,15.605603218078613,74.69918823242188,5.674392223358154,0.0,1.842069387435913,7.456817626953125,BBB web,74.69918823242188
bbb-common-web/src/main/java/org/bigbluebutton/presentation/handlers/ImageResizerHandler.java,5.033533096313477,75.43987274169922,2.523747205734253,86.63645935058594,0.0,1.073110580444336,Presentation Conversion,86.63645935058594
bbb-common-web/src/main/java/org/bigbluebutton/presentation/handlers/PdfFontType3DetectorHandler.java,5.016800403594971,76.4204330444336,2.517348289489746,86.22620391845703,0.0,1.0725122690200806,Presentation Conversion,86.22620391845703
bbb-common-web/src/main/java/org/bigbluebutton/api/messaging/ReceivedMessage.java,12.967302322387695,74.71155548095703,2.1618130207061768,0.0,0.0,5.677341461181641,BBB web,74.71155548095703
bbb-common-web/src/main/java/org/bigbluebutton/api2/domain/UsersProp2.java,17.041534423828125,74.60260009765625,10.843026161193848,0.0,1.0,3.588782548904419,BBB web,74.60260009765625
bbb-common-web/src/main/java/org/bigbluebutton/api/model/request/Request.java,10.739139556884766,74.70531463623047,2.1608731746673584,0.0,0.0,1.2938628196716309,BBB web,74.70531463623047
bbb-common-web/src/main/java/org/bigbluebutton/api/model/constraint/list/SizeList.java,14.45869255065918,74.67011260986328,2.1554629802703857,0.0,0.0,1.8557559251785278,BBB web,74.67011260986328
bbb-common-web/src/main/java/org/bigbluebutton/api/service/SessionService.java,12.08655071258545,74.67290496826172,4.155899524688721,0.0,1.6119135618209839,1.285324215888977,BBB web,74.67290496826172
akka-bbb-fsesl/src/main/java/org/bigbluebutton/freeswitch/voice/freeswitch/actions/PlaySoundCommand.java,11.003311157226562,37.36127853393555,103.34879302978516,0.0,0.0,4.5672407150268555,FreeSWITCH,103.34879302978516
akka-bbb-fsesl/src/main/java/org/bigbluebutton/freeswitch/voice/freeswitch/actions/StopSoundCommand.java,11.688362121582031,37.36704635620117,105.11551666259766,0.0,0.0,4.596471786499023,FreeSWITCH,105.11551666259766
bbb-common-web/src/main/java/org/bigbluebutton/api2/IMeetingService.java,20.803688049316406,74.5689697265625,10.11165714263916,0.0,2.9592127799987793,8.416173934936523,BBB web,74.5689697265625
bbb-fsesl-client/src/main/java/org/freeswitch/esl/client/transport/message/EslHeaders.java,21.41637420654297,36.37810134887695,89.04341888427734,0.0,1.529515266418457,13.90052604675293,FreeSWITCH,89.04341888427734
bbb-common-web/src/main/java/org/bigbluebutton/api/model/validator/MeetingExistsValidator.java,13.043420791625977,75.39893341064453,3.0019524097442627,0.7775453329086304,2.9944820404052734,1.2710070610046387,BBB web,75.39893341064453
bbb-common-web/src/main/java/org/bigbluebutton/api/RecordingService.java,13.423069953918457,74.98204803466797,2.1443231105804443,0.0,4.978043556213379,3.050743579864502,BBB web,74.98204803466797
bbb-fsesl-client/src/main/java/org/freeswitch/esl/client/inbound/Client.java,28.531843185424805,37.35298156738281,74.11145782470703,0.6661472916603088,4.573966979980469,16.188079833984375,FreeSWITCH,74.11145782470703
