file_path,dsp,filter_bank,general,mir,best_module,best_likelihood
audioflux\include\hht_algorithm.h,3.6355981826782227,2.1700518131256104,2.5838706493377686,1.1183245182037354,dsp,3.6355981826782227
audioflux\src\vector\flux_vectorOp.h,18.484760284423828,33.5424919128418,2.966978073120117,2.922630786895752,filter_bank,33.5424919128418
audioflux\include\temporal_algorithm.h,3.096261501312256,1.6393963098526,2.0454986095428467,13.286391258239746,mir,13.286391258239746
audioflux\src\dsp\conv_algorithm.h,86.69218444824219,4.732517719268799,10.289875030517578,5.5276079177856445,dsp,86.69218444824219
audioflux\src\mir\timeStretch_algorithm.h,3.1091883182525635,1.6469359397888184,2.0578269958496094,77.47499084472656,mir,77.47499084472656
audioflux\src\reassign_algorithm.c,4.961019515991211,52.15602111816406,8.199718475341797,30.79064178466797,filter_bank,52.15602111816406
audioflux\src\mir\_pitch_yin.c,11.37769889831543,0.8370144367218018,1.5799858570098877,84.11116027832031,mir,84.11116027832031
audioflux\src\filterbank\coef\__coef_d.h,40.11076354980469,45.71665573120117,1.9283006191253662,17.79315757751465,filter_bank,45.71665573120117
audioflux\src\temporal_algorithm.h,3.096261501312256,1.6393963098526,2.0454986095428467,13.286391258239746,mir,13.286391258239746
audioflux\src\dsp\czt_algorithm.c,67.07891082763672,1.9982118606567383,5.272008895874023,5.768460273742676,dsp,67.07891082763672
audioflux\include\dsp\conv_algorithm.h,86.69218444824219,4.732517719268799,10.289875030517578,5.5276079177856445,dsp,86.69218444824219
audioflux\src\mir\_pitch_hps.c,16.282039642333984,0.35099563002586365,1.3020000457763672,69.81635284423828,mir,69.81635284423828
audioflux\src\bft_algorithm.h,4.5633544921875,40.81411361694336,4.514084339141846,2.9962375164031982,filter_bank,40.81411361694336
audioflux\include\util\flux_wave.h,1.4834136962890625,1.4834136962890625,1.4834136962890625,16.110145568847656,mir,16.110145568847656
audioflux\src\filterbank\cqt_filterBank.c,3.85194993019104,116.30360412597656,8.948090553283691,18.092609405517578,filter_bank,116.30360412597656
audioflux\src\fst_algorithm.h,21.29338836669922,1.9313119649887085,2.624047040939331,1.1568362712860107,dsp,21.29338836669922
audioflux\include\wsst_algorithm.h,4.324132442474365,4.698130130767822,4.273721694946289,0.8200292587280273,filter_bank,4.698130130767822
audioflux\include\mir\_pitch_lhs.h,0.1829575002193451,0.1829575002193451,0.1829575002193451,83.76232147216797,mir,83.76232147216797
audioflux\include\spectrogram_algorithm.h,7.971261501312256,40.426063537597656,9.142329216003418,38.21548843383789,filter_bank,40.426063537597656
audioflux\src\mir\_pitch_stft.c,9.411669731140137,24.417293548583984,6.046444892883301,100.36551666259766,mir,100.36551666259766
audioflux\include\dsp\xcorr_algorithm.h,85.83174896240234,1.8879090547561646,7.869168281555176,3.127626895904541,dsp,85.83174896240234
audioflux\include\wpt_algorithm.h,3.6355981826782227,2.1700518131256104,2.5838706493377686,1.1183245182037354,dsp,3.6355981826782227
audioflux\src\mir\onset_algorithm.c,6.190622329711914,47.151039123535156,12.865310668945312,136.1187744140625,mir,136.1187744140625
audioflux\src\dsp\flux_window.c,83.61088562011719,18.01829719543457,5.7401580810546875,40.102962493896484,dsp,83.61088562011719
audioflux\src\dsp\flux_correct.c,110.35662078857422,21.745128631591797,3.8592002391815186,20.92365074157715,dsp,110.35662078857422
audioflux\src\mir\harmonic_algorithm.c,54.31721496582031,154.7801971435547,8.742328643798828,86.74048614501953,filter_bank,154.7801971435547
audioflux\src\cwt_algorithm.c,37.21043014526367,68.20968627929688,7.269847869873047,3.480487585067749,filter_bank,68.20968627929688
audioflux\src\filterbank\dwt_filterCoef.h,19.76125144958496,89.44239807128906,2.0350558757781982,1.5582990646362305,filter_bank,89.44239807128906
audioflux\src\nsgt_algorithm.c,22.096454620361328,86.91839599609375,6.434759616851807,28.055635452270508,filter_bank,86.91839599609375
audioflux\src\vector\flux_complex.c,9.500697135925293,3.2200210094451904,6.7512078285217285,37.01799011230469,mir,37.01799011230469
audioflux\src\cepstrogram_algorithm.h,3.088649034500122,1.6349562406539917,2.038238525390625,0.5845459699630737,dsp,3.088649034500122
audioflux\src\track\tune_track.c,25.604158401489258,39.917335510253906,7.116513729095459,39.46282196044922,filter_bank,39.917335510253906
audioflux\include\mir\hpss_algorithm.h,3.1944875717163086,1.734944462776184,2.1434271335601807,77.89275360107422,mir,77.89275360107422
audioflux\include\stft_algorithm.h,3.0497705936431885,2.2971699237823486,2.0011606216430664,4.58111047744751,mir,4.58111047744751
audioflux\src\dsp\flux_correct.h,101.43357849121094,29.60127830505371,3.5758814811706543,18.40873908996582,dsp,101.43357849121094
audioflux\include\track\tune_track.h,0.177162766456604,0.177162766456604,0.177162766456604,2.439272403717041,mir,2.439272403717041
audioflux\include\flux_base.h,31.715904235839844,187.86459350585938,10.236713409423828,69.54174041748047,filter_bank,187.86459350585938
audioflux\include\dsp\hilbert_algorithm.h,86.1026382446289,1.6546554565429688,4.375455379486084,2.907687187194824,dsp,86.1026382446289
audioflux\src\filterbank\auditory_weight.h,1.4574424028396606,104.07108306884766,1.4574424028396606,1.0,filter_bank,104.07108306884766
audioflux\src\filterbank\chroma_filterBank.h,1.9564510583877563,96.25640106201172,1.9564510583877563,1.2907382249832153,filter_bank,96.25640106201172
audioflux\src\mir\pitchShift_algorithm.h,3.115767002105713,1.6507728099822998,2.064100742340088,77.37016296386719,mir,77.37016296386719
audioflux\src\mir\_pitch_lhs.h,0.1829575002193451,0.1829575002193451,0.1829575002193451,83.76232147216797,mir,83.76232147216797
audioflux\src\mir\_trist3.h,46.757041931152344,0.0,1.2988066673278809,75.11590576171875,mir,75.11590576171875
audioflux\src\mir\_pitch_ffp.c,71.21503448486328,118.10358428955078,7.536348819732666,87.94974517822266,filter_bank,118.10358428955078
audioflux\src\flux_spectral.h,3.728458881378174,9.09190559387207,9.244091033935547,11.206795692443848,mir,11.206795692443848
audioflux\src\cqt_algorithm.h,4.5599212646484375,40.13010787963867,4.512164115905762,2.0823488235473633,filter_bank,40.13010787963867
audioflux\src\dsp\filterDesign_iir.c,84.01142883300781,36.0,2.333650827407837,29.905969619750977,dsp,84.01142883300781
audioflux\src\wpt_algorithm.c,17.236454010009766,75.42813873291016,7.384974956512451,22.452953338623047,filter_bank,75.42813873291016
audioflux\src\dsp\phase_vocoder.h,86.82084655761719,0.0,2.315998077392578,5.503077030181885,dsp,86.82084655761719
audioflux\src\mir\_pitch_pef.h,0.18084493279457092,0.18084493279457092,0.18084493279457092,81.28319549560547,mir,81.28319549560547
audioflux\src\dsp\hilbert_algorithm.h,86.1026382446289,1.6546554565429688,4.375455379486084,2.907687187194824,dsp,86.1026382446289
audioflux\include\util\flux_util.h,19.14205551147461,26.803165435791016,5.710285186767578,45.057559967041016,mir,45.057559967041016
audioflux\src\mir\_pitch_ncf.c,0.47752702236175537,0.47752702236175537,0.9897605180740356,66.58104705810547,mir,66.58104705810547
audioflux\include\wvd_algorithm.h,3.365212917327881,1.897444486618042,2.3132386207580566,0.8454703092575073,dsp,3.365212917327881
audioflux\src\mir\timeStretch_algorithm.c,5.611198425292969,24.612018585205078,2.4293689727783203,70.02396392822266,mir,70.02396392822266
audioflux\include\dsp\resample_algorithm.h,83.41883087158203,1.8431177139282227,4.4597487449646,31.659225463867188,dsp,83.41883087158203
audioflux\include\feature\spectral_algorithm.h,8.575393676757812,11.170982360839844,10.771034240722656,48.041595458984375,mir,48.041595458984375
audioflux\include\mir\_pitch_cep.h,15.531888008117676,0.18317148089408875,0.6095247268676758,82.2371826171875,mir,82.2371826171875
audioflux\include\fst_algorithm.h,21.29338836669922,1.9313119649887085,2.624047040939331,1.1568362712860107,dsp,21.29338836669922
audioflux\src\stft_algorithm.h,3.0497705936431885,2.2971699237823486,2.0011606216430664,4.58111047744751,mir,4.58111047744751
audioflux\include\swt_algorithm.h,3.6355981826782227,2.1700518131256104,2.5838706493377686,1.1183245182037354,dsp,3.6355981826782227
audioflux\src\dsp\filterDesign_fir.c,72.16035461425781,226.07432556152344,8.510254859924316,60.904056549072266,filter_bank,226.07432556152344
audioflux\src\filterbank\chroma_filterBank.c,12.404353141784668,83.00371551513672,5.837321758270264,44.373958587646484,filter_bank,83.00371551513672
audioflux\src\fst_algorithm.c,22.750839233398438,3.7881548404693604,7.100502967834473,14.758679389953613,dsp,22.750839233398438
audioflux\include\dwt_algorithm.h,21.493938446044922,2.1700518131256104,2.860741138458252,1.3951948881149292,dsp,21.493938446044922
audioflux\include\cwt_algorithm.h,4.590088367462158,4.138486385345459,4.539910316467285,1.0883082151412964,dsp,4.590088367462158
audioflux\src\util\flux_util.h,18.927940368652344,26.382020950317383,5.49198055267334,46.621337890625,mir,46.621337890625
audioflux\src\synsq_algorithm.c,4.337125778198242,5.9893012046813965,6.4305291175842285,31.46329116821289,mir,31.46329116821289
audioflux\src\dsp\filterDesign_iir.h,83.95295715332031,36.0,2.332026481628418,29.87198257446289,dsp,83.95295715332031
audioflux\src\filterbank\nsgt_filterBank.c,23.56309700012207,171.4574737548828,6.360833644866943,47.048301696777344,filter_bank,171.4574737548828
audioflux\src\filterbank\cwt_filterBank.c,40.191131591796875,131.8681640625,6.645858287811279,13.87887191772461,filter_bank,131.8681640625
audioflux\src\feature\spectral_algorithm.h,8.575393676757812,11.170982360839844,10.771034240722656,48.041595458984375,mir,48.041595458984375
audioflux\src\mir\_pitch_yin.h,0.18042826652526855,0.18042826652526855,0.18042826652526855,93.74012756347656,mir,93.74012756347656
audioflux\src\dsp\resample_algorithm.c,61.6033935546875,33.57563018798828,3.959035634994507,22.48917579650879,dsp,61.6033935546875
audioflux\src\filterbank\coef\__coef_r.h,40.18458938598633,45.79047775268555,3.11418080329895,48.68002700805664,mir,48.68002700805664
audioflux\src\filterbank\nsgt_filterBank.h,3.2690820693969727,102.29953002929688,4.269082069396973,4.910316467285156,filter_bank,102.29953002929688
audioflux\src\filterbank\auditory_filterBank.h,3.1931753158569336,144.1213836669922,6.51303768157959,27.1997013092041,filter_bank,144.1213836669922
audioflux\include\dsp\czt_algorithm.h,86.20811462402344,1.9293792247772217,4.644041061401367,3.17794132232666,dsp,86.20811462402344
audioflux\src\synsq_algorithm.h,4.3539042472839355,4.736310958862305,4.3023600578308105,0.8384667634963989,filter_bank,4.736310958862305
audioflux\include\pwt_algorithm.h,4.590088367462158,4.138486385345459,4.539910316467285,1.0883082151412964,dsp,4.590088367462158
audioflux\src\filterbank\auditory_weight.c,1.118361473083496,88.88485717773438,3.522301197052002,50.72797393798828,filter_bank,88.88485717773438
audioflux\src\mir\harmonic_algorithm.h,3.3380696773529053,1.8796015977859497,2.2871289253234863,81.97344207763672,mir,81.97344207763672
audioflux\src\mir\pitchShift_algorithm.c,4.8027544021606445,3.390997886657715,2.503849506378174,77.30780792236328,mir,77.30780792236328
audioflux\include\synsq_algorithm.h,4.3539042472839355,4.736310958862305,4.3023600578308105,0.8384667634963989,filter_bank,4.736310958862305
audioflux\src\dsp\resample_algorithm.h,83.41883087158203,1.8431177139282227,4.4597487449646,31.659225463867188,dsp,83.41883087158203
audioflux\src\mir\_pitch_stft.h,0.18168407678604126,0.18168407678604126,1.0429186820983887,82.44950866699219,mir,82.44950866699219
audioflux\include\st_algorithm.h,3.3775007724761963,1.9179576635360718,3.722878932952881,0.8668973445892334,general,3.722878932952881
audioflux\src\dsp\filterDesign_fir.h,84.78084564208984,167.3288116455078,5.377268314361572,59.538394927978516,filter_bank,167.3288116455078
audioflux\src\util\flux_wave.h,1.4834136962890625,1.4834136962890625,1.4834136962890625,16.110145568847656,mir,16.110145568847656
audioflux\src\dsp\conv_algorithm.c,70.05553436279297,5.400205612182617,11.704594612121582,4.4222869873046875,dsp,70.05553436279297
audioflux\src\flux_spectral.c,3.6853041648864746,10.875635147094727,11.188068389892578,27.329519271850586,mir,27.329519271850586
audioflux\src\mir\_pitch_cep.c,8.857370376586914,0.35772061347961426,1.1068663597106934,67.57564544677734,mir,67.57564544677734
audioflux\src\feature\spectral_algorithm.c,29.5391845703125,12.758978843688965,12.336015701293945,23.28519058227539,dsp,29.5391845703125
audioflux\src\feature\deconv_algorithm.h,6.540140628814697,5.075146198272705,5.488474369049072,6.023480415344238,dsp,6.540140628814697
audioflux\src\classic\hmm.h,2.490954637527466,6.398868560791016,78.32353210449219,15.013580322265625,general,78.32353210449219
audioflux\src\dsp\filterDesign_freqz.c,74.3743667602539,66.17777252197266,4.820374965667725,18.66095542907715,dsp,74.3743667602539
audioflux\include\classic\viterbi.h,0.0,0.0,1.327130913734436,0.0,general,1.327130913734436
audioflux\src\flux_base.h,31.715904235839844,187.86459350585938,10.236713409423828,69.54174041748047,filter_bank,187.86459350585938
audioflux\src\mir\hpss_algorithm.h,3.1944875717163086,1.734944462776184,2.1434271335601807,77.89275360107422,mir,77.89275360107422
audioflux\include\mir\pitchShift_algorithm.h,3.115767002105713,1.6507728099822998,2.064100742340088,77.37016296386719,mir,77.37016296386719
audioflux\src\filterbank\dwt_filterCoef.c,135.38668823242188,54.58274459838867,9.016424179077148,76.04013061523438,dsp,135.38668823242188
audioflux\include\filterbank\auditory_weight.h,1.4574424028396606,104.07108306884766,1.4574424028396606,1.0,filter_bank,104.07108306884766
audioflux\src\classic\viterbi.c,0.22254332900047302,1.220750093460083,2.3473665714263916,15.429884910583496,mir,15.429884910583496
audioflux\include\feature\chroma_algorithm.h,6.531761646270752,5.067868232727051,5.480217933654785,6.016324520111084,dsp,6.531761646270752
audioflux\include\bft_algorithm.h,4.5633544921875,40.81411361694336,4.514084339141846,2.9962375164031982,filter_bank,40.81411361694336
audioflux\src\st_algorithm.c,3.303971290588379,2.968968629837036,5.181431770324707,0.9658093452453613,general,5.181431770324707
audioflux\include\vector\flux_vector.h,2.015291929244995,5.370589256286621,0.5644450187683105,59.39552688598633,mir,59.39552688598633
audioflux\include\mir\harmonic_algorithm.h,3.3380696773529053,1.8796015977859497,2.2871289253234863,81.97344207763672,mir,81.97344207763672
audioflux\src\wsst_algorithm.c,4.398529529571533,5.974172592163086,6.441291809082031,30.72259521484375,mir,30.72259521484375
audioflux\src\stft_algorithm.c,15.099472999572754,2.3987488746643066,5.022265434265137,35.53778076171875,mir,35.53778076171875
audioflux\src\classic\hmm.c,31.85814094543457,51.38923645019531,38.09600067138672,32.53323745727539,filter_bank,51.38923645019531
audioflux\src\dsp\hilbert_algorithm.c,79.36204528808594,1.9537936449050903,4.944738864898682,3.02091646194458,dsp,79.36204528808594
audioflux\src\vector\flux_vectorInt.c,0.0,0.8513963222503662,0.47288182377815247,17.786420822143555,mir,17.786420822143555
audioflux\src\feature\xxcc_algorithm.h,6.4701642990112305,5.014361381530762,5.419519424438477,5.963716506958008,dsp,6.4701642990112305
audioflux\src\dsp\phase_vocoder.c,76.00984191894531,0.46780723333358765,3.6899077892303467,5.7476091384887695,dsp,76.00984191894531
audioflux\include\vector\flux_complex.h,0.0,2.3289237022399902,0.3109874725341797,2.078439474105835,filter_bank,2.3289237022399902
audioflux\src\mir\_pitch_ncf.h,0.421133428812027,0.421133428812027,0.421133428812027,82.04878997802734,mir,82.04878997802734
audioflux\include\cqt_algorithm.h,4.5599212646484375,40.13010787963867,4.512164115905762,2.0823488235473633,filter_bank,40.13010787963867
audioflux\src\filterbank\cwt_filterBank.h,3.275642156600952,102.4567642211914,4.275642395019531,2.495159149169922,filter_bank,102.4567642211914
audioflux\include\ewt_algorithm.h,3.6355981826782227,2.1700518131256104,2.5838706493377686,1.1183245182037354,dsp,3.6355981826782227
audioflux\src\dsp\dct_algorithm.h,105.11595916748047,2.657585859298706,4.928725719451904,4.422039031982422,dsp,105.11595916748047
audioflux\src\cepstrogram_algorithm.c,5.387657642364502,1.6940723657608032,6.12916374206543,3.2330820560455322,general,6.12916374206543
audioflux\include\dsp\phase_vocoder.h,86.82084655761719,0.0,2.315998077392578,5.503077030181885,dsp,86.82084655761719
audioflux\src\mir\hpss_algorithm.c,2.9103446006774902,1.6204053163528442,4.108583450317383,66.40921783447266,mir,66.40921783447266
audioflux\src\dsp\filterDesign_freqz.h,82.20828247070312,65.17349243164062,3.3635458946228027,16.070737838745117,dsp,82.20828247070312
audioflux\src\feature\deconv_algorithm.c,24.946508407592773,4.533100128173828,5.877547740936279,6.027881145477295,dsp,24.946508407592773
audioflux\include\mir\_pitch_ncf.h,0.421133428812027,0.421133428812027,0.421133428812027,82.04878997802734,mir,82.04878997802734
audioflux\src\filterbank\auditory_filterBank.c,21.202341079711914,175.24925231933594,14.103636741638184,68.918212890625,filter_bank,175.24925231933594
audioflux\src\spectrogram_algorithm.c,38.7983512878418,123.99230194091797,17.900665283203125,75.71209716796875,filter_bank,123.99230194091797
audioflux\src\mir\_pitch_cep.h,15.531888008117676,0.18317148089408875,0.6095247268676758,82.2371826171875,mir,82.2371826171875
audioflux\src\util\flux_wave.c,2.5200300216674805,60.004730224609375,8.156121253967285,33.25847244262695,filter_bank,60.004730224609375
audioflux\src\util\flux_util.c,33.353023529052734,120.69328308105469,9.665850639343262,134.9742889404297,mir,134.9742889404297
audioflux\include\mir\timeStretch_algorithm.h,3.1091883182525635,1.6469359397888184,2.0578269958496094,77.47499084472656,mir,77.47499084472656
audioflux\src\classic\viterbi.h,0.0,0.0,1.327130913734436,0.0,general,1.327130913734436
audioflux\src\pwt_algorithm.c,27.230335235595703,69.36965942382812,7.795143127441406,3.3031299114227295,filter_bank,69.36965942382812
audioflux\src\dsp\flux_window.h,80.33506774902344,1.4963810443878174,2.231529474258423,3.152942180633545,dsp,80.33506774902344
audioflux\src\classic\nmf.c,19.834514617919922,1.8489301204681396,3.5460758209228516,15.366204261779785,dsp,19.834514617919922
audioflux\src\dsp\fft_algorithm.h,99.78133392333984,2.13378643989563,5.020817279815674,3.571286916732788,dsp,99.78133392333984
audioflux\src\mir\_queue.h,56.93875503540039,32.357696533203125,4.077115058898926,102.25678253173828,mir,102.25678253173828
audioflux\include\mir\harmonicRatio_algorithm.h,3.1091883182525635,1.6469359397888184,2.0578269958496094,76.1380386352539,mir,76.1380386352539
audioflux\src\dsp\dft_algorithm.h,103.66526794433594,1.9236314296722412,4.902079105377197,3.4392809867858887,dsp,103.66526794433594
audioflux\src\dsp\xcorr_algorithm.c,71.31239318847656,4.284670829772949,6.224121570587158,2.6231319904327393,dsp,71.31239318847656
audioflux\include\classic\hmm.h,2.490954637527466,6.398868560791016,78.32353210449219,15.013580322265625,general,78.32353210449219
audioflux\include\feature\deconv_algorithm.h,6.540140628814697,5.075146198272705,5.488474369049072,6.023480415344238,dsp,6.540140628814697
audioflux\include\mir\_pitch_yin.h,0.18042826652526855,0.18042826652526855,0.18042826652526855,93.74012756347656,mir,93.74012756347656
audioflux\src\dwt_algorithm.c,23.383079528808594,38.32661437988281,5.023754596710205,2.600853204727173,filter_bank,38.32661437988281
audioflux\src\feature\xxcc_algorithm.c,22.378877639770508,5.926173210144043,5.730822563171387,5.914710521697998,dsp,22.378877639770508
audioflux\src\vector\flux_vector.c,1.0909557342529297,31.374359130859375,3.560480833053589,98.01702117919922,mir,98.01702117919922
audioflux\src\wpt_algorithm.h,3.6355981826782227,2.1700518131256104,2.5838706493377686,1.1183245182037354,dsp,3.6355981826782227
audioflux\src\mir\_pitch_hps.h,15.51374340057373,0.1829575002193451,0.608812689781189,85.03988647460938,mir,85.03988647460938
audioflux\src\mir\_pitch_ffp.h,14.690047264099121,0.1732434332370758,0.5764879584312439,79.9594497680664,mir,79.9594497680664
audioflux\src\mir\_trist3.c,57.01808166503906,1.3954648971557617,5.0475311279296875,73.76675415039062,mir,73.76675415039062
audioflux\src\st_algorithm.h,3.3775007724761963,1.9179576635360718,3.722878932952881,0.8668973445892334,general,3.722878932952881
audioflux\src\temporal_algorithm.c,21.141399383544922,24.27024269104004,2.928110122680664,13.753616333007812,filter_bank,24.27024269104004
audioflux\src\bft_algorithm.c,25.363372802734375,85.043701171875,10.992013931274414,16.26201629638672,filter_bank,85.043701171875
audioflux\src\wsst_algorithm.h,4.324132442474365,4.698130130767822,4.273721694946289,0.8200292587280273,filter_bank,4.698130130767822
audioflux\src\dsp\dct_algorithm.c,94.4097671508789,3.004669427871704,9.326081275939941,21.00168228149414,dsp,94.4097671508789
audioflux\src\filterbank\cqt_filterBank.h,3.3230679035186768,100.59297943115234,4.323067665100098,1.6010701656341553,filter_bank,100.59297943115234
audioflux\src\mir\onset_algorithm.h,3.0640201568603516,38.43247604370117,2.0147502422332764,93.66947937011719,mir,93.66947937011719
audioflux\src\dsp\czt_algorithm.h,86.20811462402344,1.9293792247772217,4.644041061401367,3.17794132232666,dsp,86.20811462402344
audioflux\include\reassign_algorithm.h,5.7618303298950195,5.8361358642578125,8.501646041870117,8.07730770111084,general,8.501646041870117
audioflux\include\emd_algorithm.h,3.365212917327881,1.897444486618042,2.3132386207580566,0.8454703092575073,dsp,3.365212917327881
audioflux\src\mir\_pitch_pef.c,12.34553050994873,36.681617736816406,1.7352746725082397,62.949180603027344,mir,62.949180603027344
audioflux\src\swt_algorithm.c,13.846182823181152,38.352874755859375,5.436985492706299,2.477025270462036,filter_bank,38.352874755859375
audioflux\src\spectrogram_algorithm.h,7.971261501312256,40.426063537597656,9.142329216003418,38.21548843383789,filter_bank,40.426063537597656
audioflux\src\mir\harmonicRatio_algorithm.c,2.974839687347412,2.6402578353881836,3.0400614738464355,77.09699249267578,mir,77.09699249267578
audioflux\src\mir\_pitch_lhs.c,0.3446913957595825,0.3446913957595825,0.8538122773170471,67.6708984375,mir,67.6708984375
audioflux\src\vector\flux_vectorOp.c,17.354917526245117,51.80813980102539,4.854062557220459,21.59314727783203,filter_bank,51.80813980102539
audioflux\src\reassign_algorithm.h,5.7618303298950195,5.8361358642578125,8.501646041870117,8.07730770111084,general,8.501646041870117
audioflux\include\feature\xxcc_algorithm.h,6.4701642990112305,5.014361381530762,5.419519424438477,5.963716506958008,dsp,6.4701642990112305
audioflux\include\classic\nmf.h,0.6180229783058167,1.3564810752868652,1.8621233701705933,1.6026337146759033,general,1.8621233701705933
audioflux\include\nsgt_algorithm.h,4.556814670562744,40.11538314819336,4.5077667236328125,4.419304370880127,filter_bank,40.11538314819336
audioflux\include\mir\_pitch_pef.h,0.18084493279457092,0.18084493279457092,0.18084493279457092,81.28319549560547,mir,81.28319549560547
audioflux\include\mir\_pitch_hps.h,15.51374340057373,0.1829575002193451,0.608812689781189,85.03988647460938,mir,85.03988647460938
audioflux\src\classic\nmf.h,0.6180229783058167,1.3564810752868652,1.8621233701705933,1.6026337146759033,general,1.8621233701705933
audioflux\include\mir\onset_algorithm.h,3.0640201568603516,38.43247604370117,2.0147502422332764,93.66947937011719,mir,93.66947937011719
audioflux\src\cqt_algorithm.c,16.51875114440918,15.052315711975098,6.541600227355957,26.140880584716797,mir,26.140880584716797
audioflux\include\cepstrogram_algorithm.h,3.088649034500122,1.6349562406539917,2.038238525390625,0.5845459699630737,dsp,3.088649034500122
audioflux\include\cwd_algorithm.h,3.365212917327881,1.897444486618042,2.3132386207580566,0.8454703092575073,dsp,3.365212917327881
audioflux\src\mir\_queue.c,87.3258285522461,29.835302352905273,8.185097694396973,74.7598648071289,dsp,87.3258285522461
audioflux\src\mir\harmonicRatio_algorithm.h,3.1091883182525635,1.6469359397888184,2.0578269958496094,76.1380386352539,mir,76.1380386352539
audioflux\src\dsp\dft_algorithm.c,111.47569274902344,2.586456060409546,9.817861557006836,13.743922233581543,dsp,111.47569274902344
audioflux\src\dsp\fft_algorithm.c,112.49031829833984,12.040804862976074,7.822617530822754,33.78086853027344,dsp,112.49031829833984
audioflux\src\track\tune_track.h,0.177162766456604,0.177162766456604,0.177162766456604,2.439272403717041,mir,2.439272403717041
audioflux\src\dsp\xcorr_algorithm.h,85.83174896240234,1.8879090547561646,7.869168281555176,3.127626895904541,dsp,85.83174896240234
audioflux\src\pwt_algorithm.h,4.590088367462158,4.138486385345459,4.539910316467285,1.0883082151412964,dsp,4.590088367462158
audioflux\src\vector\flux_vector.h,2.015291929244995,5.370589256286621,0.5644450187683105,59.39552688598633,mir,59.39552688598633
audioflux\src\cwt_algorithm.h,4.590088367462158,4.138486385345459,4.539910316467285,1.0883082151412964,dsp,4.590088367462158
audioflux\src\vector\flux_complex.h,0.0,2.3289237022399902,0.3109874725341797,2.078439474105835,filter_bank,2.3289237022399902
audioflux\src\dwt_algorithm.h,21.493938446044922,2.1700518131256104,2.860741138458252,1.3951948881149292,dsp,21.493938446044922
audioflux\src\swt_algorithm.h,3.6355981826782227,2.1700518131256104,2.5838706493377686,1.1183245182037354,dsp,3.6355981826782227
audioflux\src\nsgt_algorithm.h,4.556814670562744,40.11538314819336,4.5077667236328125,4.419304370880127,filter_bank,40.11538314819336
audioflux\src\classic\trist.c,0.23270130157470703,1.4184339046478271,2.593801975250244,19.424053192138672,mir,19.424053192138672
