file_path,BBB web,FSESL,FreeSWITCH,Presentation Conversion,Redis DB,Redis PubSub,best_module,best_likelihood
bigbluebutton\bbb-fsesl-client\src\main\java\org\freeswitch\esl\client\outbound\example\SimpleHangupPipelineFactory.java,1.037608664376395,3157.0637130737305,3301.222686767578,0.0,0.0,0.1854621750967843,FreeSWITCH,3301.222686767578
bigbluebutton\bbb-common-web\src\main\java\org\bigbluebutton\api\model\constraint\MeetingEndedConstraint.java,2.135173034667969,0.04658564840044294,0.19409897668021067,0.0,0.05242470673152379,0.1016941751752581,BBB web,2.135173034667969
bigbluebutton\bbb-common-web\src\main\java\org\bigbluebutton\api\model\request\Enter.java,2.133161926269531,0.0056669967515128,0.11838836669921875,0.0,0.04391629695892334,0.036088180541992185,BBB web,2.133161926269531
bigbluebutton\akka-bbb-fsesl\src\main\java\org\bigbluebutton\freeswitch\voice\freeswitch\actions\DelayedCommand.java,1.1076090131487166,2569.1218185424805,3662.212791442871,0.0,0.0,0.12812042236328125,FreeSWITCH,3662.212791442871
bigbluebutton\bbb-common-web\src\main\java\org\bigbluebutton\api\model\constraint\list\NotEmptyList.java,2.133431788853237,0.022449346951075963,0.09015608515058245,0.0,0.0,0.053021597862243655,BBB web,2.133431788853237
bigbluebutton\akka-bbb-fsesl\src\main\java\org\bigbluebutton\freeswitch\voice\commands\ConferenceCommandResult.java,1.067465100969587,2667.2292709350586,3449.1726684570312,0.0,0.0,0.19419230052403041,FreeSWITCH,3449.1726684570312
bigbluebutton\bbb-common-web\src\main\java\org\bigbluebutton\api\model\request\MeetingInfo.java,2.1340358189174107,0.00583761419568743,0.06137610163007464,0.0,0.052315262385777064,0.03631448745727539,BBB web,2.1340358189174107
bigbluebutton\bbb-common-web\src\main\java\org\bigbluebutton\api\messaging\messages\RecordChapterBreak.java,2.1342625209263395,0.09436061041695731,0.061712700980050224,0.0,0.052630553926740375,0.21305193219866073,BBB web,2.1342625209263395
bigbluebutton\bbb-common-web\src\main\java\org\bigbluebutton\api\messaging\messages\MeetingStarted.java,2.1346158708844865,0.0952531269618443,0.06176608630589076,0.0,0.052775607790265765,0.21479054859706334,BBB web,2.1346158708844865
bigbluebutton\bbb-common-web\src\main\java\org\bigbluebutton\api\service\ServiceUtils.java,2.2068771362304687,0.005305199112210955,0.21698270525251115,0.024046111106872558,0.08607138225010463,0.09774906294686454,BBB web,2.2068771362304687
bigbluebutton\bbb-common-web\src\main\java\org\bigbluebutton\web\services\IStorageService.java,2.1366851806640623,0.0,0.09277362823486328,0.0,0.051754324776785716,0.03062084402356829,BBB web,2.1366851806640623
bigbluebutton\akka-bbb-fsesl\src\main\java\org\bigbluebutton\freeswitch\voice\freeswitch\FreeswitchApplication.java,1.091007559640067,2026.0075187683105,3128.063316345215,0.0318687983921596,0.06180518014090402,0.35929530007498606,FreeSWITCH,3128.063316345215
bigbluebutton\akka-bbb-fsesl\src\main\java\org\bigbluebutton\freeswitch\voice\freeswitch\actions\MuteUserCommand.java,1.067465100969587,2630.7509994506836,3617.221908569336,0.0,0.0,0.13049259185791015,FreeSWITCH,3617.221908569336
bigbluebutton\akka-bbb-fsesl\src\main\java\org\bigbluebutton\freeswitch\voice\freeswitch\actions\EjectAllUsersCommand.java,1.0679762704031808,2698.938674926758,3707.929458618164,0.0,0.0,0.13307134083339145,FreeSWITCH,3707.929458618164
bigbluebutton\akka-bbb-fsesl\src\main\java\org\bigbluebutton\freeswitch\voice\events\ConfRecording.java,1.0681583949497768,2815.264434814453,3494.623908996582,0.0,0.0912001473563058,0.20904654094151087,FreeSWITCH,3494.623908996582
bigbluebutton\bbb-common-web\src\main\java\org\bigbluebutton\api\model\request\EndMeeting.java,2.1324146815708707,0.005403768164770944,0.0610494749886649,0.0,0.05204082216535296,0.03573903015681675,BBB web,2.1324146815708707
bigbluebutton\akka-bbb-fsesl\src\main\java\org\bigbluebutton\freeswitch\voice\events\UnknownConferenceEvent.java,1.0683469499860492,2841.3859939575195,3515.8900833129883,0.0,0.09188728332519532,0.2106810978480748,FreeSWITCH,3515.8900833129883
bigbluebutton\bbb-common-web\src\main\java\org\bigbluebutton\api\Util.java,2.1458653041294644,0.004288308961050851,0.060201379231044225,2.1730422973632812,0.05227971076965332,0.03425947598048619,Presentation Conversion,2.1730422973632812
bigbluebutton\akka-bbb-fsesl\src\main\java\org\bigbluebutton\freeswitch\voice\freeswitch\actions\StopSoundCommand.java,1.067629895891462,2652.701301574707,3679.043083190918,0.0,0.0,0.13132776532854354,FreeSWITCH,3679.043083190918
bigbluebutton\bbb-fsesl-client\src\main\java\org\freeswitch\esl\client\outbound\AbstractOutboundPipelineFactory.java,1.0367117745535714,2992.7579498291016,3190.667152404785,0.0,0.0,0.2517117091587612,FreeSWITCH,3190.667152404785
bigbluebutton\bbb-common-web\src\main\java\org\bigbluebutton\api\model\validator\PostChecksumValidator.java,2.130119105747768,0.005403768164770944,0.1556699071611677,0.02431018352508545,0.0,0.09886022976466588,BBB web,2.130119105747768
bigbluebutton\bbb-recording-imex\src\test\java\org\bigbluebutton\RecordingImportHandlerTest.java,1.0997887747628348,0.007992144141878401,0.07356528554643904,0.0,0.036512838091169085,0.03841332708086286,BBB web,1.0997887747628348
bigbluebutton\bbb-common-web\src\main\java\org\bigbluebutton\api\messaging\messages\MeetingDestroyed.java,2.1346158708844865,0.0952531269618443,0.06176608630589076,0.0,0.052775607790265765,0.21479054859706334,BBB web,2.1346158708844865
bigbluebutton\bbb-common-web\src\main\java\org\bigbluebutton\api\messaging\messages\LearningDashboard.java,2.1339215959821427,0.09349322319030762,0.06166057586669922,0.0,0.05248723370688302,0.21136255264282228,BBB web,2.1339215959821427
bigbluebutton\bbb-common-web\src\main\java\org\bigbluebutton\web\services\UserCleanupTimerTask.java,2.1359266008649556,0.0,0.0901273386819022,0.0,0.02857142857142857,0.03055656296866281,BBB web,2.1359266008649556
bigbluebutton\bbb-common-web\src\main\java\org\bigbluebutton\api\messaging\MessagingService.java,2.134176199776786,0.006278691973005022,0.06169955389840262,0.0,0.05023864677974156,0.036899535996573314,BBB web,2.134176199776786
bigbluebutton\bbb-common-web\src\main\java\org\bigbluebutton\presentation\messages\UploadFileTooLargeMessage.java,2.1355013166155135,0.06314709527151925,0.06145209584917341,2.358088902064732,0.05189669132232666,0.15681007930210658,Presentation Conversion,2.358088902064732
bigbluebutton\bbb-common-web\src\main\java\org\bigbluebutton\api\messaging\messages\UserLeftVoice.java,2.1342625209263395,0.09436061041695731,0.16212549209594726,0.0,0.052630553926740375,0.21305193219866073,BBB web,2.1342625209263395
bigbluebutton\akka-bbb-fsesl\src\main\java\org\bigbluebutton\freeswitch\voice\events\FreeswitchHeartbeatEvent.java,1.0680665152413504,2802.5511932373047,3484.170799255371,0.0,0.09086213793073382,0.20824624470302036,FreeSWITCH,3484.170799255371
bigbluebutton\bbb-common-web\src\main\java\org\bigbluebutton\presentation\MimeTypeUtils.java,2.424923052106585,0.005633535129683358,0.1130899361201695,2.136922345842634,0.0,0.035818869726998465,BBB web,2.424923052106585
bigbluebutton\bbb-common-web\src\main\java\org\bigbluebutton\presentation\DocumentConversionServiceImp.java,2.17986820765904,0.04283899579729353,0.15107969556535994,5.137559727260045,0.04579567568642753,0.3656057902744838,Presentation Conversion,5.137559727260045
bigbluebutton\akka-bbb-fsesl\src\main\java\org\bigbluebutton\freeswitch\voice\freeswitch\actions\PlaySoundCommand.java,1.067465100969587,2630.7509994506836,3617.2077560424805,0.0,0.0,0.13049259185791015,FreeSWITCH,3617.2077560424805
bigbluebutton\akka-bbb-fsesl\src\main\java\org\bigbluebutton\freeswitch\voice\freeswitch\actions\DeafUserCommand.java,1.067465100969587,2630.7509994506836,3617.2077560424805,0.0,0.0,0.13049259185791015,FreeSWITCH,3617.2077560424805
bigbluebutton\bbb-common-web\src\main\java\org\bigbluebutton\presentation\imp\Office2PdfPageConverter.java,2.2660147530691965,0.054131569181169785,0.21696248735700335,5.603792898995536,0.044512762342180524,0.35674618312290735,Presentation Conversion,5.603792898995536
bigbluebutton\bbb-common-web\src\main\java\org\bigbluebutton\presentation\SupportedDocumentFilter.java,2.1314335414341516,0.02702986342566354,0.10088712828499931,3.2954561505998883,0.0,0.2178546633039202,Presentation Conversion,3.2954561505998883
bigbluebutton\akka-bbb-apps\src\main\scala\org\bigbluebutton\core\util\jhotdraw\BezierPath.java,1.2411553519112724,0.06631930215018136,0.317566898890904,0.0,0.0010255166462489536,0.06814030919756209,BBB web,1.2411553519112724
bigbluebutton\bbb-common-web\src\main\java\org\bigbluebutton\presentation\ThumbnailCreator.java,2.1349820818219865,0.014750865527561732,0.061820779527936666,2.4624302455357143,0.0,0.045422724315098355,Presentation Conversion,2.4624302455357143
bigbluebutton\akka-bbb-fsesl\src\main\java\org\bigbluebutton\freeswitch\voice\freeswitch\ConnectionManager.java,1.092886243547712,2312.335433959961,3371.1874389648438,0.043076365334647045,0.07146942956107004,0.33268607003348216,FreeSWITCH,3371.1874389648438
bigbluebutton\bbb-common-web\src\main\java\org\bigbluebutton\presentation\imp\PageToConvert.java,2.1880318777901784,0.01971337114061628,0.08925862312316894,2.136922345842634,0.0,0.04989870275769915,BBB web,2.1880318777901784
bigbluebutton\bbb-recording-imex\src\main\java\org\bigbluebutton\RecordingApp.java,1.1845857892717635,0.0324561493737357,0.31172616141183035,1.8305868966238839,0.0,0.10709622246878488,Presentation Conversion,1.8305868966238839
bigbluebutton\akka-bbb-apps\src\main\scala\org\bigbluebutton\core\util\jhotdraw\BezierPathIterator.java,1.1115769522530692,0.07106178828648159,0.11883370535714285,0.0,0.0,0.0623462336403983,BBB web,1.1115769522530692
bigbluebutton\akka-bbb-fsesl\src\main\java\org\bigbluebutton\freeswitch\voice\freeswitch\actions\HoldUserCommand.java,1.0874339512416296,2630.7509994506836,3617.2077560424805,0.0,0.0,0.13049259185791015,FreeSWITCH,3617.2077560424805
bigbluebutton\bbb-common-web\src\main\java\org\bigbluebutton\presentation\messages\PdfConversionInvalid.java,2.1626456124441966,0.061462838309151786,0.061230802536010744,2.294717189243862,0.05123822348458426,0.1533468655177525,Presentation Conversion,2.294717189243862
bigbluebutton\bbb-fsesl-client\src\test\java\org\freeswitch\esl\client\transport\message\EslFrameDecoderTest.java,1.172109876360212,2221.7847633361816,3073.803062438965,0.007772241319928851,1.1043268476213728,0.3656879425048828,FreeSWITCH,3073.803062438965
bigbluebutton\bbb-common-message\src\main\java\org\bigbluebutton\common2\redis\pubsub\MessageReceiver.java,1.0648434230259487,0.3021083286830357,0.10138641084943499,0.05394622598375593,3.7177869524274554,7.980036272321429,Redis PubSub,7.980036272321429
bigbluebutton\bbb-common-web\src\main\java\org\bigbluebutton\web\services\turn\StunTurnService.java,2.1488316127232143,0.012582139457975115,0.16370186124529157,0.021154098851340158,0.0,0.04296797003064837,BBB web,2.1488316127232143
bigbluebutton\bbb-common-web\src\main\java\org\bigbluebutton\api\messaging\MessageListener.java,2.13507559640067,0.05772992542811802,0.06183466230119978,0.0,0.0,0.13968470437186106,BBB web,2.13507559640067
bigbluebutton\bbb-common-web\src\main\java\org\bigbluebutton\api\model\entity\Metadata.java,2.130230494907924,0.035776948928833006,0.13757739748273576,0.0,0.004238007324082511,0.06588396344866071,BBB web,2.130230494907924
bigbluebutton\bbb-common-web\src\main\java\org\bigbluebutton\api\domain\Extensions.java,2.134176199776786,0.006278691973005022,0.06169955389840262,0.0,0.0,0.036899535996573314,BBB web,2.134176199776786
bigbluebutton\bbb-fsesl-client\src\main\java\org\freeswitch\esl\client\internal\HeaderParser.java,1.035181427001953,2705.420799255371,2944.3386840820312,0.0,0.004741647413798741,0.16165272848946707,FreeSWITCH,2944.3386840820312
bigbluebutton\bbb-common-web\src\main\java\org\bigbluebutton\presentation\messages\DocPageGeneratedProgress.java,2.1333121163504463,0.06052881649562291,0.061108854838779994,2.2595733642578124,0.05086068766457694,0.15142628805977956,Presentation Conversion,2.2595733642578124
bigbluebutton\bbb-common-web\src\main\java\org\bigbluebutton\api\messaging\messages\UserStatusChanged.java,2.133592224121094,0.09264985493251256,0.1897430283682687,0.0,0.05234560966491699,0.2097202709742955,BBB web,2.133592224121094
bigbluebutton\bbb-common-web\src\main\java\org\bigbluebutton\common\messages\MessageBuilder.java,2.1477281842912945,0.08990797315325055,0.16964484623500278,0.0,0.0,0.21008800779070172,BBB web,2.1477281842912945
bigbluebutton\akka-bbb-fsesl\src\main\java\org\bigbluebutton\freeswitch\voice\freeswitch\actions\GetUsersStatusCommand.java,1.1803369794573102,2082.6267051696777,3642.3276901245117,0.021338146073477608,0.0,0.23492559705461774,FreeSWITCH,3642.3276901245117
bigbluebutton\akka-bbb-fsesl\src\main\java\org\bigbluebutton\freeswitch\voice\commands\ConferenceCommand.java,1.0679762704031808,2694.343910217285,3508.834915161133,0.0,0.0,0.12932044437953405,FreeSWITCH,3508.834915161133
bigbluebutton\bbb-common-web\src\main\java\org\bigbluebutton\presentation\FileTypeConstants.java,2.4519494192940847,0.005896792667252677,0.07272377695356097,2.3449005126953124,0.0,0.03639298166547503,BBB web,2.4519494192940847
bigbluebutton\bbb-common-web\src\main\java\org\bigbluebutton\api\model\entity\PlaybackFormat.java,2.162751988002232,0.04871042115347726,0.15494380678449357,0.0,0.004248309135437012,0.10717505727495466,BBB web,2.162751988002232
bigbluebutton\bbb-common-web\src\main\java\org\bigbluebutton\api\messaging\messages\MeetingEnded.java,2.1346158708844865,0.0952531269618443,0.06176608630589076,0.0,0.052775607790265765,0.21479054859706334,BBB web,2.1346158708844865
bigbluebutton\bbb-common-web\src\main\java\org\bigbluebutton\api\domain\Poll.java,2.149125671386719,0.005454438924789429,0.1359433446611677,0.0,0.10115583283560617,0.03580624035426549,BBB web,2.149125671386719
bigbluebutton\bbb-recording-imex\src\main\java\org\bigbluebutton\RecordingExportHandler.java,1.2665214538574219,0.012761423417500087,0.1357267107282366,0.0,0.04725643907274519,0.04269249779837472,BBB web,1.2665214538574219
bigbluebutton\bbb-common-web\src\main\java\org\bigbluebutton\api\model\constraint\PasswordConstraint.java,2.136055210658482,0.04854371547698975,0.061647742135184154,0.0,0.0,0.10479357583182199,BBB web,2.136055210658482
bigbluebutton\bbb-common-web\src\main\java\org\bigbluebutton\api\model\constraint\GuestPolicyConstraint.java,2.1358710152762277,0.0688070433480399,0.17397774287632534,0.0,0.0,0.12482076372419085,BBB web,2.1358710152762277
bigbluebutton\bbb-fsesl-client\src\main\java\org\freeswitch\esl\client\example\HeartbeatThread.java,1.0753155299595425,2723.600654602051,2998.523368835449,0.026014373983655657,0.0,0.24655290331159319,FreeSWITCH,2998.523368835449
bigbluebutton\akka-bbb-fsesl\src\main\java\org\bigbluebutton\freeswitch\voice\freeswitch\actions\CheckIfConfIsRunningCommand.java,1.1043900626046317,2219.2415809631348,3770.2328872680664,0.05193745068141392,0.0,0.21467360087803433,FreeSWITCH,3770.2328872680664
bigbluebutton\bbb-common-web\src\main\java\org\bigbluebutton\api\RecordingServiceHelper.java,2.1508547101702007,0.006399577004568917,0.06179326602390834,0.0,0.0,0.037059879302978514,BBB web,2.1508547101702007
bigbluebutton\bbb-common-web\src\main\java\org\bigbluebutton\presentation\PageConverter.java,2.1816486903599333,0.01461341210774013,0.09036469459533691,2.5442539760044642,0.0,0.04527371610913958,Presentation Conversion,2.5442539760044642
bigbluebutton\bbb-common-web\src\main\java\org\bigbluebutton\api\ParamsProcessorUtil.java,2.270288739885603,0.024810286930629186,0.32706546783447266,1.0898868015834264,0.07760586057390485,0.16135405131748745,BBB web,2.270288739885603
bigbluebutton\bbb-common-web\src\main\java\org\bigbluebutton\api\domain\Group.java,2.2799388340541293,0.005987844296864101,0.11861844744001115,0.0,0.0,0.036513754299708774,BBB web,2.2799388340541293
bigbluebutton\bbb-common-web\src\main\java\org\bigbluebutton\api\model\constraint\Pattern.java,2.132887704031808,0.04156980173928397,0.061189310891287665,0.0353541510445731,0.0,0.09376138959612165,BBB web,2.132887704031808
bigbluebutton\bbb-common-web\src\main\java\org\bigbluebutton\web\services\WaitingGuestCleanupTimerTask.java,2.1359266008649556,0.0,0.061555910110473636,0.0,0.02857142857142857,0.03055656296866281,BBB web,2.1359266008649556
bigbluebutton\akka-bbb-fsesl\src\main\java\org\bigbluebutton\freeswitch\voice\events\VoiceUsersStatusEvent.java,1.0676719665527343,2748.022575378418,3438.554267883301,0.0,0.08938518251691546,0.20477749960763114,FreeSWITCH,3438.554267883301
bigbluebutton\akka-bbb-fsesl\src\main\java\org\bigbluebutton\freeswitch\voice\events\VoiceConfRunningAndRecordingEvent.java,1.1833934238978794,2748.022575378418,3580.312919616699,0.0,0.08938518251691546,0.32049895695277625,FreeSWITCH,3580.312919616699
bigbluebutton\bbb-common-web\src\main\java\org\bigbluebutton\presentation\messages\PresentationConvertMessage.java,2.1346158708844865,0.08442113058907645,0.06176608630589076,2.447054181780134,0.0,0.18058155604771206,Presentation Conversion,2.447054181780134
bigbluebutton\bbb-common-web\src\main\java\org\bigbluebutton\api\service\impl\RecordingServiceDbImpl.java,2.1504712785993303,0.01646394899913243,0.2910702569144113,1.0571428571428572,0.11497840881347657,0.07453915051051549,BBB web,2.1504712785993303
bigbluebutton\akka-bbb-fsesl\src\main\java\org\bigbluebutton\freeswitch\voice\ConferenceServerListener.java,1.067714364188058,2659.1188049316406,3549.040107727051,0.0,0.0,0.12780163628714425,FreeSWITCH,3549.040107727051
bigbluebutton\bbb-common-web\src\main\java\org\bigbluebutton\api\domain\Preview.java,2.134090532575335,0.006261794907706124,0.06168648174830845,0.0,0.0,0.03687712465013777,BBB web,2.134090532575335
bigbluebutton\bbb-common-web\src\main\java\org\bigbluebutton\api\util\MeetingsResponse.java,2.13452627999442,0.0063472041061946325,0.06175261906215123,0.0,0.05757272584097726,0.03699041094098773,BBB web,2.13452627999442
bigbluebutton\bbb-fsesl-client\src\test\java\org\freeswitch\esl\client\inbound\ClientTest.java,1.0783355712890625,2290.599021911621,2663.1565475463867,0.04074456010546003,0.05779722077505929,0.3118527276175363,FreeSWITCH,2663.1565475463867
bigbluebutton\bbb-common-web\src\main\java\org\bigbluebutton\api\util\DataStore.java,2.165419224330357,0.0026483012097222466,0.113712705884661,0.025052356719970702,0.08575984409877233,0.03208415848868234,BBB web,2.165419224330357
bigbluebutton\bbb-common-web\src\main\java\org\bigbluebutton\api\messaging\messages\StunTurnInfoRequested.java,2.1342625209263395,0.09436061041695731,0.061712700980050224,0.0,0.052630553926740375,0.21305193219866073,BBB web,2.1342625209263395
bigbluebutton\bbb-common-web\src\main\java\org\bigbluebutton\api\model\request\InsertDocument.java,2.1340358189174107,0.00583761419568743,0.06137610163007464,0.0,0.052315262385777064,0.03631448745727539,BBB web,2.1340358189174107
bigbluebutton\bbb-common-web\src\main\java\org\bigbluebutton\api\domain\UserSession.java,2.130109078543527,0.005403768164770944,0.3028193610055106,0.0601994514465332,0.08879626137869699,0.06431046213422503,BBB web,2.130109078543527
bigbluebutton\bbb-fsesl-client\src\main\java\org\freeswitch\esl\client\inbound\InboundClientHandler.java,1.0438658578055247,2805.6957244873047,3007.707290649414,0.02529016903468541,0.04908315454210554,0.3447329384940011,FreeSWITCH,3007.707290649414
bigbluebutton\bbb-common-web\src\main\java\org\bigbluebutton\web\services\KeepAliveService.java,2.1439913068498884,0.2185579708644322,0.2496358871459961,0.0201386707169669,0.0,3.826104300362723,Redis PubSub,3.826104300362723
bigbluebutton\bbb-common-web\src\main\java\org\bigbluebutton\api\messaging\converters\messages\KeepAliveMessage.java,2.19278324672154,0.0710625035422189,0.06167349134172712,0.0,0.0,0.16648985998971122,BBB web,2.19278324672154
bigbluebutton\bbb-common-web\src\main\java\org\bigbluebutton\api\messaging\converters\messages\DeletedRecordingMessage.java,2.19278324672154,0.0710625035422189,0.06167349134172712,0.0,0.06649077960423061,0.16648985998971122,BBB web,2.19278324672154
bigbluebutton\bbb-common-web\src\main\java\org\bigbluebutton\api\messaging\messages\MakePresentationDownloadableMsg.java,2.133592224121094,0.09264985493251256,0.06160967009408133,0.0,0.05234560966491699,0.2097202709742955,BBB web,2.133592224121094
bigbluebutton\bbb-common-web\src\main\java\org\bigbluebutton\api\model\constraint\list\PatternList.java,2.133431788853237,0.022449346951075963,0.06158465657915388,0.0,0.0,0.053021597862243655,BBB web,2.133431788853237
bigbluebutton\bbb-common-web\src\main\java\org\bigbluebutton\api\ApiErrors.java,2.163245064871652,0.02613600833075387,0.328551265171596,0.0,0.11062959262302943,0.14419775009155272,BBB web,2.163245064871652
bigbluebutton\bbb-common-web\src\main\java\org\bigbluebutton\presentation\imp\BigPdfException.java,2.2593863351004466,0.0,0.10847871644156319,2.351460920061384,0.0,0.030505994388035366,Presentation Conversion,2.351460920061384
bigbluebutton\bbb-common-web\src\main\java\org\bigbluebutton\presentation\handlers\Office2PdfConverterHandler.java,2.1352656773158483,0.0,0.06186268670218331,2.474187578473772,0.0,0.030689430236816407,Presentation Conversion,2.474187578473772
bigbluebutton\bbb-common-web\src\main\java\org\bigbluebutton\api\model\request\RequestWithChecksum.java,2.1330420357840403,0.006050124338694981,0.06152337619236537,0.0,0.0,0.036596362931387766,BBB web,2.1330420357840403
bigbluebutton\bbb-common-web\src\main\java\org\bigbluebutton\api2\IMeetingService.java,2.1305419921875,0.059552397046770365,0.2889044897896903,0.0,0.08454893657139369,0.2404621124267578,BBB web,2.1305419921875
bigbluebutton\akka-bbb-fsesl\src\main\java\org\bigbluebutton\freeswitch\voice\events\VoiceConfRunningEvent.java,1.233322252546038,2815.264434814453,3696.9495010375977,0.0,0.0912001473563058,0.3742103576660156,FreeSWITCH,3696.9495010375977
bigbluebutton\bbb-common-web\src\main\java\org\bigbluebutton\api\model\request\RequestParameters.java,2.13507559640067,0.0064528214079993115,0.06183466230119978,0.0,0.0,0.0371305022920881,BBB web,2.13507559640067
bigbluebutton\akka-bbb-fsesl\src\main\java\org\bigbluebutton\freeswitch\voice\events\VoiceUserLeftEvent.java,1.0681583949497768,2815.264434814453,3617.761573791504,0.0,0.0912001473563058,0.20904654094151087,FreeSWITCH,3617.761573791504
bigbluebutton\bbb-common-web\src\main\java\org\bigbluebutton\web\services\callback\DelayCallback.java,2.1752423967633927,0.08648621695382254,0.10103990691048759,0.0,0.04633182798113142,0.11696308680943081,BBB web,2.1752423967633927
bigbluebutton\bbb-common-web\src\main\java\org\bigbluebutton\api\model\validator\IsBooleanValidator.java,2.1331959315708704,0.00608175311769758,0.061547681263514925,0.0,0.0,0.036638314383370535,BBB web,2.1331959315708704
bigbluebutton\bbb-fsesl-client\src\main\java\org\freeswitch\esl\client\manager\DefaultManagerConnection.java,1.0348445347377233,2640.816650390625,2897.6660537719727,0.0,0.003946583611624582,0.1614464623587472,FreeSWITCH,2897.6660537719727
bigbluebutton\bbb-common-web\src\main\java\org\bigbluebutton\api\messaging\messages\UserJoined.java,2.132043021065848,0.15001779283796038,0.1873535292489188,0.0,0.051628766741071426,0.29180586678641185,BBB web,2.132043021065848
bigbluebutton\bbb-common-web\src\main\java\org\bigbluebutton\presentation\imp\ThumbnailCreatorImp.java,2.2759242466517855,0.043885019847324916,0.166967282976423,1.8519917079380581,0.036511380331856864,0.08506302833557129,BBB web,2.2759242466517855
bigbluebutton\bbb-common-web\src\main\java\org\bigbluebutton\api\model\constraint\MeetingNameConstraint.java,2.1473314557756695,0.16039679391043526,0.22273590905325755,0.0,0.06066736493791853,0.39694837842668806,BBB web,2.1473314557756695
bigbluebutton\bbb-common-message\src\main\java\org\bigbluebutton\common2\redis\Keys.java,1.0680211748395647,0.13401521955217635,0.06168648174830845,0.0,4.085531180245535,4.295336478097099,Redis PubSub,4.295336478097099
bigbluebutton\bbb-common-web\src\main\java\org\bigbluebutton\presentation\imp\PresentationToConvert.java,2.134090532575335,0.019161905561174666,0.06168648174830845,2.4246106828962053,0.0,0.0497772353036063,Presentation Conversion,2.4246106828962053
bigbluebutton\akka-bbb-fsesl\src\main\java\org\bigbluebutton\freeswitch\voice\freeswitch\actions\CheckFreeswitchStatusCommand.java,1.0668040684291296,2576.828269958496,3662.3684692382812,0.021994846207754954,0.0,0.15667845862252372,FreeSWITCH,3662.3684692382812
bigbluebutton\bbb-common-web\src\main\java\org\bigbluebutton\api\model\constraint\UserSessionConstraint.java,2.1356434413364958,0.05212201050349644,0.26050028119768415,0.0,0.0,0.16941773550851005,BBB web,2.1356434413364958
bigbluebutton\bbb-common-web\src\main\java\org\bigbluebutton\api\model\validator\GuestPolicyValidator.java,2.1328907557896204,0.006018823385238648,0.11864220755440848,0.0713460854121617,0.02857142857142857,0.036554844038827077,BBB web,2.1328907557896204
bigbluebutton\bbb-common-web\src\main\java\org\bigbluebutton\web\services\turn\TurnServer.java,2.1352384294782367,0.0,0.15183947426932198,0.0,0.0,0.03030308995928083,BBB web,2.1352384294782367
bigbluebutton\bbb-common-web\src\main\java\org\bigbluebutton\api\model\validator\PasswordValidator.java,2.1320589338030134,0.11381758281162807,0.07247618266514369,0.02221558094024658,0.0,0.25227443150111606,BBB web,2.1320589338030134
bigbluebutton\bbb-common-web\src\main\java\org\bigbluebutton\presentation\UploadedPresentation.java,2.1281956263950894,0.0,0.060687194551740375,3.1940652029854912,0.05116046496800014,0.05875676018851144,Presentation Conversion,3.1940652029854912
bigbluebutton\bbb-common-web\src\main\java\org\bigbluebutton\api\util\ParamsUtil.java,2.213549586704799,0.005454438924789429,0.06904322760445732,0.015946766308375767,0.04739422116960798,0.03580624035426549,BBB web,2.213549586704799
bigbluebutton\bbb-common-message\src\main\java\org\bigbluebutton\common2\redis\pubsub\MessageSender.java,1.0759422302246093,0.3244339806692941,0.10076973778860909,0.041560935974121097,3.9936109270368303,8.538581194196428,Redis PubSub,8.538581194196428
bigbluebutton\bbb-common-web\src\main\java\org\bigbluebutton\presentation\handlers\PdfFontType3DetectorHandler.java,2.1631153651646207,0.0,0.07192423684256417,2.4636058262416296,0.0,0.030643207686288015,Presentation Conversion,2.4636058262416296
bigbluebutton\bbb-common-web\src\main\java\org\bigbluebutton\presentation\handlers\Png2SvgConversionHandler.java,2.1352656773158483,0.0,0.06186268670218331,2.474187578473772,0.0,0.030689430236816407,Presentation Conversion,2.474187578473772
bigbluebutton\akka-bbb-fsesl\src\main\java\org\bigbluebutton\freeswitch\voice\events\VoiceUserMutedEvent.java,1.0679316929408482,2783.8978958129883,3591.191940307617,0.0,0.09036191531590053,0.20706633159092494,FreeSWITCH,3591.191940307617
bigbluebutton\bbb-common-web\src\main\java\org\bigbluebutton\api\domain\GuestPolicy.java,2.134090532575335,0.006261794907706124,0.06168648174830845,0.09125434330531529,0.0,0.03687712465013777,BBB web,2.134090532575335
bigbluebutton\bbb-common-web\src\main\java\org\bigbluebutton\presentation\messages\DocPageCountFailed.java,2.1346197945731027,0.06211645943777902,0.06131646292550223,2.319310215541295,0.05149709837777274,0.15469086510794502,Presentation Conversion,2.319310215541295
bigbluebutton\bbb-common-message\src\main\java\org\bigbluebutton\common2\redis\pubsub\MessageDistributor.java,1.069596208844866,0.2563122885567801,0.09011929375784737,0.0,3.8973240443638395,8.581433977399554,Redis PubSub,8.581433977399554
bigbluebutton\bbb-common-web\src\main\java\org\bigbluebutton\api\messaging\messages\KeepAliveReply.java,2.1339215959821427,0.12206464494977678,0.09023200443812779,0.0,0.0,0.21136255264282228,BBB web,2.1339215959821427
bigbluebutton\akka-bbb-fsesl\src\main\java\org\bigbluebutton\freeswitch\voice\freeswitch\actions\EjectUserCommand.java,1.0678436279296875,2681.2199783325195,3647.3515701293945,0.0,0.0,0.1324056352887835,FreeSWITCH,3647.3515701293945
bigbluebutton\bbb-common-web\src\main\java\org\bigbluebutton\presentation\imp\OfficeToPdfConversionService.java,2.3092080252511162,0.04232781273978097,0.10834676197596958,4.208143833705357,0.04601766722542899,0.1572077342442104,Presentation Conversion,4.208143833705357
bigbluebutton\akka-bbb-fsesl\src\main\java\org\bigbluebutton\freeswitch\voice\events\VoiceCallStateEvent.java,1.0672375270298549,2686.7992782592773,3576.092529296875,0.0,0.08767245837620326,0.229381833757673,FreeSWITCH,3576.092529296875
bigbluebutton\bbb-common-web\src\main\java\org\bigbluebutton\presentation\PageExtractor.java,2.1349820818219865,0.0,0.09039220809936524,2.4624302455357143,0.0,0.03067185538155692,Presentation Conversion,2.4624302455357143
bigbluebutton\bbb-common-web\src\main\java\org\bigbluebutton\presentation\messages\DocConversionProgress.java,2.1346197945731027,0.06211645943777902,0.06131646292550223,2.319310215541295,0.05149709837777274,0.15469086510794502,Presentation Conversion,2.319310215541295
bigbluebutton\bbb-common-web\src\main\java\org\bigbluebutton\presentation\imp\TextFileCreatorImp.java,2.2756918770926338,0.04911797387259347,0.1761047499520438,2.0147059849330358,0.03877054623195103,0.09379232951572963,BBB web,2.2756918770926338
bigbluebutton\bbb-common-web\src\main\java\org\bigbluebutton\api\model\constraint\MeetingExistsConstraint.java,2.135520281110491,0.06089012963431222,0.09017690249851772,0.0,0.05283662591661726,0.1164435795375279,BBB web,2.135520281110491
bigbluebutton\bbb-fsesl-client\src\main\java\org\freeswitch\esl\client\internal\debug\ChannelEventRunnable.java,1.036660875592913,2980.4140090942383,3158.2119369506836,0.01817223003932408,0.0,0.20504940577915737,FreeSWITCH,3158.2119369506836
bigbluebutton\akka-bbb-fsesl\src\main\java\org\bigbluebutton\freeswitch\voice\commands\RecordCommand.java,1.0682518005371093,2731.4964294433594,3540.1963806152344,0.0,0.0,0.1309103148324149,FreeSWITCH,3540.1963806152344
bigbluebutton\bbb-common-web\src\main\java\org\bigbluebutton\api\model\validator\MeetingExistsValidator.java,2.1320589338030134,0.00583761419568743,0.08577006884983608,0.02221558094024658,0.08555662972586496,0.03631448745727539,BBB web,2.1320589338030134
bigbluebutton\bbb-common-web\src\main\java\org\bigbluebutton\api\domain\RecordingMetadata.java,2.13245108468192,0.005926833833966937,0.06142886706760951,0.0,0.0,0.0364328282220023,BBB web,2.13245108468192
bigbluebutton\akka-bbb-fsesl\src\main\java\org\bigbluebutton\freeswitch\voice\freeswitch\response\ConferenceMemberFlags.java,1.067757088797433,2669.664306640625,3675.564765930176,0.0,0.0,0.13196983337402343,FreeSWITCH,3675.564765930176
bigbluebutton\bbb-common-web\src\main\java\org\bigbluebutton\api\messaging\converters\messages\CreateMeetingMessage.java,2.175878688267299,0.06279533931187221,0.17503674370901925,1.0571428571428572,0.07323560033525739,0.1507739748273577,BBB web,2.175878688267299
bigbluebutton\bbb-common-web\src\main\java\org\bigbluebutton\api\domain\LockSettingsParams.java,2.1323091779436383,0.005896792667252677,0.06140589032854352,0.0,0.0,0.03639298166547503,BBB web,2.1323091779436383
bigbluebutton\bbb-recording-imex\src\main\java\org\bigbluebutton\RecordingImportHandler.java,1.1372594560895648,0.012000679118292673,0.1520404815673828,0.021174480233873638,0.07526129313877651,0.0856623649597168,BBB web,1.1372594560895648
bigbluebutton\bbb-common-web\src\main\java\org\bigbluebutton\presentation\imp\PresentationFileProcessor.java,2.225701468331473,0.04058656692504883,0.22478951045445034,4.323870849609375,0.03960559027535575,0.3448633466448103,Presentation Conversion,4.323870849609375
bigbluebutton\bbb-common-web\src\main\java\org\bigbluebutton\api\messaging\messages\UserListeningOnly.java,2.1339215959821427,0.09349322319030762,0.16164539882114956,0.0,0.05248723370688302,0.21136255264282228,BBB web,2.1339215959821427
bigbluebutton\bbb-common-web\src\main\java\org\bigbluebutton\api\messaging\messages\EndMeeting.java,2.1346158708844865,0.0952531269618443,0.06176608630589076,0.0,0.052775607790265765,0.21479054859706334,BBB web,2.1346158708844865
bigbluebutton\akka-bbb-fsesl\src\main\java\org\bigbluebutton\freeswitch\voice\events\FreeswitchStatusReplyEvent.java,1.0678001403808595,2765.728187561035,3453.507080078125,0.0,0.08986966269356864,0.20591034208025252,FreeSWITCH,3453.507080078125
bigbluebutton\bbb-common-web\src\main\java\org\bigbluebutton\api\model\request\MeetingRunning.java,2.1340358189174107,0.00583761419568743,0.06137610163007464,0.0,0.052315262385777064,0.03631448745727539,BBB web,2.1340358189174107
bigbluebutton\bbb-common-web\src\main\java\org\bigbluebutton\api2\RecordingServiceGW.java,2.1333524431501116,0.04103248459952218,0.0615722588130406,0.0,1.2374598911830357,1.2823522295270646,BBB web,2.1333524431501116
bigbluebutton\bbb-common-web\src\main\java\org\bigbluebutton\api\messaging\MessageDistributor.java,2.135520281110491,0.06741912705557687,0.09016859872000559,0.0,0.0,0.15026427677699497,BBB web,2.135520281110491
bigbluebutton\bbb-common-web\src\main\java\org\bigbluebutton\presentation\messages\PageConvertProgressMessage.java,2.133592224121094,0.06433753967285157,0.06160967009408133,2.402880423409598,0.05234560966491699,0.15925791604178294,Presentation Conversion,2.402880423409598
bigbluebutton\bbb-common-web\src\main\java\org\bigbluebutton\presentation\imp\PresentationConversionCompletionService.java,2.1448961530412944,0.09604738099234444,0.13631320680890766,5.17378409249442,0.04337000846862793,0.3668887274605887,Presentation Conversion,5.17378409249442
bigbluebutton\bbb-common-web\src\main\java\org\bigbluebutton\presentation\messages\DocPageCompletedProgress.java,2.133813040597098,0.0611454895564488,0.061189310891287665,2.282776532854353,0.05111096245901925,0.15269432067871094,Presentation Conversion,2.282776532854353
bigbluebutton\bbb-fsesl-client\src\main\java\org\freeswitch\esl\client\transport\SendMsg.java,1.0945570809500558,2800.6897354125977,3036.056137084961,0.0,0.03505442823682513,0.29146148136683875,FreeSWITCH,3036.056137084961
bigbluebutton\bbb-common-web\src\main\java\org\bigbluebutton\presentation\ConversionMessageConstants.java,2.1603347778320314,0.0,0.06131646292550223,3.3764530726841517,0.0,0.059029367991856166,Presentation Conversion,3.3764530726841517
bigbluebutton\bbb-common-web\src\main\java\org\bigbluebutton\presentation\imp\CountingPageException.java,2.13259517124721,0.0,0.06145209584917341,2.358088902064732,0.0,0.030515902382986886,Presentation Conversion,2.358088902064732
bigbluebutton\bbb-common-web\src\main\java\org\bigbluebutton\api\model\constraint\NotEmpty.java,2.1346653529575894,0.04918248312813895,0.09003148760114398,0.0,0.0,0.10365076746259416,BBB web,2.1346653529575894
bigbluebutton\bbb-common-web\src\main\java\org\bigbluebutton\presentation\handlers\AbstractCommandHandler.java,2.157857840401786,0.0,0.06832355771745954,2.2098273141043525,0.0,0.08735748018537248,Presentation Conversion,2.2098273141043525
bigbluebutton\bbb-common-web\src\main\java\org\bigbluebutton\api\messaging\messages\UserJoinedVoice.java,2.1339215959821427,0.09349322319030762,0.16164539882114956,0.0,0.05248723370688302,0.21136255264282228,BBB web,2.1339215959821427
bigbluebutton\bbb-common-web\src\main\java\org\bigbluebutton\api2\IRecordingService.java,2.13125,0.008500495978764126,0.061230802536010744,0.0,0.04391629695892334,0.06749310493469238,BBB web,2.13125
bigbluebutton\bbb-common-web\src\main\java\org\bigbluebutton\common\messages\BbbAppsIsAliveMessage.java,2.147835431780134,0.0827887875693185,0.1559347288949149,0.0,0.0,0.19579082216535296,BBB web,2.147835431780134
bigbluebutton\bbb-fsesl-client\src\main\java\org\freeswitch\esl\client\internal\AbstractEslClientHandler.java,1.0959572928292411,2392.837677001953,2703.1008529663086,0.03882935728345598,0.023002987248556955,0.4015579768589565,FreeSWITCH,2703.1008529663086
bigbluebutton\bbb-common-web\src\main\java\org\bigbluebutton\api\model\request\Stuns.java,2.133161926269531,0.0056669967515128,0.11838836669921875,0.0,0.04391629695892334,0.036088180541992185,BBB web,2.133161926269531
bigbluebutton\bbb-common-web\src\main\java\org\bigbluebutton\api\model\entity\Thumbnail.java,2.125300816127232,0.030383205413818358,0.13409957885742188,0.0,0.004217350057193211,0.06031428064618792,BBB web,2.125300816127232
bigbluebutton\bbb-common-web\src\main\java\org\bigbluebutton\api\messaging\converters\messages\UnpublishedRecordingMessage.java,2.19278324672154,0.0710625035422189,0.06167349134172712,0.0,0.06649077960423061,0.16648985998971122,BBB web,2.19278324672154
bigbluebutton\bbb-fsesl-client\src\main\java\org\freeswitch\esl\client\transport\message\EslFrameDecoder.java,1.0469905308314733,2475.958938598633,2691.7112731933594,0.021672398703438896,0.004175625528608049,0.26020840236118864,FreeSWITCH,2691.7112731933594
bigbluebutton\akka-bbb-fsesl\src\main\java\org\bigbluebutton\freeswitch\voice\freeswitch\ESLEventListener.java,1.26043940952846,1739.2627716064453,3075.515785217285,0.018721680981772286,0.0542184625353132,0.39590582166399274,FreeSWITCH,3075.515785217285
bigbluebutton\bbb-common-web\src\main\java\org\bigbluebutton\api\model\shared\ChecksumValidationGroup.java,2.135170200892857,0.006470767089298793,0.061848626817975726,0.0,0.06147749764578683,0.03715430668422154,BBB web,2.135170200892857
bigbluebutton\bbb-common-web\src\main\java\org\bigbluebutton\api\IReceivedOldMessageHandler.java,2.135274832589286,0.030646426337105886,0.06186268670218331,0.0,0.0,0.08549346923828124,BBB web,2.135274832589286
bigbluebutton\bbb-common-web\src\main\java\org\bigbluebutton\presentation\TextFileCreator.java,2.135170200892857,0.014890929630824497,0.061848626817975726,2.4702466692243306,0.0,0.04557447092873709,Presentation Conversion,2.4702466692243306
bigbluebutton\akka-bbb-fsesl\src\main\java\org\bigbluebutton\freeswitch\voice\events\VoiceStartRecordingEvent.java,1.067629895891462,2742.2208404541016,3433.624382019043,0.0,0.13928768975394112,0.2044048990522112,FreeSWITCH,3433.624382019043
bigbluebutton\bbb-common-web\src\main\java\org\bigbluebutton\api\domain\CaptionTrack.java,2.133838108607701,0.006211643559592111,0.061647742135184154,0.0,0.0,0.036810602460588725,BBB web,2.133838108607701
bigbluebutton\bbb-common-web\src\main\java\org\bigbluebutton\api\service\ValidationService.java,2.137746320452009,0.03261213983808245,0.1821000371660505,0.0066512959344046454,0.02857142857142857,0.10205691882542202,BBB web,2.137746320452009
bigbluebutton\bbb-common-web\src\main\java\org\bigbluebutton\api\domain\Recordings.java,2.1507210867745536,0.006018823385238648,0.061499350411551336,0.0,0.055559730529785155,0.036554844038827077,BBB web,2.1507210867745536
bigbluebutton\bbb-common-web\src\main\java\org\bigbluebutton\api\messaging\messages\UserRoleChanged.java,2.13393314906529,0.09349322319030762,0.16164539882114956,0.0,0.05248723370688302,0.21136255264282228,BBB web,2.13393314906529
bigbluebutton\bbb-common-web\src\main\java\org\bigbluebutton\presentation\PageCounter.java,2.1352656773158483,0.0,0.06186268670218331,2.5589045933314734,0.0,0.030689430236816407,Presentation Conversion,2.5589045933314734
bigbluebutton\bbb-common-web\src\main\java\org\bigbluebutton\api\messaging\messages\PrivateGuestLobbyMessageChanged.java,2.1339215959821427,0.12797057288033623,0.06166057586669922,0.0,0.05248723370688302,0.28031725202287944,BBB web,2.1339215959821427
bigbluebutton\bbb-common-web\src\main\java\org\bigbluebutton\presentation\handlers\PdfPageCounterHandler.java,2.1609000069754463,0.0,0.07262628419058663,2.3673413957868306,0.0,0.030496188572474887,Presentation Conversion,2.3673413957868306
bigbluebutton\akka-bbb-fsesl\src\main\java\org\bigbluebutton\freeswitch\voice\freeswitch\actions\BroadcastConferenceCommand.java,1.0672277178083147,2634.1775131225586,3632.6623153686523,0.0,0.050700231960841585,0.15785388946533202,FreeSWITCH,3632.6623153686523
bigbluebutton\bbb-common-web\src\main\java\org\bigbluebutton\api2\domain\VoiceProp2.java,2.134176199776786,0.009418039662497385,0.11884241104125977,0.0,0.0,0.04003888538905553,BBB web,2.134176199776786
bigbluebutton\akka-bbb-apps\src\main\scala\org\bigbluebutton\core\util\jhotdraw\PathCommands.java,1.169425528390067,0.10721075875418527,0.15574814932686942,0.0,0.0,0.07501661436898367,BBB web,1.169425528390067
bigbluebutton\bbb-common-web\src\main\java\org\bigbluebutton\api\domain\Breakout.java,2.13327396937779,0.006097691399710519,0.06155993597848075,0.0,0.052205651147024974,0.03665945529937744,BBB web,2.13327396937779
bigbluebutton\bbb-common-web\src\main\java\org\bigbluebutton\api\model\constraint\MeetingIDConstraint.java,2.1473482404436384,0.15870840890066965,0.19369393757411413,0.0,0.060485124588012695,0.37933741978236607,BBB web,2.1473482404436384
bigbluebutton\bbb-common-web\src\main\java\org\bigbluebutton\api\model\request\GetJoinUrl.java,2.1340358189174107,0.00583761419568743,0.11851895196097238,0.0,0.0,0.03631448745727539,BBB web,2.1340358189174107
bigbluebutton\bbb-fsesl-client\src\main\java\org\freeswitch\esl\client\transport\CommandResponse.java,1.0369188581194198,3030.944404602051,3181.996192932129,0.0,0.0,0.1790874753679548,FreeSWITCH,3181.996192932129
bigbluebutton\bbb-fsesl-client\src\main\java\org\freeswitch\esl\client\transport\message\EslMessage.java,1.0592679704938617,2737.1729278564453,3027.9697036743164,0.014875185489654542,0.004478635106767927,0.21349261147635323,FreeSWITCH,3027.9697036743164
bigbluebutton\bbb-common-web\src\main\java\org\bigbluebutton\api\messaging\messages\RegisterUser.java,2.131260899135045,0.08648603303091866,0.061230802536010744,0.0,0.05123822348458426,0.19772624969482422,BBB web,2.131260899135045
bigbluebutton\bbb-common-web\src\main\java\org\bigbluebutton\presentation\handlers\ImageResizerHandler.java,2.1348151070731025,0.0,0.07210706302097865,2.475327410016741,0.0,0.0306603022984096,Presentation Conversion,2.475327410016741
bigbluebutton\bbb-fsesl-client\src\main\java\org\freeswitch\esl\client\internal\debug\ExecutionHandler.java,1.035770743233817,2828.7427139282227,3051.3539505004883,0.0,0.0,0.2546701431274414,FreeSWITCH,3051.3539505004883
bigbluebutton\akka-bbb-fsesl\src\main\java\org\bigbluebutton\freeswitch\voice\freeswitch\actions\GetAllUsersCommand.java,1.1078175136021204,2240.4723739624023,3826.510543823242,0.03906541211264474,0.0,0.18380816323416574,FreeSWITCH,3826.510543823242
bigbluebutton\bbb-common-web\src\main\java\org\bigbluebutton\api\model\request\LearningDashboard.java,2.1340358189174107,0.00583761419568743,0.11851895196097238,0.0,0.0,0.03631448745727539,BBB web,2.1340358189174107
bigbluebutton\bbb-common-web\src\main\java\org\bigbluebutton\api\messaging\messages\UpdateRecordingStatus.java,2.1342625209263395,0.09436061041695731,0.061712700980050224,0.0,0.052630553926740375,0.21305193219866073,BBB web,2.1342625209263395
bigbluebutton\bbb-recording-imex\src\test\java\org\bigbluebutton\RecordingStoreTest.java,1.0667912074497767,0.0,0.07420122282845633,0.0,0.027600509779793874,0.030158356257847376,BBB web,1.0667912074497767
bigbluebutton\bbb-common-web\src\main\java\org\bigbluebutton\presentation\ConversionUpdateMessage.java,2.185284423828125,0.05542722429547991,0.1721775736127581,3.694921875,0.0,0.1500586918422154,Presentation Conversion,3.694921875
bigbluebutton\bbb-fsesl-client\src\main\java\org\freeswitch\esl\client\outbound\example\SimpleHangupOutboundHandler.java,1.0797940935407366,2676.5971755981445,3013.724250793457,0.02665455000741141,0.056847541672842845,0.418106324332101,FreeSWITCH,3013.724250793457
bigbluebutton\bbb-common-web\src\main\java\org\bigbluebutton\api\model\request\JoinMeeting.java,2.12892826625279,0.027418223449162074,0.2924754823957171,0.0,0.04887559413909912,0.11097991807120187,BBB web,2.12892826625279
bigbluebutton\bbb-common-web\src\main\java\org\bigbluebutton\api\messaging\messages\PositionInWaitingQueueUpdated.java,2.1340057373046877,0.09370777266366141,0.06167349134172712,0.0,0.05252290453229632,0.21178038460867746,BBB web,2.1340057373046877
bigbluebutton\bbb-fsesl-client\src\main\java\org\freeswitch\esl\client\outbound\AbstractOutboundClientHandler.java,1.036004638671875,2970.8856201171875,3187.1084594726562,0.04857019015720913,0.03476031167166574,0.44584342411586214,FreeSWITCH,3187.1084594726562
bigbluebutton\bbb-common-web\src\main\java\org\bigbluebutton\web\services\turn\TurnEntry.java,2.136287798200335,0.0,0.09019371441432408,0.0,0.0,0.03058819089617048,BBB web,2.136287798200335
bigbluebutton\bbb-common-web\src\main\java\org\bigbluebutton\api\model\validator\IsIntegralValidator.java,2.133592224121094,0.006162289636475699,0.06160967009408133,0.0,0.0,0.03674513953072684,BBB web,2.133592224121094
bigbluebutton\bbb-fsesl-client\src\main\java\org\freeswitch\esl\client\manager\internal\ManagerConnectionImpl.java,1.0353770664760045,2847.3765182495117,3025.875930786133,0.015286059038979666,0.047147389820643835,0.3019857679094587,FreeSWITCH,3025.875930786133
bigbluebutton\bbb-common-web\src\main\java\org\bigbluebutton\presentation\imp\PageExtractorImp.java,2.16192387172154,0.0,0.09014368738446916,2.392272295270647,0.0,0.030566995484488352,Presentation Conversion,2.392272295270647
bigbluebutton\bbb-common-web\src\main\java\org\bigbluebutton\api\model\request\SignOut.java,2.1340358189174107,0.00583761419568743,0.11851895196097238,0.0,0.0,0.03631448745727539,BBB web,2.1340358189174107
bigbluebutton\bbb-common-web\src\main\java\org\bigbluebutton\presentation\imp\PdfPageDownscaler.java,2.161478097098214,0.0,0.06180532319205148,2.3647846766880583,1.0571428571428572,0.03069077900477818,Presentation Conversion,2.3647846766880583
bigbluebutton\bbb-common-web\src\main\java\org\bigbluebutton\api\service\impl\RecordingServiceFileImpl.java,2.166379656110491,0.043026787894112725,0.23196721758161273,1.6485164097377232,1.2184799194335938,1.2342115129743303,BBB web,2.166379656110491
bigbluebutton\bbb-common-web\src\main\java\org\bigbluebutton\api\messaging\ReceivedMessage.java,2.1346158708844865,0.06896272386823382,0.06176608630589076,0.0,0.0,0.16220975603376117,BBB web,2.1346158708844865
bigbluebutton\bbb-common-web\src\main\java\org\bigbluebutton\api\messaging\converters\messages\PublishedRecordingMessage.java,2.19278324672154,0.0710625035422189,0.06167349134172712,0.0,0.06649077960423061,0.16648985998971122,BBB web,2.19278324672154
bigbluebutton\bbb-common-web\src\main\java\org\bigbluebutton\web\services\KeepAlivePong.java,2.1366178240094866,0.02857142857142857,0.09025791031973703,0.0,0.0,0.03061532974243164,BBB web,2.1366178240094866
bigbluebutton\bbb-common-web\src\main\java\org\bigbluebutton\api\model\constraint\JoinPasswordConstraint.java,2.135345241001674,0.030854313714163643,0.22701046807425362,0.0,0.0,0.14450956072126117,BBB web,2.135345241001674
bigbluebutton\bbb-common-web\src\main\java\org\bigbluebutton\api\model\validator\GetChecksumValidator.java,2.1272975376674106,0.004704500947679792,0.22879600524902344,0.02592097520828247,0.0,0.13096095493861606,BBB web,2.1272975376674106
bigbluebutton\bbb-common-web\src\main\java\org\bigbluebutton\api\domain\Metadata.java,2.1541495186941964,0.015031736237662179,0.0900139195578439,0.0,0.0,0.045588299206324984,BBB web,2.1541495186941964
bigbluebutton\bbb-common-web\src\main\java\org\bigbluebutton\api\model\constraint\PostChecksumConstraint.java,2.1359710693359375,0.031732821464538576,0.09024034908839634,0.0,0.0,0.0878640992300851,BBB web,2.1359710693359375
bigbluebutton\bbb-common-web\src\main\java\org\bigbluebutton\api\model\request\GuestWait.java,2.133444431849888,0.005722750084740775,0.11843096869332449,0.0,0.044154541833060126,0.036162131173270086,BBB web,2.133444431849888
bigbluebutton\bbb-common-web\src\main\java\org\bigbluebutton\presentation\imp\SvgImageCreatorImp.java,2.2786359514508927,0.05864645412990025,0.2681933266775949,1.5036260332380023,0.037509339196341376,0.28254519871303013,BBB web,2.2786359514508927
bigbluebutton\bbb-common-web\src\main\java\org\bigbluebutton\api\model\validator\SizeValidator.java,2.1526480538504464,0.00608175311769758,0.061920854023524693,0.0,0.0,0.036638314383370535,BBB web,2.1526480538504464
bigbluebutton\bbb-common-web\src\main\java\org\bigbluebutton\presentation\imp\OfficeDocumentValidator.java,2.176247950962612,0.050876832008361815,0.1239422253199986,2.1057381766183036,0.044857662064688546,0.10421268599373953,BBB web,2.176247950962612
bigbluebutton\akka-bbb-fsesl\src\main\java\org\bigbluebutton\freeswitch\voice\events\AudioFloorChangedEvent.java,1.067714364188058,2753.873710632324,3443.5111236572266,0.0,0.08954582214355469,0.2051525797162737,FreeSWITCH,3443.5111236572266
bigbluebutton\bbb-common-message\src\main\java\org\bigbluebutton\common2\redis\pubsub\MessageToSend.java,1.0680665152413504,0.256256103515625,0.06169955389840262,0.0,4.004622977120536,8.820941162109374,Redis PubSub,8.820941162109374
bigbluebutton\bbb-common-web\src\main\java\org\bigbluebutton\presentation\imp\OfficeDocumentValidator2.java,2.2293788364955356,0.03923092910221645,0.26997849600655693,2.2577970232282367,0.042826577595302034,0.17109847749982562,Presentation Conversion,2.2577970232282367
bigbluebutton\akka-bbb-fsesl\src\main\java\org\bigbluebutton\freeswitch\voice\IVoiceConferenceService.java,1.1843165806361606,2462.83634185791,3535.6090927124023,0.0,0.0,0.3019747597830636,FreeSWITCH,3535.6090927124023
bigbluebutton\bbb-common-web\src\main\java\org\bigbluebutton\web\services\callback\MeetingEndedEvent.java,2.154366193498884,0.0,0.09016855784824916,0.0,0.049780777522495816,0.03057753699166434,BBB web,2.154366193498884
bigbluebutton\bbb-common-web\src\main\java\org\bigbluebutton\api\messaging\messages\UserSharedWebcam.java,2.1339215959821427,0.09349322319030762,0.19021682739257811,0.0,0.05248723370688302,0.21136255264282228,BBB web,2.1339215959821427
bigbluebutton\bbb-common-message\src\main\java\org\bigbluebutton\common2\redis\pubsub\ReceivedMessage.java,1.0678436279296875,0.2538614000592913,0.061634976523263114,0.0,3.9653839111328124,8.734907749720982,Redis PubSub,8.734907749720982
bigbluebutton\akka-bbb-fsesl\src\main\java\org\bigbluebutton\freeswitch\voice\freeswitch\actions\RecordConferenceCommand.java,1.0672277178083147,2634.1775131225586,3632.6623153686523,0.0,0.050700231960841585,0.15785388946533202,FreeSWITCH,3632.6623153686523
bigbluebutton\bigbluebutton-web\test\groovy\org\bigbluebutton\api\messaging\NullMessagingService.java,1.0958473205566406,0.005867053781236921,0.11847194944109235,0.0,0.1323791640145438,0.03652675151824951,BBB web,1.0958473205566406
bigbluebutton\bbb-common-web\src\main\java\org\bigbluebutton\api2\domain\Meeting2.java,2.13031005859375,0.00818165966442653,0.17535555703299385,0.0,0.05368398598262242,0.03853346279689244,BBB web,2.13031005859375
bigbluebutton\bbb-common-web\src\main\java\org\bigbluebutton\api\model\entity\CallbackData.java,2.154304722377232,0.03157172543661935,0.16341165815080916,0.0,0.05562475408826555,0.06154289245605469,BBB web,2.154304722377232
bigbluebutton\akka-bbb-apps\src\main\scala\org\bigbluebutton\core\util\jhotdraw\BezierWrapper.java,1.1853045872279575,0.09425767489842006,0.16267472675868444,0.0,0.0,0.07056980814252581,BBB web,1.1853045872279575
bigbluebutton\bbb-common-web\src\main\java\org\bigbluebutton\api\util\RecordingMetadataReaderHelper.java,2.1321116856166293,0.04005635125296456,0.06108369827270508,0.0,1.3418055943080358,1.3852808271135604,BBB web,2.1321116856166293
bigbluebutton\bbb-common-web\src\main\java\org\bigbluebutton\api\model\validator\UserSessionValidator.java,2.1335115705217635,0.006146012033735003,0.11873998641967773,0.0,0.0,0.036723549025399344,BBB web,2.1335115705217635
bigbluebutton\bbb-common-web\src\main\java\org\bigbluebutton\api\LearningDashboardService.java,2.1849195207868304,0.022250618253435408,0.14835707800728934,0.020639382089887345,0.07883852549961635,0.052357632773263114,BBB web,2.1849195207868304
bigbluebutton\bbb-common-web\src\main\java\org\bigbluebutton\presentation\handlers\SvgConversionHandler.java,2.158699907575335,0.0,0.09992755481175014,2.2577970232282367,0.0,0.030335262843540736,Presentation Conversion,2.2577970232282367
bigbluebutton\bbb-common-web\src\main\java\org\bigbluebutton\api\domain\Image.java,2.1327416556222096,0.005987844296864101,0.06150921412876674,0.0,0.0,0.036513754299708774,BBB web,2.1327416556222096
bigbluebutton\bbb-common-web\src\main\java\org\bigbluebutton\presentation\messages\DocPageCountExceeded.java,2.133813040597098,0.0611454895564488,0.061189310891287665,2.282776532854353,0.05111096245901925,0.15269432067871094,Presentation Conversion,2.282776532854353
bigbluebutton\bbb-common-web\src\main\java\org\bigbluebutton\api\domain\RecordingMetadataPlayback.java,2.1315028599330357,0.005722750084740775,0.06127317973545619,0.0,0.0,0.06473355974469866,BBB web,2.1315028599330357
bigbluebutton\akka-bbb-fsesl\src\main\java\org\bigbluebutton\freeswitch\voice\freeswitch\actions\ConferenceCheckRecordCommand.java,1.224354226248605,2259.8573303222656,3625.8058166503906,0.020639382089887345,0.0,0.23988873617989676,FreeSWITCH,3625.8058166503906
bigbluebutton\bbb-common-web\src\main\java\org\bigbluebutton\api\messaging\converters\messages\DestroyMeetingMessage.java,2.19278324672154,0.0710625035422189,0.06167349134172712,0.0,0.05252290453229632,0.16648985998971122,BBB web,2.19278324672154
bigbluebutton\bbb-common-web\src\main\java\org\bigbluebutton\api\messaging\messages\GuestsStatus.java,2.1343497140066963,0.07152363913399833,0.1622465133666992,0.0,0.0,0.16736649104527065,BBB web,2.1343497140066963
bigbluebutton\bbb-common-web\src\main\java\org\bigbluebutton\api\domain\RegisteredUser.java,2.1315028599330357,0.005722750084740775,0.1579127311706543,0.0,0.0,0.036162131173270086,BBB web,2.1315028599330357
bigbluebutton\bbb-common-web\src\main\java\org\bigbluebutton\presentation\imp\PdfPageCounter.java,2.199148777553013,0.0,0.07022841317313058,2.3497124808175225,0.0,0.24611824580601283,Presentation Conversion,2.3497124808175225
bigbluebutton\akka-bbb-fsesl\src\main\java\org\bigbluebutton\freeswitch\voice\freeswitch\IDelayedCommandListener.java,1.0684437343052455,2761.56681060791,3692.7587509155273,0.0,0.0,0.13540115356445312,FreeSWITCH,3692.7587509155273
bigbluebutton\bbb-common-web\src\main\java\org\bigbluebutton\presentation\PageAnalyser.java,2.1352656773158483,0.0,0.09043411527361189,2.474187578473772,0.0,0.030689430236816407,Presentation Conversion,2.474187578473772
bigbluebutton\bbb-common-web\src\main\java\org\bigbluebutton\api\service\XmlService.java,2.1327416556222096,0.005987844296864101,0.09004701886858259,0.0,0.046509173938206264,0.036513754299708774,BBB web,2.1327416556222096
bigbluebutton\bbb-common-web\src\main\java\org\bigbluebutton\presentation\imp\ImageResizerImp.java,2.1697036743164064,0.017708490576062885,0.07201394353594098,3.3734263828822546,0.0,0.28565502166748047,Presentation Conversion,3.3734263828822546
bigbluebutton\akka-bbb-fsesl\src\main\java\org\bigbluebutton\freeswitch\voice\freeswitch\response\XMLResponseConferenceListParser.java,1.0729466029575894,2186.2135887145996,3506.380386352539,0.0,0.0,0.11221679278782436,FreeSWITCH,3506.380386352539
bigbluebutton\akka-bbb-apps\src\main\scala\org\bigbluebutton\core\util\jhotdraw\Bezier.java,1.1166546412876674,0.08000073432922364,0.15660879952566964,0.0,0.0021944097110203334,0.08790694645472935,BBB web,1.1166546412876674
bigbluebutton\bbb-common-web\src\main\java\org\bigbluebutton\api\model\validator\JoinPasswordValidator.java,2.131026349748884,0.00561231928212302,0.2260310445513044,0.024856119496481758,0.06194889886038644,0.08731532778058733,BBB web,2.131026349748884
bigbluebutton\bbb-fsesl-client\src\test\java\org\freeswitch\esl\client\outbound\SocketClientTest.java,1.0370104108537948,3079.0734100341797,3245.437698364258,0.02314467600413731,0.0,0.2130852290562221,FreeSWITCH,3245.437698364258
bigbluebutton\bbb-common-web\src\main\java\org\bigbluebutton\api\domain\Playback.java,2.1307665143694194,0.005558686597006661,0.061148670741489955,0.0,0.0,0.06451594488961356,BBB web,2.1307665143694194
bigbluebutton\akka-bbb-apps\src\main\scala\org\bigbluebutton\core\util\jhotdraw\Shapes.java,1.1496514456612723,0.09528284072875977,0.17561146872384206,0.0,0.0,0.0709247248513358,BBB web,1.1496514456612723
bigbluebutton\akka-bbb-fsesl\src\main\java\org\bigbluebutton\freeswitch\voice\events\ConferenceEventListener.java,1.0684437343052455,2920.9899520874023,3561.707420349121,0.0,0.1354579108101981,0.2655425752912249,FreeSWITCH,3561.707420349121
bigbluebutton\bbb-common-web\src\main\java\org\bigbluebutton\api\domain\BreakoutRoomsParams.java,2.1331959315708704,0.00608175311769758,0.061547681263514925,0.0,0.04991516045161656,0.036638314383370535,BBB web,2.1331959315708704
bigbluebutton\bbb-common-web\src\main\java\org\bigbluebutton\presentation\ImageResizer.java,2.135170200892857,0.014890929630824497,0.061848626817975726,2.4702466692243306,0.0,0.04557447092873709,Presentation Conversion,2.4702466692243306
bigbluebutton\akka-bbb-fsesl\src\main\java\org\bigbluebutton\freeswitch\voice\events\VoiceUserLockedEvent.java,1.0679316929408482,2861.9648361206055,3591.191940307617,0.0,0.09036191531590053,0.2707942690168108,FreeSWITCH,3591.191940307617
bigbluebutton\bbb-common-web\src\main\java\org\bigbluebutton\api\ApiParams.java,2.1397240774972097,0.004557075670787267,0.2032567160470145,1.0571428571428572,0.13017005920410157,0.03461596965789795,BBB web,2.1397240774972097
bigbluebutton\bbb-common-web\src\main\java\org\bigbluebutton\presentation\OfficeToPdfConversionSuccessFilter.java,2.4041506086077007,0.019643517902919225,0.1490921837942941,3.3054410661969866,0.0,0.2134251730782645,Presentation Conversion,3.3054410661969866
bigbluebutton\bbb-common-web\src\main\java\org\bigbluebutton\api\domain\Recording.java,2.167814200265067,0.004049479109900338,0.1137167181287493,0.0,0.057656288146972656,0.0847064767565046,BBB web,2.167814200265067
bigbluebutton\bbb-common-message\src\main\java\org\bigbluebutton\common2\redis\RedisAwareCommunicator.java,1.1187951224190849,0.22470675877162388,0.10153366497584752,0.04551596641540527,4.238862827845982,4.567444719587054,Redis PubSub,4.567444719587054
bigbluebutton\bbb-common-web\src\main\java\org\bigbluebutton\api\domain\MeetingLayout.java,2.1347972324916293,0.006399577004568917,0.06179326602390834,0.0,0.02857142857142857,0.037059879302978514,BBB web,2.1347972324916293
bigbluebutton\bbb-common-web\src\main\java\org\bigbluebutton\api2\IBbbWebApiGWApp.java,2.128554207938058,0.05456998688834054,0.2321795872279576,1.0571428571428572,0.11745000566755022,0.17990008762904575,BBB web,2.128554207938058
bigbluebutton\akka-bbb-fsesl\src\main\java\org\bigbluebutton\freeswitch\voice\commands\GetUsersCommand.java,1.0682518005371093,2731.4964294433594,3540.1963806152344,0.0,0.0,0.1309103148324149,FreeSWITCH,3540.1963806152344
bigbluebutton\bbb-common-web\src\main\java\org\bigbluebutton\presentation\Page.java,2.1349820818219865,0.0,0.0618441104888916,2.4624302455357143,0.0,0.03067185538155692,Presentation Conversion,2.4624302455357143
bigbluebutton\bbb-common-web\src\main\java\org\bigbluebutton\presentation\imp\PngCreatorImp.java,2.306732395717076,0.045050641468593056,0.17355570111955915,1.8167496817452566,0.03603879043034145,0.2405416488647461,BBB web,2.306732395717076
bigbluebutton\akka-bbb-apps\src\main\scala\org\bigbluebutton\core\util\jhotdraw\Geom.java,1.130540030343192,0.08257302556719098,0.18129892349243165,0.01845216580799648,0.5184253692626953,0.6032275608607701,BBB web,1.130540030343192
bigbluebutton\bbb-common-web\src\main\java\org\bigbluebutton\api\pub\IPublisherService.java,2.153662109375,0.06605933734348841,0.17551213673182897,0.0,0.1283963475908552,0.23733880179268974,BBB web,2.153662109375
bigbluebutton\bbb-common-message\src\main\java\org\bigbluebutton\common2\redis\pubsub\MessageHandler.java,1.0683951241629464,0.25584327152797154,0.06179326602390834,0.0,4.061371721540179,8.91959228515625,Redis PubSub,8.91959228515625
bigbluebutton\bbb-common-web\src\main\java\org\bigbluebutton\api\model\constraint\IsBooleanConstraint.java,2.1358710152762277,0.048138788768223355,0.06163073267255511,0.0,0.0,0.10415250914437431,BBB web,2.1358710152762277
bigbluebutton\bbb-common-web\src\main\java\org\bigbluebutton\api\service\impl\XmlServiceImpl.java,2.2911856515066966,0.03323024341038295,0.14322012492588587,0.005348576818193708,0.06157817840576172,0.10219732693263463,BBB web,2.2911856515066966
bigbluebutton\bbb-common-web\src\main\java\org\bigbluebutton\api\model\validator\NotNullValidator.java,2.1339215959821427,0.0062282711267471315,0.09023200443812779,0.0,0.0,0.036832659585135326,BBB web,2.1339215959821427
bigbluebutton\bbb-common-web\src\main\java\org\bigbluebutton\api2\domain\MeetingProp2.java,2.13245108468192,0.00889025160244533,0.06142886706760951,0.0,0.02857142857142857,0.03939624854496547,BBB web,2.13245108468192
bigbluebutton\akka-bbb-fsesl\src\main\java\org\bigbluebutton\freeswitch\voice\freeswitch\actions\FreeswitchCommand.java,1.067714364188058,2663.960838317871,3752.997245788574,0.0,0.0,0.13175427573067802,FreeSWITCH,3752.997245788574
bigbluebutton\akka-bbb-fsesl\src\main\java\org\bigbluebutton\freeswitch\voice\events\VoiceUserTalkingEvent.java,1.0679316929408482,2783.8978958129883,3591.191940307617,0.0,0.09036191531590053,0.20706633159092494,FreeSWITCH,3591.191940307617
bigbluebutton\bbb-fsesl-client\src\main\java\org\freeswitch\esl\client\transport\message\EslHeaders.java,1.0393743242536273,3062.8158950805664,3116.519660949707,0.0,0.04370043618338448,0.3971578870500837,FreeSWITCH,3116.519660949707
bigbluebutton\bbb-common-web\src\main\java\org\bigbluebutton\presentation\SvgImageCreator.java,2.1636470249720983,0.014820567199162074,0.06183466230119978,2.4663277762276787,0.0,0.04549824850899833,Presentation Conversion,2.4663277762276787
bigbluebutton\akka-bbb-fsesl\src\main\java\org\bigbluebutton\freeswitch\voice\freeswitch\actions\TransferUserToMeetingCommand.java,1.0673847743443081,2620.0508880615234,3610.644989013672,0.0,0.0,0.13008366993495396,FreeSWITCH,3610.644989013672
bigbluebutton\bbb-common-web\src\main\java\org\bigbluebutton\presentation\imp\ExternalProcessExecutor.java,2.1788927350725444,0.0,0.14749467032296318,2.23589608328683,0.004075194682393755,0.13714594159807478,Presentation Conversion,2.23589608328683
bigbluebutton\akka-bbb-fsesl\src\main\java\org\bigbluebutton\freeswitch\voice\events\VoiceUserJoinedEvent.java,1.066927991594587,2698.101005554199,3503.6246490478516,0.0,0.08648621695382254,0.2409508296421596,FreeSWITCH,3503.6246490478516
bigbluebutton\bbb-fsesl-client\src\main\java\org\freeswitch\esl\client\transport\event\EslEventHeaderNames.java,1.0532528468540736,2986.5287017822266,3407.8280639648438,0.0,0.0574878283909389,0.2764853613717215,FreeSWITCH,3407.8280639648438
bigbluebutton\bbb-common-web\src\main\java\org\bigbluebutton\api\messaging\messages\CreateBreakoutRoom.java,2.1292735508510043,0.08103647913251605,0.11802881785801479,0.0,0.09576622417994908,0.18713486535208565,BBB web,2.1292735508510043
bigbluebutton\akka-bbb-fsesl\src\main\java\org\bigbluebutton\freeswitch\voice\commands\EjectUserCommand.java,1.0679316929408482,2688.3432388305664,3503.71036529541,0.0,0.0,0.12906251634870256,FreeSWITCH,3503.71036529541
bigbluebutton\bbb-common-web\src\main\java\org\bigbluebutton\presentation\SupportedFileTypes.java,2.3252973284040177,0.020381936005183628,0.13364793232509067,2.2189106532505583,0.0,0.18807156426565988,BBB web,2.3252973284040177
bigbluebutton\bbb-common-web\src\main\java\org\bigbluebutton\presentation\messages\IPresentationCompletionMessage.java,2.135361807686942,0.06633800779070173,0.06187682832990374,2.4781505039760043,0.0,0.16337137222290038,Presentation Conversion,2.4781505039760043
bigbluebutton\bbb-common-web\src\main\java\org\bigbluebutton\api\model\constraint\NotNull.java,2.13482905796596,0.04584673132215227,0.09004701886858259,0.0,0.0,0.10052492959158761,BBB web,2.13482905796596
bigbluebutton\bbb-common-web\src\main\java\org\bigbluebutton\api2\domain\WelcomeProp2.java,2.134176199776786,0.009418039662497385,0.06169955389840262,0.0,0.0,0.04003888538905553,BBB web,2.134176199776786
bigbluebutton\bbb-common-web\src\main\java\org\bigbluebutton\api\model\constraint\list\NotNullList.java,2.133431788853237,0.022449346951075963,0.09015608515058245,0.0,0.0,0.053021597862243655,BBB web,2.133431788853237
bigbluebutton\bbb-common-web\src\main\java\org\bigbluebutton\presentation\messages\IDocConversionMsg.java,2.135361807686942,0.06633800779070173,0.06187682832990374,2.4781505039760043,0.0,0.16337137222290038,Presentation Conversion,2.4781505039760043
bigbluebutton\bbb-common-web\src\main\java\org\bigbluebutton\presentation\Util.java,2.1317783900669642,0.018698436873299733,0.07004433359418596,2.3367660522460936,0.0,0.04915637629372733,Presentation Conversion,2.3367660522460936
bigbluebutton\akka-bbb-fsesl\src\main\java\org\bigbluebutton\freeswitch\voice\freeswitch\DelayedCommandSenderService.java,1.077307346888951,2447.9796600341797,3528.244972229004,0.049461957386561804,0.0034851589373179844,0.26003616877964564,FreeSWITCH,3528.244972229004
bigbluebutton\bbb-common-web\src\main\java\org\bigbluebutton\api\domain\BreakoutRoom.java,2.1347061157226563,0.006382023436682565,0.061779635293143134,0.0,0.0,0.037036596025739395,BBB web,2.1347061157226563
bigbluebutton\bbb-common-web\src\main\java\org\bigbluebutton\api\domain\Meeting.java,2.2164369855608257,0.09648608480181013,0.6000264848981585,1.1165197099958146,0.07697217123849051,0.14780593599591937,BBB web,2.2164369855608257
bigbluebutton\bigbluebutton-web\test\groovy\org\bigbluebutton\api\ParamsProcessorUtilTest.java,1.1121283394949777,0.009382590225764683,0.1689152717590332,0.02190463032041277,0.0,0.06825275421142578,BBB web,1.1121283394949777
bigbluebutton\bbb-common-web\src\main\java\org\bigbluebutton\api\MeetingService.java,2.179628208705357,0.16728286743164061,0.6019066401890346,1.1753352573939733,1.2089759826660156,1.4219117300851005,BBB web,2.179628208705357
bigbluebutton\akka-bbb-fsesl\src\main\java\org\bigbluebutton\freeswitch\voice\FreeswitchConferenceEventListener.java,1.2046849931989396,2227.9403114318848,3095.8834075927734,0.017215190614972797,0.05765740530831473,0.6031188419886998,FreeSWITCH,3095.8834075927734
bigbluebutton\bbb-fsesl-client\src\main\java\org\freeswitch\esl\client\inbound\InboundPipelineFactory.java,1.0365793500627791,2968.2551193237305,3138.5644912719727,0.0,0.0,0.24968885694231305,FreeSWITCH,3138.5644912719727
bigbluebutton\bbb-common-web\src\main\java\org\bigbluebutton\presentation\messages\DocInvalidMimeType.java,2.1323091779436383,0.06279657908848353,0.06140589032854352,2.3449005126953124,0.051761954171316966,0.15608936037336077,Presentation Conversion,2.3449005126953124
bigbluebutton\bbb-common-web\src\main\java\org\bigbluebutton\web\services\KeepAliveMessage.java,2.1376065935407365,0.0,0.06187682832990374,0.0,0.0,0.03069535323551723,BBB web,2.1376065935407365
bigbluebutton\bbb-common-web\src\main\java\org\bigbluebutton\api\model\constraint\IsIntegralConstraint.java,2.1356898716517856,0.04774068423679897,0.06160550117492676,0.0,0.0,0.10352230072021484,BBB web,2.1356898716517856
bigbluebutton\bbb-fsesl-client\src\main\java\org\freeswitch\esl\client\IEslEventListener.java,1.035867200578962,2958.767318725586,3077.8771209716797,0.0,0.05773843356541225,0.2695401327950614,FreeSWITCH,3077.8771209716797
bigbluebutton\bbb-common-web\src\main\java\org\bigbluebutton\api\model\request\Request.java,2.1344375610351562,0.006329936214855739,0.061739233561924525,0.0,0.0,0.036967509133475164,BBB web,2.1344375610351562
bigbluebutton\bbb-common-web\src\main\java\org\bigbluebutton\api\domain\Config.java,2.134176199776786,0.006278691973005022,0.06169955389840262,0.0,0.0,0.036899535996573314,BBB web,2.134176199776786
bigbluebutton\bbb-common-web\src\main\java\org\bigbluebutton\api\messaging\messages\GuestPolicyChanged.java,2.1342625209263395,0.09436061041695731,0.061712700980050224,0.0,0.052630553926740375,0.21305193219866073,BBB web,2.1342625209263395
bigbluebutton\bbb-common-web\src\main\java\org\bigbluebutton\api2\domain\RecordProp2.java,2.134176199776786,0.009418039662497385,0.06169955389840262,0.0,0.05081120899745396,0.04003888538905553,BBB web,2.134176199776786
bigbluebutton\bbb-common-web\src\main\java\org\bigbluebutton\api\util\ResponseBuilder.java,2.2819455827985493,0.021286467143467495,0.33568744659423827,0.015052851608821324,0.08335580144609724,0.21358852386474608,BBB web,2.2819455827985493
bigbluebutton\bbb-common-web\src\main\java\org\bigbluebutton\api\model\validator\NotEmptyValidator.java,2.1339215959821427,0.0062282711267471315,0.09023200443812779,0.0,0.0,0.036832659585135326,BBB web,2.1339215959821427
bigbluebutton\bbb-common-message\src\main\java\org\bigbluebutton\common2\redis\RedisStorageService.java,1.0776186261858258,0.1854300226484026,0.2062735285077776,1.0751314435686383,3.2884041922433034,3.3782771519252233,Redis PubSub,3.3782771519252233
bigbluebutton\bbb-common-web\src\main\java\org\bigbluebutton\presentation\imp\PdfSlidesGenerationService.java,2.2013584681919642,0.0,0.061390931265694754,2.3384061540876115,0.0,0.15060477937970843,Presentation Conversion,2.3384061540876115
bigbluebutton\bbb-common-web\src\main\java\org\bigbluebutton\api\messaging\messages\CreateMeeting.java,2.1344375610351562,0.09480365344456264,0.061739233561924525,0.0,0.06357729775565012,0.21391493933541433,BBB web,2.1344375610351562
bigbluebutton\bbb-common-web\src\main\java\org\bigbluebutton\presentation\messages\DocPageConversionStarted.java,2.132169451032366,0.06262397766113281,0.06138316563197545,2.3384061540876115,0.05169516972133092,0.15573444366455078,Presentation Conversion,2.3384061540876115
bigbluebutton\akka-bbb-apps\src\test\java\org\bigbluebutton\xml\Simple.java,1.0685921805245535,0.10958781242370605,0.12582434245518276,0.0,0.0,0.07582478523254395,BBB web,1.0685921805245535
bigbluebutton\bbb-common-web\src\main\java\org\bigbluebutton\web\services\EnteredUserCleanupTimerTask.java,2.1359266008649556,0.0,0.061555910110473636,0.0,0.02857142857142857,0.03055656296866281,BBB web,2.1359266008649556
bigbluebutton\bbb-common-web\src\main\java\org\bigbluebutton\presentation\PngCreator.java,2.1349820818219865,0.014750865527561732,0.061820779527936666,2.4624302455357143,0.0,0.045422724315098355,Presentation Conversion,2.4624302455357143
bigbluebutton\bbb-common-web\src\main\java\org\bigbluebutton\api\service\SessionService.java,2.1335115705217635,0.006146012033735003,0.11873998641967773,0.0,0.04605467319488525,0.036723549025399344,BBB web,2.1335115705217635
bigbluebutton\akka-bbb-fsesl\src\main\java\org\bigbluebutton\freeswitch\voice\freeswitch\response\ConferenceMember.java,1.065666961669922,2393.3276748657227,3595.2059173583984,0.0,0.0,0.1211010387965611,FreeSWITCH,3595.2059173583984
bigbluebutton\bbb-common-web\src\main\java\org\bigbluebutton\presentation\handlers\Pdf2PngPageConverterHandler.java,2.1638371058872767,0.0,0.06186268670218331,2.474187578473772,0.0,0.030689430236816407,Presentation Conversion,2.474187578473772
bigbluebutton\bbb-common-web\src\main\java\org\bigbluebutton\presentation\handlers\AddNamespaceToSvgHandler.java,2.1352656773158483,0.0,0.06186268670218331,2.474187578473772,0.0,0.030689430236816407,Presentation Conversion,2.474187578473772
bigbluebutton\bbb-common-web\src\main\java\org\bigbluebutton\api\domain\User.java,2.1497992379324775,0.08550477709089006,0.34035897936139786,0.0,0.0,0.14418322699410574,BBB web,2.1497992379324775
bigbluebutton\bbb-common-web\src\main\java\org\bigbluebutton\presentation\imp\ImageSlidesGenerationService.java,2.2241568429129464,0.01974766595023019,0.14473881040300643,4.577303641183036,0.0,0.20209900992257254,Presentation Conversion,4.577303641183036
bigbluebutton\bbb-common-web\src\main\java\org\bigbluebutton\api2\domain\DurationProp2.java,2.133673531668527,0.009267981563295637,0.06162228584289551,0.0,0.0,0.03985617160797119,BBB web,2.133673531668527
bigbluebutton\bbb-common-web\src\main\java\org\bigbluebutton\presentation\DocumentConversionService.java,2.1633686610630583,0.017253477232796806,0.06179326602390834,2.454699925013951,0.0,0.07648521150861468,Presentation Conversion,2.454699925013951
bigbluebutton\bbb-common-web\src\main\java\org\bigbluebutton\presentation\imp\SlidesGenerationProgressNotifier.java,2.1259935651506696,0.024853784697396415,0.09308030264718192,2.939788164411272,0.03704782894679478,0.2405910219464983,Presentation Conversion,2.939788164411272
bigbluebutton\bbb-common-web\src\main\java\org\bigbluebutton\api\HTML5LoadBalancingService.java,2.3652230398995537,0.005118468829563686,0.31706175122942243,0.019478808130536762,0.0,0.25348551613943915,BBB web,2.3652230398995537
bigbluebutton\bbb-common-web\src\main\java\org\bigbluebutton\presentation\PresentationUrlDownloadService.java,2.2271251133510046,0.01747180053165981,0.34689630780901226,3.120945957728795,0.07038217272077288,0.15992036546979632,Presentation Conversion,3.120945957728795
bigbluebutton\bbb-common-web\src\main\java\org\bigbluebutton\api\messaging\messages\PresentationUploadToken.java,2.133592224121094,0.09264985493251256,0.06160967009408133,1.0571428571428572,0.05234560966491699,0.2097202709742955,BBB web,2.133592224121094
bigbluebutton\bbb-common-web\src\main\java\org\bigbluebutton\api\messaging\messages\UserLeft.java,2.1342625209263395,0.09436061041695731,0.16212549209594726,0.0,0.052630553926740375,0.21305193219866073,BBB web,2.1342625209263395
bigbluebutton\bbb-common-web\src\main\java\org\bigbluebutton\api\messaging\messages\IMessage.java,2.135170200892857,0.10076610020228795,0.061848626817975726,0.0,0.0,0.22574498312813895,BBB web,2.135170200892857
bigbluebutton\bbb-common-web\src\main\java\org\bigbluebutton\api\messaging\messages\UserLockedInMeeting.java,2.1339215959821427,0.1572211538042341,0.16164539882114956,0.0,0.05248723370688302,0.27509049006870817,BBB web,2.1339215959821427
bigbluebutton\bbb-fsesl-client\src\main\java\org\freeswitch\esl\client\outbound\SocketClient.java,1.0477869306291854,2870.3551483154297,3090.8616638183594,0.021154098851340158,0.04099292414528983,0.30262633732386995,FreeSWITCH,3090.8616638183594
bigbluebutton\bbb-common-web\src\main\java\org\bigbluebutton\api\model\constraint\GetChecksumConstraint.java,2.1359710693359375,0.031732821464538576,0.09024034908839634,0.0,0.0,0.0878640992300851,BBB web,2.1359710693359375
bigbluebutton\bbb-common-web\src\main\java\org\bigbluebutton\api\messaging\messages\GuestStatusChangedEventMsg.java,2.1339215959821427,0.09349322319030762,0.06166057586669922,0.0,0.05248723370688302,0.21136255264282228,BBB web,2.1339215959821427
bigbluebutton\bbb-common-web\src\main\java\org\bigbluebutton\api\RecordingService.java,2.142344229561942,0.005403768164770944,0.06126637458801269,0.0,0.14222981589181083,0.08716410228184292,BBB web,2.142344229561942
bigbluebutton\akka-bbb-fsesl\src\main\java\org\bigbluebutton\freeswitch\voice\freeswitch\actions\ForceEjectUserCommand.java,1.0666725158691406,2612.412528991699,3853.614501953125,0.047555548804146905,0.0,0.19999491827828544,FreeSWITCH,3853.614501953125
bigbluebutton\akka-bbb-fsesl\src\main\java\org\bigbluebutton\freeswitch\voice\events\VoiceConferenceEvent.java,1.0682992117745536,2834.766616821289,3510.527877807617,0.0,0.09171408925737654,0.21026812962123326,FreeSWITCH,3510.527877807617
bigbluebutton\bbb-common-web\src\main\java\org\bigbluebutton\api\util\MeetingResponseDetail.java,2.134176199776786,0.006278691973005022,0.06169955389840262,0.0,0.06346863337925503,0.036899535996573314,BBB web,2.134176199776786
bigbluebutton\bbb-common-web\src\main\java\org\bigbluebutton\presentation\imp\PageCounterService.java,2.13010493687221,0.01868051290512085,0.08068195070539202,2.2529527936662945,0.0,0.049015774045671735,Presentation Conversion,2.2529527936662945
bigbluebutton\bbb-common-web\src\main\java\org\bigbluebutton\api\model\request\CreateMeeting.java,2.12755868094308,0.028047139304024832,0.2272480010986328,0.0,0.09630281584603446,0.11330007825578962,BBB web,2.12755868094308
bigbluebutton\bbb-common-web\src\main\java\org\bigbluebutton\web\services\turn\StunServer.java,2.1370997837611605,0.0,0.061779635293143134,0.0,0.0,0.03065457344055176,BBB web,2.1370997837611605
bigbluebutton\bbb-common-web\src\main\java\org\bigbluebutton\api\model\constraint\list\SizeList.java,2.133431788853237,0.022449346951075963,0.06158465657915388,0.0,0.0,0.053021597862243655,BBB web,2.133431788853237
bigbluebutton\bbb-common-web\src\main\java\org\bigbluebutton\api\messaging\ReceivedMessageHandler.java,2.140771048409598,0.2748422350202288,0.12942276000976563,0.052890777587890625,2.9427660260881696,6.659619140625,Redis PubSub,6.659619140625
bigbluebutton\akka-bbb-apps\src\main\scala\org\bigbluebutton\core\util\jhotdraw\PathData.java,1.166525159563337,0.10545883178710938,0.15335446766444616,0.0,0.0,0.07441955975123814,BBB web,1.166525159563337
bigbluebutton\bbb-fsesl-client\src\main\java\org\freeswitch\esl\client\transport\event\EslEvent.java,1.0663691929408483,2474.967727661133,2795.0329971313477,0.034984489849635536,0.13287014280046736,0.24081976754324777,FreeSWITCH,2795.0329971313477
bigbluebutton\bbb-common-web\src\main\java\org\bigbluebutton\api\messaging\messages\GuestLobbyMessageChanged.java,2.1342625209263395,0.12904456002371653,0.061712700980050224,0.0,0.052630553926740375,0.28241983141217913,BBB web,2.1342625209263395
bigbluebutton\bbb-common-web\src\main\java\org\bigbluebutton\api\model\shared\PostChecksum.java,2.13259517124721,0.005957182816096715,0.06145209584917341,0.0,0.056598033223833354,0.03647308349609375,BBB web,2.13259517124721
bigbluebutton\bbb-common-web\src\main\java\org\bigbluebutton\api\domain\Extension.java,2.1331959315708704,0.00608175311769758,0.061547681263514925,0.0,0.0,0.036638314383370535,BBB web,2.1331959315708704
bigbluebutton\bbb-common-web\src\main\java\org\bigbluebutton\api\model\request\SimpleRequest.java,2.1332940237862723,0.006097691399710519,0.1632539885384696,0.0,0.0,0.03665945529937744,BBB web,2.1332940237862723
bigbluebutton\bbb-fsesl-client\src\main\java\org\freeswitch\esl\client\inbound\InboundConnectionFailure.java,1.037485831124442,3177.2190475463867,3251.607131958008,0.0,0.0,0.2537151609148298,FreeSWITCH,3251.607131958008
bigbluebutton\bbb-common-web\src\main\java\org\bigbluebutton\api\messaging\messages\EndBreakoutRoom.java,2.1346158708844865,0.0952531269618443,0.06176608630589076,0.0,0.0,0.21479054859706334,BBB web,2.1346158708844865
bigbluebutton\bbb-common-web\src\main\java\org\bigbluebutton\web\services\KeepAlivePing.java,2.1374592372349333,0.0,0.061848626817975726,0.0,0.0,0.0306835412979126,BBB web,2.1374592372349333
bigbluebutton\bbb-common-web\src\main\java\org\bigbluebutton\presentation\GeneratedSlidesInfoHelper.java,2.1352656773158483,0.014961964743477957,0.06186268670218331,2.474187578473772,0.0,0.045651394980294364,Presentation Conversion,2.474187578473772
bigbluebutton\bbb-common-web\src\main\java\org\bigbluebutton\api\model\validator\PatternValidator.java,2.1331959315708704,0.00608175311769758,0.061547681263514925,0.0,0.0,0.036638314383370535,BBB web,2.1331959315708704
bigbluebutton\bbb-common-web\src\main\java\org\bigbluebutton\presentation\messages\DocConversionRequestReceived.java,2.1323091779436383,0.06279657908848353,0.06140589032854352,2.3449005126953124,0.051761954171316966,0.15608936037336077,Presentation Conversion,2.3449005126953124
bigbluebutton\bbb-common-web\src\main\java\org\bigbluebutton\api\domain\MeetingInfo.java,2.1327416556222096,0.005987844296864101,0.06147559029715402,0.0,0.02857142857142857,0.036513754299708774,BBB web,2.1327416556222096
bigbluebutton\bbb-common-web\src\main\java\org\bigbluebutton\api2\domain\PasswordProp2.java,2.13452627999442,0.00952080658503941,0.06175261906215123,0.0,0.0,0.04016401427132743,BBB web,2.13452627999442
bigbluebutton\bigbluebutton-web\pres-checker\src\main\java\org\bigbluebutton\prescheck\Main.java,1.128436279296875,0.015508781160627092,0.06733053752354214,0.0,0.0,0.04580751827784947,BBB web,1.128436279296875
bigbluebutton\bbb-common-web\src\main\java\org\bigbluebutton\api\model\shared\Checksum.java,2.163838195800781,0.034430285862513954,0.30102315630231585,0.0,0.05384103230067662,0.15806801659720285,BBB web,2.163838195800781
bigbluebutton\bbb-common-web\src\main\java\org\bigbluebutton\api2\domain\UsersProp2.java,2.1315028599330357,0.07209726742335729,0.3098007474626814,0.0,0.02857142857142857,0.10253664425441197,BBB web,2.1315028599330357
bigbluebutton\bbb-common-web\src\main\java\org\bigbluebutton\api\model\entity\Recording.java,2.155781991141183,0.024124741554260254,0.1266840934753418,0.0,0.12667804445539202,0.09639060837881906,BBB web,2.155781991141183
bigbluebutton\bbb-fsesl-client\src\main\java\org\freeswitch\esl\client\example\EslEventListener.java,1.036416734967913,2566.420555114746,2957.1544647216797,0.024377357959747315,0.06050641196114676,0.2543342862810407,FreeSWITCH,2957.1544647216797
bigbluebutton\bbb-common-message\src\main\java\org\bigbluebutton\common2\redis\pubsub\ReceivedMessageHandler.java,1.0757730756487165,0.30206424168178014,0.11254025186811174,0.05756848199026925,3.960297066824777,8.666683523995536,Redis PubSub,8.666683523995536
bigbluebutton\akka-bbb-fsesl\src\main\java\org\bigbluebutton\freeswitch\voice\events\ConfMember.java,1.067305646623884,2752.207717895508,3550.706901550293,0.0,0.08797664642333984,0.24615385872977122,FreeSWITCH,3550.706901550293
bigbluebutton\bbb-common-web\src\main\java\org\bigbluebutton\api\messaging\messages\UserUnsharedWebcam.java,2.1339215959821427,0.09349322319030762,0.16164539882114956,0.0,0.05248723370688302,0.21136255264282228,BBB web,2.1339215959821427
bigbluebutton\bbb-common-web\src\main\java\org\bigbluebutton\api\model\shared\Password.java,2.133282252720424,0.030976741654532295,0.20485461098807198,0.0,0.1348963873726981,0.14379895074026924,BBB web,2.133282252720424
bigbluebutton\bbb-common-web\src\main\java\org\bigbluebutton\web\services\callback\CallbackUrlService.java,2.1523542131696427,0.1284203256879534,0.2390345437186105,0.03379857199532645,0.09983416284833635,0.2929830278669085,BBB web,2.1523542131696427
bigbluebutton\bbb-common-web\src\main\java\org\bigbluebutton\web\services\turn\RemoteIceCandidate.java,2.1370997837611605,0.0,0.061779635293143134,0.0,0.0,0.03065457344055176,BBB web,2.1370997837611605
bigbluebutton\bbb-common-web\src\main\java\org\bigbluebutton\api\model\validator\MeetingEndedValidator.java,2.133431788853237,0.006129820006234305,0.06158465657915388,0.0,0.08454514231000627,0.036702070917402,BBB web,2.133431788853237
bigbluebutton\bbb-common-web\src\main\java\org\bigbluebutton\api\model\shared\GetChecksum.java,2.1317709786551338,0.028598730904715403,0.19511231013706754,0.0,0.05491095951625279,0.13450613021850585,BBB web,2.1317709786551338
bigbluebutton\bbb-fsesl-client\src\main\java\org\freeswitch\esl\client\example\ExampleClient.java,1.071989985874721,2818.8279342651367,3055.058708190918,0.022302947725568498,0.046514034271240234,0.26646387917654857,FreeSWITCH,3055.058708190918
bigbluebutton\bbb-fsesl-client\src\main\java\org\freeswitch\esl\client\internal\IEslProtocolListener.java,1.037485831124442,3233.8142013549805,3251.607131958008,0.0,0.04185006959097726,0.26523126874651226,FreeSWITCH,3251.607131958008
bigbluebutton\bbb-fsesl-client\src\main\java\org\freeswitch\esl\client\inbound\Client.java,1.0482117789132255,1978.6034965515137,2473.939666748047,0.01903277976172311,0.1306847708565848,0.46251656668526786,FreeSWITCH,2473.939666748047
bigbluebutton\bbb-common-web\src\main\java\org\bigbluebutton\api\model\shared\JoinPassword.java,2.1349820818219865,0.006434974925858634,0.11896363667079381,0.0,0.06113744463239398,0.03710683073316302,BBB web,2.1349820818219865
bigbluebutton\bbb-common-web\src\main\java\org\bigbluebutton\presentation\messages\UploadFileTimedoutMessage.java,2.13259517124721,0.06314709527151925,0.06145209584917341,3.5881583077566965,0.05189669132232666,0.15681007930210658,Presentation Conversion,3.5881583077566965
bigbluebutton\bbb-common-web\src\main\java\org\bigbluebutton\web\services\callback\ICallbackEvent.java,2.1373862130301338,0.0,0.09040609087262835,0.0,0.0,0.030677683012826102,BBB web,2.1373862130301338
bigbluebutton\bbb-common-web\src\main\java\org\bigbluebutton\api\messaging\converters\messages\EndMeetingMessage.java,2.19278324672154,0.0710625035422189,0.06167349134172712,0.0,0.05252290453229632,0.16648985998971122,BBB web,2.19278324672154
bigbluebutton\bbb-common-web\src\main\java\org\bigbluebutton\api\model\constraint\Size.java,2.1481146676199776,0.05710423333304269,0.09025266511099679,0.0,0.0,0.11096273830958775,BBB web,2.1481146676199776
bigbluebutton\akka-bbb-fsesl\src\main\java\org\bigbluebutton\freeswitch\voice\commands\MuteUserCommand.java,1.067714364188058,2659.1188049316406,3478.5250091552734,0.0,0.0,0.12780163628714425,FreeSWITCH,3478.5250091552734
bigbluebutton\bbb-fsesl-client\src\main\java\org\freeswitch\esl\client\manager\ManagerConnection.java,1.037567356654576,3149.556999206543,3263.7403869628906,0.0,0.0,0.18706065586635046,FreeSWITCH,3263.7403869628906
bigbluebutton\bbb-common-web\src\main\java\org\bigbluebutton\api\util\HTML5ProcessLine.java,2.325188773018973,0.005896792667252677,0.0899773188999721,0.0,0.0,0.03639298166547503,BBB web,2.325188773018973
bigbluebutton\bbb-common-web\src\main\java\org\bigbluebutton\api\model\shared\ModeratorPassword.java,2.13507559640067,0.0064528214079993115,0.06183466230119978,0.0,0.0613069943019322,0.0371305022920881,BBB web,2.13507559640067
