file_path,Auth,Image,Persistence,Recommender,WebUI,best_module,best_likelihood
teastore\services\tools.descartes.teastore.auth\src\main\java\tools\descartes\teastore\auth\security\ISecurityProvider.java,3312.06298828125,0.0,1.608139469421336E-5,0.0,0.05726572445460728,Auth,3312.06298828125
teastore\services\tools.descartes.teastore.image\src\main\java\tools\descartes\teastore\image\storage\rules\StoreLargeImages.java,0.0,2449.9327087402344,1.575897913426161E-5,0.0,0.21373206547328405,Image,2449.9327087402344
teastore\utilities\tools.descartes.teastore.registryclient\src\main\java\tools\descartes\teastore\registryclient\util\RESTClient.java,0.6420264107840402,0.0,0.10969292095729283,0.05141432625906808,0.07449635778154645,Auth,0.6420264107840402
teastore\services\tools.descartes.teastore.recommender\src\test\java\tools\descartes\teastore\recommender\algorithm\AbstractRecommenderTest.java,0.13323069981166294,0.004650286265781948,0.01258676733289446,3654.2053985595703,0.06973959377833776,Recommender,3654.2053985595703
teastore\services\tools.descartes.teastore.auth\src\test\java\tools\descartes\teastore\auth\security\ConstantKeyProviderTest.java,3183.572998046875,0.0,1.601586118340492E-5,0.0,0.05726551328386579,Auth,3183.572998046875
teastore\services\tools.descartes.teastore.image\src\main\java\tools\descartes\teastore\image\cache\entry\SimpleEntry.java,0.0,2418.9237213134766,0.025502753257751466,0.019240961756025042,0.1449652808053153,Image,2418.9237213134766
teastore\services\tools.descartes.teastore.webui\src\main\java\tools\descartes\teastore\webui\servlet\CartActionServlet.java,0.02857142857142857,0.13077287673950194,0.02109447887965611,0.16170523507254464,3013.8895416259766,WebUI,3013.8895416259766
teastore\utilities\tools.descartes.teastore.registryclient\src\main\java\tools\descartes\teastore\registryclient\StartupCallback.java,0.0,0.0,1.683933826695595E-5,0.0,0.0572681154523577,WebUI,0.0572681154523577
teastore\services\tools.descartes.teastore.image\src\test\java\tools\descartes\teastore\image\cache\TestLeastFrequentlyUsed.java,0.5725060599190849,2219.8971366882324,1.06974139011332E-5,0.014909618241446359,0.13478987557547434,Image,2219.8971366882324
teastore\utilities\tools.descartes.teastore.registryclient\src\main\java\tools\descartes\teastore\registryclient\rest\TrackingFilter.java,0.8183980669294085,0.12693147659301757,3.442661171512944E-5,0.035824063846043176,2.645106724330357,WebUI,2.645106724330357
teastore\services\tools.descartes.teastore.webui\src\main\java\tools\descartes\teastore\webui\servlet\ProfileServlet.java,0.1116016115461077,1.172290257045201,2.091569519042969,0.3178137642996652,4070.308380126953,WebUI,4070.308380126953
teastore\services\tools.descartes.teastore.recommender\src\main\java\tools\descartes\teastore\recommender\algorithm\impl\cf\SlopeOneRecommender.java,0.5564454214913505,0.04479287011282784,0.0403918981552124,3207.621078491211,0.11145187786647252,Recommender,3207.621078491211
teastore\services\tools.descartes.teastore.image\src\test\java\tools\descartes\teastore\image\cache\entry\TestAbstractEntry.java,1.168428911481585,2265.966148376465,0.021022488389696392,0.01586179392678397,0.13714519228254046,Image,2265.966148376465
teastore\services\tools.descartes.teastore.recommender\src\main\java\tools\descartes\teastore\recommender\algorithm\impl\UseFallBackException.java,0.0,0.04864436217716762,1.641727950690048E-5,3334.241065979004,0.05726680074419294,Recommender,3334.241065979004
teastore\utilities\tools.descartes.teastore.kieker.rabbitmq\src\main\java\tools\descartes\teastore\kieker\rabbitmq\LogConsumer.java,0.3550907952444894,0.07137566975184849,0.08270087923322406,0.0,0.06600842475891114,Auth,0.3550907952444894
teastore\services\tools.descartes.teastore.persistence\src\main\java\tools\descartes\teastore\persistence\rest\UserEndpoint.java,0.7334971836635045,0.15945890971592494,2554.2846298217773,0.34072944096156527,0.19865872519356864,Persistence,2554.2846298217773
teastore\services\tools.descartes.teastore.image\src\main\java\tools\descartes\teastore\image\cache\LeastRecentlyUsed.java,0.0,2393.3810806274414,1.312711558836911E-5,0.017089615549360004,0.14008057458060127,Image,2393.3810806274414
teastore\services\tools.descartes.teastore.image\src\main\java\tools\descartes\teastore\image\ImageDBKey.java,0.0,2529.595947265625,1.563360315880605E-5,0.06826681409563337,1.1445586068289622,Image,2529.595947265625
teastore\services\tools.descartes.teastore.image\src\test\java\tools\descartes\teastore\image\storage\TestDriveStorage.java,0.0,2445.5537033081055,1.67674950457045E-5,0.0,0.14632675988333566,Image,2445.5537033081055
teastore\services\tools.descartes.teastore.recommender\src\main\java\tools\descartes\teastore\recommender\servlet\RetrainDaemon.java,0.0,0.0,1.8913835797991072,3273.644218444824,0.0986776420048305,Recommender,3273.644218444824
teastore\services\tools.descartes.teastore.webui\src\main\java\tools\descartes\teastore\webui\startup\WebuiStartup.java,2.112375749860491,1.7847357613699777,1.8433212280273437,2.171502685546875,3787.3817443847656,WebUI,3787.3817443847656
teastore\services\tools.descartes.teastore.webui\src\main\java\tools\descartes\teastore\webui\servlet\DataBaseActionServlet.java,1.153915732247489,1.965681893484933,1.6739401681082589,2.1911976405552456,3614.7302627563477,WebUI,3614.7302627563477
teastore\services\tools.descartes.teastore.image\src\test\java\tools\descartes\teastore\image\cache\entry\TestSimpleEntry.java,0.47346643720354353,2395.38272857666,0.024782509463174004,0.018697777816227504,0.143761716570173,Image,2395.38272857666
teastore\utilities\tools.descartes.teastore.registryclient\src\main\java\tools\descartes\teastore\registryclient\loadbalancers\ServiceLoadBalancer.java,0.23031060355050223,0.013386339800698416,0.14145528248378209,0.014773644719805036,0.17618769236973353,Auth,0.23031060355050223
teastore\services\tools.descartes.teastore.image\src\test\java\tools\descartes\teastore\image\storage\TestNoStorage.java,0.5632601601736886,2501.4428329467773,1.330487596403275E-5,0.0,0.14916607992989675,Image,2501.4428329467773
teastore\services\tools.descartes.teastore.persistence\src\test\java\tools\descartes\teastore\persistence\RegistrationDaemon.java,0.0,0.0,2745.1971435546875,0.0,0.08463683809552874,Persistence,2745.1971435546875
teastore\services\tools.descartes.teastore.image\src\main\java\tools\descartes\teastore\image\setup\StorageMode.java,0.0,2391.5516662597656,1.503550447523594E-5,0.0,0.17564198630196706,Image,2391.5516662597656
teastore\services\tools.descartes.teastore.webui\src\main\java\tools\descartes\teastore\webui\servlet\OrderServlet.java,0.0,1.1559847150530134,1.786387416294643,0.0665088517325265,4150.1959228515625,WebUI,4150.1959228515625
teastore\services\tools.descartes.teastore.recommender\src\test\java\tools\descartes\teastore\recommender\algorithm\OrderBasedRecommenderTest.java,0.0,0.0,8.78455050821815E-6,4190.99365234375,0.057233694621494836,Recommender,4190.99365234375
teastore\services\tools.descartes.teastore.image\src\main\java\tools\descartes\teastore\image\ImageScaler.java,0.05389163834708077,2558.391532897949,3.586226209465946E-5,0.0,0.21327150889805385,Image,2558.391532897949
teastore\interfaces\tools.descartes.teastore.entities\src\main\java\tools\descartes\teastore\entities\User.java,0.16024205344063894,0.06936605998447963,0.11210478373936245,0.19334397997174943,0.05725024768284389,Recommender,0.19334397997174943
teastore\services\tools.descartes.teastore.auth\src\main\java\tools\descartes\teastore\auth\security\IKeyProvider.java,3210.629425048828,0.0,1.655559587691511E-5,0.0,0.05726723670959473,Auth,3210.629425048828
teastore\services\tools.descartes.teastore.image\src\main\java\tools\descartes\teastore\image\setup\StorageRule.java,0.0,3101.1721801757812,1.480888542053955E-5,0.0,0.23698057447160994,Image,3101.1721801757812
teastore\services\tools.descartes.teastore.webui\src\main\java\tools\descartes\teastore\webui\servlet\DataBaseServlet.java,0.0,1.162340109688895,0.15157933916364397,0.0,4376.25129699707,WebUI,4376.25129699707
teastore\services\tools.descartes.teastore.image\src\test\java\tools\descartes\teastore\image\cache\rules\TestCacheAll.java,0.515378897530692,2405.0742721557617,1.544923455055271E-5,0.01892033304486956,0.18417575018746513,Image,2405.0742721557617
teastore\interfaces\tools.descartes.teastore.entities\src\main\java\tools\descartes\teastore\entities\Category.java,0.0,0.16048999513898576,0.11896380015781947,0.0,0.06983720915658133,Image,0.16048999513898576
teastore\services\tools.descartes.teastore.image\src\main\java\tools\descartes\teastore\image\setup\ImageCreator.java,0.01068170155797686,2258.907241821289,0.006371704595429557,0.04273970467703683,0.1743640899658203,Image,2258.907241821289
teastore\services\tools.descartes.teastore.persistence\src\main\java\tools\descartes\teastore\persistence\repository\CacheManager.java,0.7573620387486049,0.0,2463.6878967285156,0.030756194250924247,0.10339390890938895,Persistence,2463.6878967285156
teastore\services\tools.descartes.teastore.registry\src\main\java\tools\descartes\teastore\registry\rest\Registry.java,0.3940957750592913,0.10577807426452637,0.03374368803841727,0.07092967714582171,0.10170606204441615,Auth,0.3940957750592913
teastore\services\tools.descartes.teastore.image\src\main\java\tools\descartes\teastore\image\cache\FirstInFirstOut.java,0.0,2442.778739929199,1.44814806325095E-5,0.018184421743665424,0.14260608128138952,Image,2442.778739929199
teastore\services\tools.descartes.teastore.recommender\src\test\java\tools\descartes\teastore\recommender\algorithm\DummyRecommenderTest.java,0.0,0.0,1.348751663629498E-5,5108.100891113281,0.05725645337785993,Recommender,5108.100891113281
teastore\services\tools.descartes.teastore.persistence\src\main\java\tools\descartes\teastore\persistence\domain\CategoryRepository.java,0.0,0.06036361966814314,2625.1343154907227,0.0,0.05725291797092983,Persistence,2625.1343154907227
teastore\services\tools.descartes.teastore.registry\src\main\java\tools\descartes\teastore\registry\rest\HeartbeatInfo.java,0.0,0.0,1.588638073631695E-5,0.02857142857142857,0.08583651951381138,WebUI,0.08583651951381138
teastore\utilities\tools.descartes.teastore.registryclient\src\main\java\tools\descartes\teastore\registryclient\util\NotFoundException.java,0.0,0.0,1.648614914821727E-5,0.0,0.05726701872689383,WebUI,0.05726701872689383
teastore\utilities\tools.descartes.teastore.registryclient\src\main\java\tools\descartes\teastore\registryclient\rest\CharResponseWrapper.java,0.0,0.0,1.480888542053955E-5,0.0,0.05726139886038644,WebUI,0.05726139886038644
teastore\services\tools.descartes.teastore.image\src\main\java\tools\descartes\teastore\image\cache\entry\AbstractEntry.java,0.0,2336.4849853515625,0.05579615320478167,0.016943883895874024,0.13973798751831054,Image,2336.4849853515625
teastore\services\tools.descartes.teastore.persistence\src\test\java\tools\descartes\teastore\persistence\RepositoryTest.java,0.07934748785836356,0.10884607860020229,2001.8101692199707,0.32420902252197265,0.06659184183393206,Persistence,2001.8101692199707
teastore\services\tools.descartes.teastore.image\src\main\java\tools\descartes\teastore\image\setup\CreatorFactory.java,0.4023702621459961,3732.1121215820312,0.09284892082214355,0.22148799896240234,0.2535392761230469,Image,3732.1121215820312
teastore\utilities\tools.descartes.teastore.kieker.probes\src\main\java\tools\descartes\teastore\kieker\probes\records\OperationExecutionWithParametersRecord.java,0.12087034497942244,0.06442134039742606,0.04968311105455671,0.0,0.06976188250950405,Auth,0.12087034497942244
teastore\services\tools.descartes.teastore.recommender\src\main\java\tools\descartes\teastore\recommender\servlet\IndexServlet.java,0.0,0.013971818344933646,1.44814806325095E-5,3252.316360473633,0.0979180063520159,Recommender,3252.316360473633
teastore\services\tools.descartes.teastore.image\src\main\java\tools\descartes\teastore\image\storage\IDataStorage.java,0.0,2490.5170822143555,1.563360315880605E-5,0.0,0.14455859320504325,Image,2490.5170822143555
teastore\utilities\tools.descartes.teastore.registryclient\src\main\java\tools\descartes\teastore\registryclient\RegistryClientHeartbeatDaemon.java,0.0,0.0,0.018872485842023577,0.0,0.057263422012329104,WebUI,0.057263422012329104
teastore\services\tools.descartes.teastore.recommender\src\main\java\tools\descartes\teastore\recommender\algorithm\RecommenderSelector.java,0.7889444078717913,0.0,0.1334125246320452,6645.1763916015625,0.20643820081438338,Recommender,6645.1763916015625
teastore\services\tools.descartes.teastore.image\src\test\java\tools\descartes\teastore\image\cache\entry\AbstractEntryWrapper.java,0.0,2424.9623107910156,0.025689402648380825,0.019381724085126603,0.1452740124293736,Image,2424.9623107910156
teastore\services\tools.descartes.teastore.image\src\main\java\tools\descartes\teastore\image\storage\NoStorage.java,0.0,2478.1557846069336,1.526916665690286E-5,0.0,0.14395890917096818,Image,2478.1557846069336
teastore\services\tools.descartes.teastore.image\src\test\java\tools\descartes\teastore\image\cache\entry\TestTimedEntry.java,0.553126471383231,2358.2029724121094,0.023668462889535086,0.04642899377005441,0.17043230874197823,Image,2358.2029724121094
teastore\utilities\tools.descartes.teastore.kieker.rabbitmq\src\main\java\tools\descartes\teastore\kieker\rabbitmq\FileWriterDaemon.java,0.0,0.0,0.015090761865888322,0.0,0.10046334266662597,WebUI,0.10046334266662597
teastore\services\tools.descartes.teastore.recommender\src\main\java\tools\descartes\teastore\recommender\servlet\RecommenderStartup.java,0.01667137827192034,0.02500707081386021,1.955426025390625,3364.7013092041016,0.11611781801496233,Recommender,3364.7013092041016
teastore\utilities\tools.descartes.teastore.registryclient\src\main\java\tools\descartes\teastore\registryclient\rest\RestUtil.java,1.9129274640764509,0.07692808423723493,0.07749900136675153,0.11561340604509626,0.18088663646153041,Auth,1.9129274640764509
teastore\services\tools.descartes.teastore.persistence\src\main\java\tools\descartes\teastore\persistence\rest\ProductEndpoint.java,0.6335438864571707,0.19695562635149275,2401.742820739746,0.20426620755876815,0.18371235983712333,Persistence,2401.742820739746
teastore\utilities\tools.descartes.teastore.registryclient\src\main\java\tools\descartes\teastore\registryclient\loadbalancers\LoadBalancerUpdaterDaemon.java,0.0,0.0,0.019641574791499545,0.0,0.05726551328386579,WebUI,0.05726551328386579
teastore\services\tools.descartes.teastore.persistence\src\test\java\tools\descartes\teastore\persistence\DataGeneratorTest.java,0.0933493069240025,0.060293115888323104,2401.742820739746,0.2941564014979771,0.0572418281010219,Persistence,2401.742820739746
teastore\services\tools.descartes.teastore.persistence\src\main\java\tools\descartes\teastore\persistence\domain\OrderRepository.java,0.11102819442749023,0.05397399493626186,2518.5057067871094,0.288580812726702,0.0810202053615025,Persistence,2518.5057067871094
teastore\services\tools.descartes.teastore.webui\src\main\java\tools\descartes\teastore\webui\rest\ReadyRest.java,0.7308314732142858,0.1127553939819336,0.07762043135506766,0.048576555933271134,3678.2518768310547,WebUI,3678.2518768310547
teastore\services\tools.descartes.teastore.image\src\main\java\tools\descartes\teastore\image\cache\RandomReplacement.java,0.0,2471.5737915039062,1.348751663629498E-5,0.01738873038973127,0.14077897753034319,Image,2471.5737915039062
teastore\services\tools.descartes.teastore.recommender\src\main\java\tools\descartes\teastore\recommender\algorithm\AbstractRecommender.java,0.53474486214774,0.10557362692696708,0.0457479647227696,3877.8770065307617,0.10385089601789202,Recommender,3877.8770065307617
teastore\services\tools.descartes.teastore.recommender\src\main\java\tools\descartes\teastore\recommender\rest\RecommendSingleEndpoint.java,0.5481092180524554,0.09242008072989327,0.14401828220912388,5906.04118347168,0.08162097249712263,Recommender,5906.04118347168
teastore\utilities\tools.descartes.teastore.dockermemoryconfigurator\src\main\java\tools\descartes\teastore\dockermemoryconfigurator\Configurator.java,0.5168954031808036,0.0,0.018888018812452043,0.05891263144356864,0.1554239000592913,Auth,0.5168954031808036
teastore\utilities\tools.descartes.teastore.registryclient\src\main\java\tools\descartes\teastore\registryclient\rest\LoadBalancedCRUDOperations.java,0.0,0.0656306198665074,0.06772842407226562,0.055127406120300294,0.05723966189793178,Persistence,0.06772842407226562
teastore\interfaces\tools.descartes.teastore.entities\src\test\java\tools\descartes\teastore\entities\InterfaceTests.java,0.0,0.0,0.09008165768214635,0.0,0.057268340247018,Persistence,0.09008165768214635
teastore\utilities\tools.descartes.teastore.registryclient\src\main\java\tools\descartes\teastore\registryclient\rest\LoadBalancedStoreOperations.java,3.4158091953822542,0.16304377147129603,0.07438756397792272,0.22270931516374862,0.077933440889631,Auth,3.4158091953822542
teastore\services\tools.descartes.teastore.persistence\src\main\java\tools\descartes\teastore\persistence\rest\OrderItemEndpoint.java,0.6196723937988281,0.19005004337855746,2375.9774780273438,0.23880571637834822,0.09255157198224749,Persistence,2375.9774780273438
teastore\services\tools.descartes.teastore.auth\src\test\java\tools\descartes\teastore\auth\security\ShaSecurityProviderTest.java,3250.280532836914,0.0,0.08706152779715402,0.0,0.18531398773193358,Auth,3250.280532836914
teastore\utilities\tools.descartes.teastore.kieker.rabbitmq\src\main\java\tools\descartes\teastore\kieker\rabbitmq\MemoryLogStorage.java,0.0,0.0,1.575897913426161E-5,0.0,0.057264668600899835,WebUI,0.057264668600899835
teastore\services\tools.descartes.teastore.webui\src\main\java\tools\descartes\teastore\webui\servlet\AboutUsServlet.java,0.0,1.2001149858747209,0.04738961628505162,0.0,3995.466079711914,WebUI,3995.466079711914
teastore\utilities\tools.descartes.teastore.kieker.rabbitmq\src\main\java\tools\descartes\teastore\kieker\rabbitmq\LogReaderDaemon.java,0.3231610706874302,0.015997590337480817,0.02022721086229597,0.0,0.05725291797092983,Auth,0.3231610706874302
teastore\utilities\tools.descartes.teastore.registryclient\src\main\java\tools\descartes\teastore\registryclient\loadbalancers\EndpointClientCollection.java,0.013327495540891375,0.0,0.02858438151223319,0.02665499108178275,0.057254307610648016,WebUI,0.057254307610648016
teastore\utilities\tools.descartes.teastore.registryclient\src\main\java\tools\descartes\teastore\registryclient\util\TimeoutException.java,0.0,0.0,1.648614914821727E-5,0.0,0.05726701872689383,WebUI,0.05726701872689383
teastore\utilities\tools.descartes.teastore.registryclient\src\main\java\tools\descartes\teastore\registryclient\util\AbstractCRUDEndpoint.java,0.9839122227260044,0.09045050484793526,0.21930247715541296,0.053742803846086776,0.22668282645089285,Auth,0.9839122227260044
teastore\services\tools.descartes.teastore.auth\src\main\java\tools\descartes\teastore\auth\rest\AuthCartRest.java,3911.909828186035,0.1371683256966727,1.7122685023716517,0.19305291857038226,0.21268572126116073,Auth,3911.909828186035
teastore\services\tools.descartes.teastore.persistence\src\main\java\tools\descartes\teastore\persistence\domain\OrderItemRepository.java,0.0,0.12826762880597795,2543.0579376220703,0.16400414875575475,0.08730684007917132,Persistence,2543.0579376220703
teastore\services\tools.descartes.teastore.image\src\main\java\tools\descartes\teastore\image\storage\rules\StoreAll.java,0.0,2422.942771911621,1.601586118340492E-5,0.0,0.18596326283046177,Image,2422.942771911621
teastore\services\tools.descartes.teastore.persistence\src\main\java\tools\descartes\teastore\persistence\rest\CategoryEndpoint.java,0.49752371651785715,0.06877399172101702,2550.0527572631836,0.06101046289716448,0.06542794363839285,Persistence,2550.0527572631836
teastore\services\tools.descartes.teastore.webui\src\main\java\tools\descartes\teastore\webui\servlet\IndexServlet.java,0.0,1.179818616594587,1.839729963030134,0.0,4258.083839416504,WebUI,4258.083839416504
teastore\services\tools.descartes.teastore.webui\src\main\java\tools\descartes\teastore\webui\servlet\ProductServlet.java,0.02857142857142857,1.374775586809431,2.0037915910993305,0.18667926788330078,3827.2438049316406,WebUI,3827.2438049316406
teastore\services\tools.descartes.teastore.persistence\src\main\java\tools\descartes\teastore\persistence\rest\OrderEndpoint.java,0.6923585074288504,0.06713835852486746,2456.8960189819336,0.41664074489048547,0.08704528127397809,Persistence,2456.8960189819336
teastore\utilities\tools.descartes.teastore.registryclient\src\main\java\tools\descartes\teastore\registryclient\tracing\Tracing.java,0.4223625728062221,0.06279518263680595,0.0406602076121739,0.0,0.08166106087820871,Auth,0.4223625728062221
teastore\services\tools.descartes.teastore.recommender\src\main\java\tools\descartes\teastore\recommender\servlet\TrainingSynchronizer.java,1.061845942905971,0.08722313472202846,2.113686915806362,3013.43692779541,0.37992736271449495,Recommender,3013.43692779541
teastore\services\tools.descartes.teastore.webui\src\main\java\tools\descartes\teastore\webui\servlet\CategoryServlet.java,1.1187513078962052,1.7497602190290178,1.8977412632533481,0.23007635389055525,3453.236312866211,WebUI,3453.236312866211
teastore\services\tools.descartes.teastore.image\src\main\java\tools\descartes\teastore\image\setup\CachingRule.java,0.0,2426.5516662597656,1.503550447523594E-5,0.0,0.17564198630196706,Image,2426.5516662597656
teastore\services\tools.descartes.teastore.recommender\src\main\java\tools\descartes\teastore\recommender\rest\TrainEndpoint.java,0.671100834437779,0.1097625664302281,0.19835916246686663,3142.400360107422,0.33818740844726564,Recommender,3142.400360107422
teastore\services\tools.descartes.teastore.persistence\src\main\java\tools\descartes\teastore\persistence\domain\converters\LocalDateAttributeConverter.java,0.0,0.03207193783351353,2648.745536804199,0.0,0.11984146663120815,Persistence,2648.745536804199
teastore\services\tools.descartes.teastore.image\src\test\java\tools\descartes\teastore\image\TestImageScaler.java,0.7293770926339286,2652.588882446289,0.01845755406788417,0.016464880534580777,0.20677007947649276,Image,2652.588882446289
teastore\utilities\tools.descartes.teastore.kieker.rabbitmq\src\main\java\tools\descartes\teastore\kieker\rabbitmq\DisplayLogs.java,0.0,0.0,1.515143417886325E-5,0.0,0.057262604577200754,WebUI,0.057262604577200754
teastore\services\tools.descartes.teastore.webui\src\main\java\tools\descartes\teastore\webui\servlet\CartServlet.java,0.29104314531598774,1.3715243748256138,2.0037915910993305,0.23181163242885044,3827.2438049316406,WebUI,3827.2438049316406
teastore\services\tools.descartes.teastore.persistence\src\main\java\tools\descartes\teastore\persistence\domain\PersistenceProduct.java,0.0,0.22725154331752231,2603.074264526367,0.07116543224879673,0.1214379038129534,Persistence,2603.074264526367
teastore\interfaces\tools.descartes.teastore.entities\src\main\java\tools\descartes\teastore\entities\Order.java,0.060510471888950895,0.09683388301304409,0.10691594396318709,0.1670872415815081,0.05724526814052037,Recommender,0.1670872415815081
teastore\services\tools.descartes.teastore.image\src\main\java\tools\descartes\teastore\image\cache\AbstractQueueCache.java,0.0,2450.212821960449,1.469811790489725E-5,0.01835237911769322,0.142986147744315,Image,2450.212821960449
teastore\services\tools.descartes.teastore.image\src\main\java\tools\descartes\teastore\image\cache\entry\ICachable.java,0.0,2431.064453125,0.025878807476588658,0.01952456065586635,0.1455859729221889,Image,2431.064453125
teastore\services\tools.descartes.teastore.recommender\src\main\java\tools\descartes\teastore\recommender\algorithm\impl\cf\PreprocessedSlopeOneRecommender.java,0.431827517918178,0.0,0.05360579831259591,3370.5495071411133,0.07573657717023577,Recommender,3370.5495071411133
teastore\services\tools.descartes.teastore.image\src\main\java\tools\descartes\teastore\image\cache\AbstractCache.java,0.07837450844900949,2239.415874481201,0.15601538249424526,0.04317564964294433,0.23212778908865792,Image,2239.415874481201
teastore\services\tools.descartes.teastore.image\src\main\java\tools\descartes\teastore\image\setup\ImageIDFactory.java,0.01654500791004726,2497.975196838379,1.608139469421336E-5,0.03309001582009452,0.1452740124293736,Image,2497.975196838379
teastore\services\tools.descartes.teastore.image\src\main\java\tools\descartes\teastore\image\cache\LastInFirstOut.java,0.0,2442.778739929199,1.44814806325095E-5,0.018184421743665424,0.14260608128138952,Image,2442.778739929199
teastore\services\tools.descartes.teastore.auth\src\main\java\tools\descartes\teastore\auth\security\ShaSecurityProvider.java,3524.2737197875977,0.07657320840018136,0.05985298837934221,0.023459458351135255,0.09092505318777902,Auth,3524.2737197875977
teastore\services\tools.descartes.teastore.image\src\test\java\tools\descartes\teastore\image\cache\DummyData.java,0.0,2452.227020263672,0.036741631371634345,0.018019511018480573,0.14223102842058455,Image,2452.227020263672
teastore\services\tools.descartes.teastore.image\src\test\java\tools\descartes\teastore\image\cache\DummyEntry.java,0.0,2358.2029724121094,0.036215809413364955,0.017857563495635987,0.14186088017054965,Image,2358.2029724121094
teastore\utilities\tools.descartes.teastore.kieker.probes\src\main\java\tools\descartes\teastore\kieker\probes\AbstractOperationExecutionWithParameterAspect.java,0.1457979474748884,1.1678276062011719,0.09559016908918108,0.0,0.13727411542619977,Image,1.1678276062011719
teastore\utilities\tools.descartes.teastore.registryclient\src\main\java\tools\descartes\teastore\registryclient\rest\LoadBalancedRecommenderOperations.java,0.0,0.06606717790876115,0.06836722237723214,3784.364585876465,0.05725945063999721,Recommender,3784.364585876465
teastore\services\tools.descartes.teastore.webui\src\main\java\tools\descartes\teastore\webui\servlet\LoginActionServlet.java,0.1102888788495745,0.07990944726126535,1.200441454005029E-5,0.13491695949009486,3540.4067993164062,WebUI,3540.4067993164062
teastore\interfaces\tools.descartes.teastore.entities\src\main\java\tools\descartes\teastore\entities\ImageSize.java,0.018369972705841064,2126.303539276123,0.10350685800824846,0.03673994541168213,0.17778956549508232,Image,2126.303539276123
teastore\utilities\tools.descartes.teastore.registryclient\src\main\java\tools\descartes\teastore\registryclient\rest\HttpWrapper.java,0.13314244406563894,0.019477643285478866,0.04449326992034912,0.0,0.08363308225359235,Auth,0.13314244406563894
teastore\services\tools.descartes.teastore.persistence\src\main\java\tools\descartes\teastore\persistence\domain\PersistenceOrder.java,0.09806454522269113,0.1060441221509661,2387.614326477051,0.2332737513950893,0.11424856185913086,Persistence,2387.614326477051
teastore\services\tools.descartes.teastore.persistence\src\main\java\tools\descartes\teastore\persistence\domain\ProductRepository.java,0.0,0.1382819039481027,2513.7493896484375,0.14807304654802594,0.0810202053615025,Persistence,2513.7493896484375
teastore\services\tools.descartes.teastore.image\src\main\java\tools\descartes\teastore\image\cache\rules\CacheAll.java,0.0,2422.942771911621,1.601586118340492E-5,0.01933457510811942,0.18596326283046177,Image,2422.942771911621
teastore\services\tools.descartes.teastore.persistence\src\main\java\tools\descartes\teastore\persistence\repository\EMFManager.java,0.6003189086914062,0.06827051298958915,2857.128143310547,0.25681656428745814,0.16240645817347935,Persistence,2857.128143310547
teastore\services\tools.descartes.teastore.registry\src\main\java\tools\descartes\teastore\registry\servlet\IndexServlet.java,0.0,0.014075547456741333,1.458899517144476E-5,0.0,0.09810530117579869,WebUI,0.09810530117579869
teastore\utilities\tools.descartes.teastore.kieker.probes\src\main\java\tools\descartes\teastore\kieker\probes\records\IPayloadCharacterization.java,0.0,0.0,1.621408654110772E-5,0.0,0.057266153608049666,WebUI,0.057266153608049666
teastore\services\tools.descartes.teastore.persistence\src\main\java\tools\descartes\teastore\persistence\domain\PersistenceOrderItem.java,0.0,0.17289353779384067,2620.4767990112305,0.16801915849958146,0.11578254699707032,Persistence,2620.4767990112305
teastore\services\tools.descartes.teastore.image\src\main\java\tools\descartes\teastore\image\cache\IDataCache.java,0.0,2462.092399597168,1.503550447523594E-5,0.018610215187072753,0.14356585911342076,Image,2462.092399597168
teastore\services\tools.descartes.teastore.image\src\main\java\tools\descartes\teastore\image\cache\LeastFrequentlyUsed.java,0.0,2400.1676177978516,1.330487596403275E-5,0.01723787443978446,0.14042754854474748,Image,2400.1676177978516
teastore\services\tools.descartes.teastore.image\src\test\java\tools\descartes\teastore\image\cache\AbstractCacheTestInit.java,0.0,2277.391777038574,1.118450724918927E-5,0.01537097522190639,0.13593993868146623,Image,2277.391777038574
teastore\services\tools.descartes.teastore.image\src\test\java\tools\descartes\teastore\image\cache\entry\TestCountedEntry.java,0.5548692975725447,2365.4429244995117,0.023883186067853654,0.018019511018480573,0.14223102842058455,Image,2365.4429244995117
teastore\services\tools.descartes.teastore.image\src\main\java\tools\descartes\teastore\image\ImageProvider.java,0.33707370758056643,3777.5390625,0.14187694277082172,0.07555627141680037,0.6212364741734095,Image,3777.5390625
teastore\utilities\tools.descartes.teastore.registryclient\src\main\java\tools\descartes\teastore\registryclient\loadbalancers\LoadBalancerTimeoutException.java,0.0,0.0,1.601586118340492E-5,0.0,0.05726551328386579,WebUI,0.05726551328386579
teastore\services\tools.descartes.teastore.image\src\test\java\tools\descartes\teastore\image\cache\TestMostRecentlyUsed.java,0.5688792637416294,2219.8971366882324,1.06974139011332E-5,0.014909618241446359,0.13478987557547434,Image,2219.8971366882324
teastore\utilities\tools.descartes.teastore.registryclient\src\main\java\tools\descartes\teastore\registryclient\rest\ResponseWrapper.java,0.1571699551173619,0.058840860639299664,1.171807359371866E-5,0.04280229636601039,0.07470925876072475,Auth,0.1571699551173619
teastore\services\tools.descartes.teastore.persistence\src\main\java\tools\descartes\teastore\persistence\rest\CacheManagerEndpoint.java,0.7657815660749163,0.024905879156930107,2610.5857849121094,0.06245572226388114,0.24091739654541017,Persistence,2610.5857849121094
teastore\utilities\tools.descartes.teastore.kieker.rabbitmq\src\main\java\tools\descartes\teastore\kieker\rabbitmq\Reset.java,0.0,0.0,1.312711558836911E-5,0.0,0.21688544409615654,WebUI,0.21688544409615654
teastore\utilities\tools.descartes.teastore.registryclient\src\main\java\tools\descartes\teastore\registryclient\loadbalancers\ServiceLoadBalancerResult.java,0.0,0.0,0.1485590934753418,0.0,0.08582861764090402,Persistence,0.1485590934753418
teastore\interfaces\tools.descartes.teastore.entities\src\main\java\tools\descartes\teastore\entities\OrderItem.java,0.0,0.13697686876569476,0.11210478373936245,0.1040475709097726,0.05725024768284389,Image,0.13697686876569476
teastore\services\tools.descartes.teastore.image\src\main\java\tools\descartes\teastore\image\setup\SetupController.java,1.7494964599609375,4069.783401489258,1.9309086390904018,0.2835374014718192,0.5290109361921038,Image,4069.783401489258
teastore\services\tools.descartes.teastore.webui\src\main\java\tools\descartes\teastore\webui\servlet\LoginServlet.java,0.0,1.1583766392299106,1.8284878322056362,0.0,4235.734596252441,WebUI,4235.734596252441
teastore\services\tools.descartes.teastore.image\src\test\java\tools\descartes\teastore\image\TestStoreImage.java,0.5567145211356027,2791.5429306030273,0.03168329170772007,0.02812784569604056,0.17415964944022042,Image,2791.5429306030273
teastore\services\tools.descartes.teastore.auth\src\main\java\tools\descartes\teastore\auth\security\BCryptProvider.java,3457.1640396118164,0.0,1.621408654110772E-5,0.0,0.057266153608049666,Auth,3457.1640396118164
teastore\services\tools.descartes.teastore.registry\src\main\java\tools\descartes\teastore\registry\rest\RegistryStartup.java,0.0,0.0,0.018025517463684082,0.0,0.05726100376674107,WebUI,0.05726100376674107
teastore\services\tools.descartes.teastore.persistence\src\test\java\tools\descartes\teastore\persistence\repository\EMFManagerInitializer.java,0.47346643720354353,0.05913564818246024,2648.745536804199,0.0,0.057262604577200754,Persistence,2648.745536804199
teastore\services\tools.descartes.teastore.recommender\src\test\java\tools\descartes\teastore\recommender\algorithm\PopularityBasedRecommenderTest.java,0.0,0.0,9.84031025187245E-6,2868.430938720703,0.05723966189793178,Recommender,2868.430938720703
teastore\services\tools.descartes.teastore.image\src\test\java\tools\descartes\teastore\image\cache\AbstractCacheWrapper.java,0.0,2442.778739929199,0.03778442655290876,0.018184421743665424,0.14260608128138952,Image,2442.778739929199
teastore\services\tools.descartes.teastore.webui\src\main\java\tools\descartes\teastore\webui\servlet\StatusServlet.java,2.3617222377232143,1.8809777396065848,1.8371444702148438,2.137312534877232,4081.695022583008,WebUI,4081.695022583008
teastore\services\tools.descartes.teastore.recommender\src\test\java\tools\descartes\teastore\recommender\algorithm\AbstractRecommenderFunctionalityTest.java,0.5751237051827567,0.0,0.04700916154044015,2984.972724914551,0.07212764195033482,Recommender,2984.972724914551
teastore\services\tools.descartes.teastore.image\src\test\java\tools\descartes\teastore\image\cache\TestRandomReplacement.java,0.5569747379847936,2117.4400520324707,7.93338320883257E-6,0.012022744757788521,0.1271918841770717,Image,2117.4400520324707
teastore\services\tools.descartes.teastore.webui\src\main\java\tools\descartes\teastore\webui\servlet\AbstractUIServlet.java,0.5979957580566406,0.21949829374040877,0.06800898143223354,0.17296323776245118,3401.170234680176,WebUI,3401.170234680176
teastore\services\tools.descartes.teastore.persistence\src\main\java\tools\descartes\teastore\persistence\repository\DataGenerator.java,1.333086177280971,0.19719548906598772,1982.5870323181152,0.40227058955601286,0.20755066190447127,Persistence,1982.5870323181152
teastore\services\tools.descartes.teastore.recommender\src\main\java\tools\descartes\teastore\recommender\algorithm\OrderItemSet.java,0.060643366404942105,0.0,0.017726147174835206,3534.457130432129,0.07319748061043875,Recommender,3534.457130432129
teastore\services\tools.descartes.teastore.image\src\test\java\tools\descartes\teastore\image\cache\TestLeastRecentlyUsed.java,0.5707823617117745,2219.8971366882324,1.06974139011332E-5,0.014909618241446359,0.13478987557547434,Image,2219.8971366882324
teastore\utilities\tools.descartes.teastore.kieker.rabbitmq\src\main\java\tools\descartes\teastore\kieker\rabbitmq\IndexServlet.java,0.0,0.06058919089181083,1.312711558836911E-5,0.07811837877546038,0.21061955860682896,WebUI,0.21061955860682896
teastore\services\tools.descartes.teastore.recommender\src\main\java\tools\descartes\teastore\recommender\algorithm\impl\pop\PopularityBasedRecommender.java,0.5024703979492188,0.0844191142490932,0.032328132220676965,3456.1859130859375,0.11317087582179479,Recommender,3456.1859130859375
teastore\services\tools.descartes.teastore.image\src\main\java\tools\descartes\teastore\image\StoreImage.java,0.0,3404.357223510742,0.02262977361679077,0.07456655502319336,0.2263519695826939,Image,3404.357223510742
teastore\services\tools.descartes.teastore.image\src\main\java\tools\descartes\teastore\image\setup\CachingMode.java,0.0,2435.155601501465,8.641668994511877E-5,0.0,0.17350026539393834,Image,2435.155601501465
teastore\utilities\tools.descartes.teastore.registryclient\src\main\java\tools\descartes\teastore\registryclient\StartupCallbackTask.java,0.0494718211037772,0.05819446018763951,0.015886611597878592,0.0,0.09720089776175363,WebUI,0.09720089776175363
teastore\utilities\tools.descartes.teastore.registryclient\src\main\java\tools\descartes\teastore\registryclient\rest\NonBalancedCRUDOperations.java,0.7747646331787109,0.07696187836783273,0.14756622314453124,0.08776176997593471,0.20605293001447406,Auth,0.7747646331787109
teastore\services\tools.descartes.teastore.recommender\src\test\java\tools\descartes\teastore\recommender\algorithm\PreprocessedSlopeOneRecommenderTest.java,0.5814529418945312,0.0,0.045416859218052455,2798.965263366699,0.07055599348885673,Recommender,2798.965263366699
teastore\services\tools.descartes.teastore.auth\src\main\java\tools\descartes\teastore\auth\security\ConstantKeyProvider.java,3200.3944778442383,0.0,1.634898528988872E-5,0.0,0.057266582761492046,Auth,3200.3944778442383
teastore\services\tools.descartes.teastore.webui\src\main\java\tools\descartes\teastore\webui\servlet\ErrorServlet.java,0.0,1.1571577889578684,1.8068866184779575,0.0,4232.250938415527,WebUI,4232.250938415527
teastore\services\tools.descartes.teastore.image\src\test\java\tools\descartes\teastore\image\cache\TestFirstInFirstOut.java,0.5731242043631417,2198.409595489502,1.025097860422518E-5,0.014475151470729282,0.13369129725864956,Image,2198.409595489502
teastore\services\tools.descartes.teastore.image\src\main\java\tools\descartes\teastore\image\cache\AbstractTreeCache.java,0.0,2421.0572814941406,1.38682679140142E-5,0.017698502540588378,0.14149555478777204,Image,2421.0572814941406
teastore\services\tools.descartes.teastore.persistence\src\main\java\tools\descartes\teastore\persistence\servlet\IndexServlet.java,0.0,0.014075547456741333,2688.190498352051,0.0,0.09810530117579869,Persistence,2688.190498352051
teastore\services\tools.descartes.teastore.image\src\test\java\tools\descartes\teastore\image\TestImageDB.java,0.5835552215576172,2714.148368835449,6.64555866803442E-6,0.02857142857142857,0.15812679018293108,Image,2714.148368835449
teastore\services\tools.descartes.teastore.image\src\test\java\tools\descartes\teastore\image\TestImageDBKey.java,0.5683502197265625,2358.2029724121094,1.406681923461812E-5,0.0,0.14186088017054965,Image,2358.2029724121094
teastore\services\tools.descartes.teastore.auth\src\main\java\tools\descartes\teastore\auth\security\RandomSessionIdGenerator.java,3168.7940216064453,0.0,1.641727950690048E-5,0.0,0.05726680074419294,Auth,3168.7940216064453
teastore\services\tools.descartes.teastore.persistence\src\main\java\tools\descartes\teastore\persistence\domain\PersistenceUser.java,0.15548926762172155,0.08582938058035715,2537.8182983398438,0.2784173148018973,0.10589978354317801,Persistence,2537.8182983398438
teastore\services\tools.descartes.teastore.image\src\main\java\tools\descartes\teastore\image\ImageDB.java,0.33890999385288784,5092.8887939453125,0.10313480922154018,0.097598511832101,3.0833916800362724,Image,5092.8887939453125
teastore\services\tools.descartes.teastore.auth\src\main\java\tools\descartes\teastore\auth\rest\ReadyRest.java,4031.725387573242,0.029217488425118582,0.07742296627589634,0.04841198240007673,0.0828772817339216,Auth,4031.725387573242
teastore\interfaces\tools.descartes.teastore.entities\src\main\java\tools\descartes\teastore\entities\message\SessionBlob.java,0.02857142857142857,0.08717423166547503,0.0853466578892299,0.044678146498543875,0.057258680888584684,Image,0.08717423166547503
teastore\services\tools.descartes.teastore.image\src\test\java\tools\descartes\teastore\image\storage\rules\TestStoreLargeImages.java,0.5372564588274275,2365.1676177978516,0.020545971393585206,0.0,0.2053678240094866,Image,2365.1676177978516
teastore\utilities\tools.descartes.teastore.kieker.rabbitmq\src\main\java\tools\descartes\teastore\kieker\rabbitmq\LogReaderStartup.java,0.0,0.0,1.367524299504501E-5,0.0,0.057257189069475446,WebUI,0.057257189069475446
teastore\services\tools.descartes.teastore.image\src\test\java\tools\descartes\teastore\image\TestImageProvider.java,0.0,2449.7596740722656,1.691180015248912E-5,0.0,0.14654179981776647,Image,2449.7596740722656
teastore\services\tools.descartes.teastore.image\src\main\java\tools\descartes\teastore\image\storage\DriveStorage.java,0.8548018864222935,2723.4850311279297,0.06836669785635811,0.047739083426339285,0.29392220633370536,Image,2723.4850311279297
teastore\services\tools.descartes.teastore.auth\src\main\java\tools\descartes\teastore\auth\security\ISessionIdGenerator.java,3182.512893676758,0.0,1.669626217335463E-5,0.0,0.057267679486955915,Auth,3182.512893676758
teastore\services\tools.descartes.teastore.persistence\src\main\java\tools\descartes\teastore\persistence\domain\converters\LocalDateTimeAttributeConverter.java,0.0,0.0,2648.745536804199,0.0,0.057262604577200754,Persistence,2648.745536804199
teastore\services\tools.descartes.teastore.persistence\src\main\java\tools\descartes\teastore\persistence\domain\PersistenceCategory.java,0.0,0.22592013222830637,2656.7131423950195,0.06701453072684152,0.12456761768886021,Persistence,2656.7131423950195
teastore\services\tools.descartes.teastore.persistence\src\main\java\tools\descartes\teastore\persistence\daemons\InitialDataGenerationDaemon.java,0.3583723613194057,0.03255941527230399,2779.8449325561523,0.11826286315917969,0.07792562076023647,Persistence,2779.8449325561523
teastore\services\tools.descartes.teastore.webui\src\main\java\tools\descartes\teastore\webui\servlet\elhelper\ELHelperUtils.java,0.0,0.0963404723576137,1.492133430604424E-5,0.0,3645.77449798584,WebUI,3645.77449798584
teastore\services\tools.descartes.teastore.image\src\main\java\tools\descartes\teastore\image\cache\entry\ICacheEntry.java,0.0,2424.9623107910156,0.025689402648380825,0.019381724085126603,0.1452740124293736,Image,2424.9623107910156
teastore\services\tools.descartes.teastore.auth\src\main\java\tools\descartes\teastore\auth\rest\AuthUserActionsRest.java,3722.4317932128906,0.09211169651576451,1.9640779767717633,0.3428468976702009,0.22019530705043247,Auth,3722.4317932128906
teastore\services\tools.descartes.teastore.image\src\main\java\tools\descartes\teastore\image\setup\ImageProviderStartup.java,0.0,2446.5646743774414,2.028448922293527,0.0,0.17460763113839287,Image,2446.5646743774414
teastore\services\tools.descartes.teastore.image\src\main\java\tools\descartes\teastore\image\rest\ImageProviderEndpoint.java,0.7852912902832031,3295.580635070801,0.14732837677001953,0.048745455060686387,0.3187141690935407,Image,3295.580635070801
teastore\services\tools.descartes.teastore.recommender\src\main\java\tools\descartes\teastore\recommender\algorithm\impl\DummyRecommender.java,0.0527942453111921,0.0,1.569604002205389E-5,5284.061126708984,0.08583588600158691,Recommender,5284.061126708984
teastore\interfaces\tools.descartes.teastore.entities\src\main\java\tools\descartes\teastore\entities\ImageSizePreset.java,0.0,1295.0,0.1070551940373012,0.06372810091291155,0.11440154484340123,Image,1295.0
teastore\services\tools.descartes.teastore.image\src\main\java\tools\descartes\teastore\image\setup\CreatorRunner.java,1.1676749093191965,3753.892593383789,0.04280376434326172,0.16297957556588308,0.36033622196742465,Image,3753.892593383789
teastore\services\tools.descartes.teastore.recommender\src\test\java\tools\descartes\teastore\recommender\algorithm\SlopeOneRecommenderTest.java,0.5712912423270089,0.0,0.04445745263780866,2331.541213989258,0.07007078443254744,Recommender,2331.541213989258
teastore\services\tools.descartes.teastore.image\src\test\java\tools\descartes\teastore\image\cache\TestLastInFirstOut.java,0.5731242043631417,2198.409595489502,1.025097860422518E-5,0.014475151470729282,0.13369129725864956,Image,2198.409595489502
teastore\utilities\tools.descartes.teastore.registryclient\src\main\java\tools\descartes\teastore\registryclient\rest\LoadBalancedImageOperations.java,0.909754398890904,3039.0943908691406,0.07415152277265276,0.13317623138427734,0.2857504163469587,Image,3039.0943908691406
teastore\services\tools.descartes.teastore.persistence\src\main\java\tools\descartes\teastore\persistence\domain\UserRepository.java,0.09689209801810128,0.13110588618687222,2622.606086730957,0.19378419603620256,0.06654786382402693,Persistence,2622.606086730957
teastore\services\tools.descartes.teastore.image\src\test\java\tools\descartes\teastore\image\storage\rules\TestStoreAll.java,0.515378897530692,2405.0742721557617,1.544923455055271E-5,0.0,0.18417575018746513,Image,2405.0742721557617
teastore\services\tools.descartes.teastore.recommender\src\main\java\tools\descartes\teastore\recommender\algorithm\impl\orderbased\OrderBasedRecommender.java,0.9942507062639508,0.09267208235604422,2.590808352189405E-5,3675.7300567626953,0.1597260066441127,Recommender,3675.7300567626953
teastore\services\tools.descartes.teastore.persistence\src\main\java\tools\descartes\teastore\persistence\repository\AbstractPersistenceRepository.java,0.0,0.06538055964878627,2619.5750427246094,0.03043193817138672,0.09287142753601074,Persistence,2619.5750427246094
teastore\services\tools.descartes.teastore.auth\src\main\java\tools\descartes\teastore\auth\startup\AuthStartup.java,3155.018539428711,0.0,1.8495821271623885,0.0,0.09352822984967912,Auth,3155.018539428711
teastore\services\tools.descartes.teastore.persistence\src\main\java\tools\descartes\teastore\persistence\rest\DatabaseGenerationEndpoint.java,1.2841185433523996,0.06836928640093122,2674.731979370117,0.5397462572370256,0.19967008318219867,Persistence,2674.731979370117
teastore\services\tools.descartes.teastore.image\src\main\java\tools\descartes\teastore\image\cache\entry\TimedEntry.java,0.015832386698041642,2438.412551879883,0.025018024444580077,0.0505401713507516,0.14415743691580638,Image,2438.412551879883
teastore\utilities\tools.descartes.teastore.registryclient\src\main\java\tools\descartes\teastore\registryclient\RegistryClient.java,1.0269617353166853,0.05477591582706996,0.20568617412022183,0.20837522234235492,0.26236422402518134,Auth,1.0269617353166853
teastore\services\tools.descartes.teastore.persistence\src\main\java\tools\descartes\teastore\persistence\repository\DatabaseManagementEntity.java,0.0,0.06528940200805664,2791.708755493164,0.0,0.057265090942382815,Persistence,2791.708755493164
teastore\services\tools.descartes.teastore.recommender\src\main\java\tools\descartes\teastore\recommender\algorithm\IRecommender.java,0.05298928533281599,0.0,1.582242215850524E-5,5301.272735595703,0.08583630834306989,Recommender,5301.272735595703
teastore\services\tools.descartes.teastore.recommender\src\main\java\tools\descartes\teastore\recommender\rest\RecommendEndpoint.java,0.5730811527797154,0.0943772452218192,0.14700866426740375,6339.073257446289,0.11103449548993792,Recommender,6339.073257446289
teastore\services\tools.descartes.teastore.image\src\main\java\tools\descartes\teastore\image\cache\MostRecentlyUsed.java,0.0,2393.3810806274414,1.312711558836911E-5,0.017089615549360004,0.14008057458060127,Image,2393.3810806274414
teastore\utilities\tools.descartes.teastore.registryclient\src\main\java\tools\descartes\teastore\registryclient\Service.java,2.407157679966518,1.957195826939174,2.0667999267578123,2.4819536481584823,2.865274483816964,WebUI,2.865274483816964
teastore\services\tools.descartes.teastore.image\src\test\java\tools\descartes\teastore\image\cache\TestAbstractCache.java,0.5864650181361607,1715.5867958068848,0.04274250439235142,0.005561579976763044,0.10721715518406459,Image,1715.5867958068848
teastore\services\tools.descartes.teastore.image\src\main\java\tools\descartes\teastore\image\cache\entry\CountedEntry.java,0.0,2408.997459411621,0.025197623457227435,0.019010845252445768,0.1444577762058803,Image,2408.997459411621
teastore\interfaces\tools.descartes.teastore.entities\src\main\java\tools\descartes\teastore\entities\Product.java,0.0,0.2433978489467076,0.11352557454790388,0.0858097757611956,0.06940086228506906,Image,0.2433978489467076
teastore\services\tools.descartes.teastore.registry\src\main\java\tools\descartes\teastore\registry\rest\RegistryREST.java,1.0545853751046317,0.1192533084324428,0.1904341425214495,0.04219212191445487,0.2248767580304827,Auth,1.0545853751046317
