file_path,CameraDataPostProcess,CameraDataProcessCommon,CameraServiceCommon,ChannelCommon,ChannelSink,ChannelSource,DistributedCameraSinkMgr,DistributedCameraSourceMgr,VirtualCameraHdf,utils,best_module,best_likelihood
distributed_camera\services\cameraservice\sourceservice\src\distributedcameramgr\dcameradata\dcamera_stream_data_process_pipeline_listener.cpp,13.615363121032715,8.266094207763672,6.495124340057373,4.745594501495361,1.7458206415176392,1.0490244626998901,6.55778169631958,10.549213409423828,6.6765241622924805,9.533563613891602,CameraDataPostProcess,13.615363121032715
distributed_camera\services\cameraservice\sourceservice\include\distributedcameramgr\dcamerastate\dcamera_source_init_state.h,5.2355055809021,2.485383987426758,8.435202598571777,1.9317349195480347,1.018646001815796,1.0513089895248413,4.640524864196777,8.770309448242188,4.230279445648193,3.005779981613159,DistributedCameraSourceMgr,8.770309448242188
distributed_camera\camera_hdf\interfaces\hdi_ipc\client\provider\dcamera_provider_proxy.h,3.0395469665527344,3.9314470291137695,11.133230209350586,5.755126953125,1.0189704895019531,1.0519566535949707,7.835652828216553,8.838165283203125,12.807787895202637,9.703633308410645,VirtualCameraHdf,12.807787895202637
distributed_camera\camera_hdf\hdi_impl\src\dstream_operator\doffline_stream_operator.cpp,3.0290656089782715,0.0,3.0041937828063965,0.024872008711099625,1.0139057636260986,1.0387777090072632,1.5296212434768677,9.0315523147583,10.83399486541748,9.18826675415039,VirtualCameraHdf,10.83399486541748
distributed_camera\services\cameraservice\sinkservice\test\unittest\common\distributedcameramgr\dcamera_sink_data_process_test.cpp,16.61744499206543,14.23412799835205,11.854911804199219,10.961129188537598,6.051677227020264,3.945794105529785,9.016164779663086,8.720953941345215,8.276037216186523,8.09368896484375,CameraDataPostProcess,16.61744499206543
distributed_camera\camera_hdf\interfaces\hdi_ipc\server\provider\dcamera_provider_stub.cpp,10.888398170471191,11.417645454406738,10.682015419006348,7.888189792633057,1.831579566001892,2.605576515197754,12.63184642791748,11.243607521057129,11.645060539245605,14.89748764038086,utils,14.89748764038086
distributed_camera\interfaces\inner_kits\native_cpp\camera_source\include\distributed_camera_source_proxy.h,5.123311519622803,3.9685916900634766,8.90263843536377,5.884946823120117,1.0181701183319092,1.0515145063400269,3.290621757507324,7.257500648498535,5.4445905685424805,4.643196105957031,CameraServiceCommon,8.90263843536377
distributed_camera\services\data_process\include\pipeline\dcamera_pipeline_sink.h,17.575498580932617,12.360310554504395,9.581628799438477,7.236975193023682,1.0576350688934326,1.168992042541504,8.388938903808594,10.582956314086914,4.214508056640625,6.543156147003174,CameraDataPostProcess,17.575498580932617
distributed_camera\camera_hdf\interfaces\hdi_ipc\server\device\dcamera_device_stub.cpp,10.987493515014648,9.024956703186035,10.551290512084961,5.938560485839844,1.351912498474121,2.149106025695801,8.329232215881348,11.479142189025879,12.474613189697266,14.351866722106934,utils,14.351866722106934
distributed_camera\camera_hdf\hdi_impl\include\dstream_operator\dbuffer_manager.h,5.862146377563477,1.5684739351272583,4.254321098327637,1.0335416793823242,2.5916788578033447,2.051682710647583,2.872506618499756,7.1591057777404785,8.690143585205078,7.296103477478027,VirtualCameraHdf,8.690143585205078
distributed_camera\camera_hdf\interfaces\hdi_ipc\client\operator\dstream_operator_callback.cpp,3.036302089691162,1.8969738483428955,6.113560676574707,3.826284170150757,1.0175710916519165,1.0499073266983032,2.7308690547943115,11.545316696166992,11.529797554016113,7.6080002784729,DistributedCameraSourceMgr,11.545316696166992
distributed_camera\camera_hdf\hdi_impl\include\dstream_operator\doffline_stream_operator.h,3.029006242752075,0.0,3.0041873455047607,0.024818964302539825,1.0138773918151855,1.0386962890625,1.2835946083068848,8.610097885131836,10.580516815185547,6.362799167633057,VirtualCameraHdf,10.580516815185547
distributed_camera\services\cameraservice\sinkservice\include\distributedcameramgr\interface\icamera_sink_access_control.h,3.6531975269317627,6.181805610656738,7.201749324798584,7.109189033508301,1.0367846488952637,4.357465744018555,9.896053314208984,4.562131404876709,5.247636795043945,3.0058281421661377,DistributedCameraSinkMgr,9.896053314208984
distributed_camera\services\data_process\src\pipeline\dcamera_pipeline_sink.cpp,23.621604919433594,25.464170455932617,11.99262523651123,9.647567749023438,3.8345248699188232,1.855280876159668,14.990972518920898,19.061046600341797,6.788869857788086,14.739909172058105,CameraDataProcessCommon,25.464170455932617
distributed_camera\services\cameraservice\sinkservice\src\distributedcameramgr\callback\dcamera_sink_output_result_callback.cpp,10.498651504516602,5.01145076751709,7.512056827545166,3.078470468521118,1.763709306716919,1.102690577507019,10.517723083496094,7.555454730987549,4.4653000831604,7.654061794281006,DistributedCameraSinkMgr,10.517723083496094
distributed_camera\interfaces\inner_kits\native_cpp\camera_source\include\idistributed_camera_source.h,5.246840953826904,4.837871074676514,9.751909255981445,7.500951290130615,1.018161416053772,1.0513916015625,2.996504783630371,7.483584880828857,8.507952690124512,4.629824161529541,CameraServiceCommon,9.751909255981445
distributed_camera\services\channel\include\dcamera_softbus_adapter.h,12.386008262634277,9.98733901977539,13.93639087677002,19.90817642211914,8.738282203674316,8.371511459350586,9.51284408569336,10.042989730834961,6.4109272956848145,9.470884323120117,ChannelCommon,19.90817642211914
distributed_camera\services\channel\include\dcamera_channel_source_impl.h,8.727283477783203,5.653885841369629,10.542922973632812,14.341872215270996,4.454685211181641,5.2599992752075195,5.369543075561523,8.401575088500977,6.9359564781188965,8.147103309631348,ChannelCommon,14.341872215270996
distributed_camera\services\cameraservice\cameraoperator\client\include\callback\dcamera_video_callback.h,4.072177886962891,0.6444035172462463,6.139077663421631,0.06633731722831726,1.0354632139205933,1.1018004417419434,2.4125704765319824,9.730523109436035,4.24676513671875,6.736397743225098,DistributedCameraSourceMgr,9.730523109436035
distributed_camera\camera_hdf\interfaces\hdi_ipc\server\provider\dcamera_provider_callback_proxy.h,3.0394840240478516,3.667715072631836,10.088436126708984,5.564344882965088,1.0191841125488281,1.0529519319534302,5.744151592254639,8.586898803710938,10.012385368347168,9.43480396270752,CameraServiceCommon,10.088436126708984
distributed_camera\camera_hdf\interfaces\hdi_ipc\client\operator\dstream_operator_callback_stub.h,8.960229873657227,8.103269577026367,4.915602207183838,5.692390441894531,1.0190486907958984,1.054108738899231,6.415128231048584,9.234728813171387,9.598063468933105,9.228286743164062,VirtualCameraHdf,9.598063468933105
distributed_camera\services\cameraservice\sourceservice\include\distributedcameramgr\dcameradata\dcamera_source_data_process.h,11.07971477508545,6.605266094207764,7.348789691925049,3.483335494995117,1.0189297199249268,1.0526976585388184,5.822456359863281,10.26093864440918,6.080079555511475,7.510706424713135,CameraDataPostProcess,11.07971477508545
distributed_camera\camera_hdf\hdi_impl\include\dcamera_provider\dcamera_provider.h,3.0395731925964355,1.609447717666626,8.450531959533691,1.6436090469360352,1.0193207263946533,1.053482174873352,5.570845127105713,7.580372333526611,8.885488510131836,10.819796562194824,utils,10.819796562194824
distributed_camera\interfaces\inner_kits\native_cpp\camera_source\include\callback\idcamera_source_callback.h,10.694783210754395,9.998976707458496,7.8145623207092285,9.279841423034668,1.018715500831604,1.051768183708191,4.740539073944092,9.605340003967285,5.125285625457764,6.524119853973389,CameraDataPostProcess,10.694783210754395
distributed_camera\services\data_process\include\pipeline_node\fpscontroller\fps_controller_process.h,20.98442840576172,11.223397254943848,10.638687133789062,4.736256122589111,9.601818084716797,7.235625743865967,18.77593421936035,22.98574447631836,4.37850284576416,6.303560733795166,DistributedCameraSourceMgr,22.98574447631836
distributed_camera\services\cameraservice\sinkservice\src\distributedcameramgr\listener\dcamera_sink_controller_channel_listener.cpp,11.285484313964844,6.655621528625488,13.103373527526855,10.546721458435059,16.832744598388672,12.339518547058105,24.558094024658203,20.80371856689453,4.441624641418457,6.94483757019043,DistributedCameraSinkMgr,24.558094024658203
distributed_camera\services\cameraservice\sinkservice\include\distributedcameramgr\listener\dcamera_sink_data_process_listener.h,9.821773529052734,7.011862277984619,7.565537452697754,6.159640789031982,1.0362948179244995,1.1043052673339844,7.779562473297119,7.207866191864014,4.247147083282471,6.48252010345459,CameraDataPostProcess,9.821773529052734
distributed_camera\services\cameraservice\base\include\dcamera_protocol.h,4.236766815185547,1.4168415069580078,13.927498817443848,5.219592094421387,4.185859203338623,3.6457207202911377,2.666684627532959,9.666380882263184,8.476906776428223,8.184925079345703,CameraServiceCommon,13.927498817443848
distributed_camera\services\data_process\include\interfaces\idata_process_pipeline.h,14.312459945678711,11.856584548950195,8.451640129089355,9.245794296264648,1.0166469812393188,1.047453761100769,6.610153675079346,8.64673900604248,4.244065284729004,5.130683898925781,CameraDataPostProcess,14.312459945678711
distributed_camera\services\cameraservice\sourceservice\include\distributedcameramgr\dcameradata\dcamera_source_input_channel_listener.h,8.293996810913086,5.558751583099365,9.636226654052734,9.531379699707031,3.2305281162261963,3.262699842453003,5.350368976593018,12.562060356140137,5.240172386169434,7.0096516609191895,DistributedCameraSourceMgr,12.562060356140137
distributed_camera\services\cameraservice\base\src\dcamera_channel_info_cmd.cpp,9.343652725219727,8.77739429473877,12.704085350036621,9.708361625671387,8.279312133789062,5.499935150146484,8.336193084716797,8.078104019165039,5.338131427764893,6.74730110168457,CameraServiceCommon,12.704085350036621
distributed_camera\services\cameraservice\cameraoperator\client\include\callback\dcamera_preview_callback.h,4.03494930267334,0.0,5.494674205780029,0.029108867049217224,1.0168489217758179,1.0459578037261963,2.3567278385162354,10.619799613952637,4.24676513671875,6.736397743225098,DistributedCameraSourceMgr,10.619799613952637
distributed_camera\interfaces\inner_kits\native_cpp\camera_sink\src\dcamera_sink_handler.cpp,3.9881913661956787,3.958686590194702,8.344194412231445,5.7885050773620605,1.5170612335205078,1.108885645866394,4.623970031738281,5.28694486618042,7.073044300079346,3.368546485900879,CameraServiceCommon,8.344194412231445
distributed_camera\common\include\utils\dcamera_index.h,3.0375328063964844,4.7432403564453125,3.0057790279388428,2.403374195098877,1.0181472301483154,1.0499011278152466,1.0499011278152466,3.0375328063964844,5.06431245803833,119.72514343261719,utils,119.72514343261719
distributed_camera\services\cameraservice\sourceservice\src\distributedcameramgr\dcamerastate\dcamera_source_init_state.cpp,6.05478048324585,3.0053582191467285,8.735273361206055,2.2517857551574707,2.227489948272705,1.3948227167129517,5.79365348815918,9.17803955078125,4.401190280914307,3.550309419631958,DistributedCameraSourceMgr,9.17803955078125
distributed_camera\camera_hdf\interfaces\hdi_ipc\client\device\dcamera_device_callback_stub.cpp,9.058527946472168,8.982335090637207,7.277170658111572,5.6188788414001465,1.0352596044540405,1.100870132446289,6.452924728393555,8.967177391052246,8.369051933288574,11.594314575195312,utils,11.594314575195312
distributed_camera\interfaces\inner_kits\native_cpp\camera_source\src\distributed_camera_source_proxy.cpp,11.486783027648926,9.157316207885742,9.931650161743164,7.643133163452148,1.5695372819900513,1.0483921766281128,7.189411163330078,10.425910949707031,8.920144081115723,7.316961765289307,CameraDataPostProcess,11.486783027648926
distributed_camera\services\cameraservice\sourceservice\src\distributedcamera\distributed_camera_source_service.cpp,6.692945957183838,3.247037410736084,9.826987266540527,5.837525844573975,1.791239619255066,1.8231931924819946,5.718029499053955,11.850706100463867,10.845324516296387,4.766505718231201,DistributedCameraSourceMgr,11.850706100463867
distributed_camera\camera_hdf\hdi_impl\include\dstream_operator\dcamera_steam.h,3.6119704246520996,0.3097749948501587,4.566714286804199,0.33125054836273193,1.5697070360183716,1.0345789194107056,2.4507174491882324,7.4812517166137695,9.70689868927002,8.120564460754395,VirtualCameraHdf,9.70689868927002
distributed_camera\camera_hdf\interfaces\hdi_ipc\client\device\dcamera_device_proxy.h,4.272414684295654,2.699341297149658,10.222822189331055,4.594379901885986,1.0572950839996338,1.981445550918579,4.190994739532471,10.46933364868164,10.647611618041992,10.813164710998535,utils,10.813164710998535
distributed_camera\services\cameraservice\sourceservice\src\distributedcameramgr\dcameradata\dcamera_stream_data_process_producer.cpp,12.726704597473145,10.66379451751709,7.6528706550598145,4.998440742492676,2.7691454887390137,1.853285312652588,8.9928560256958,13.160244941711426,10.634368896484375,13.231681823730469,utils,13.231681823730469
distributed_camera\camera_hdf\hdi_impl\include\dcamera_host\dcamera_host.h,3.041616678237915,0.0,6.044414043426514,0.03390392288565636,1.0203040838241577,1.0542080402374268,1.251549243927002,5.2099690437316895,6.837878227233887,5.799851894378662,VirtualCameraHdf,6.837878227233887
distributed_camera\services\cameraservice\base\include\dcamera_capture_info_cmd.h,7.870263576507568,5.303487300872803,8.472819328308105,2.9759058952331543,3.0954034328460693,2.5372512340545654,6.17057991027832,9.992928504943848,5.230230331420898,5.855224609375,DistributedCameraSourceMgr,9.992928504943848
distributed_camera\services\cameraservice\cameraoperator\client\src\dcamera_client.cpp,12.894401550292969,6.214104652404785,11.923470497131348,4.156325340270996,1.9266923666000366,1.5689858198165894,8.600518226623535,18.999950408935547,8.518635749816895,8.18746566772461,DistributedCameraSourceMgr,18.999950408935547
distributed_camera\interfaces\inner_kits\native_cpp\camera_sink\include\dcamera_sink_handler.h,4.657774925231934,4.167315483093262,8.757603645324707,6.175460338592529,1.6603213548660278,1.1138193607330322,3.94828462600708,3.681389331817627,4.262411594390869,3.0060954093933105,CameraServiceCommon,8.757603645324707
distributed_camera\camera_hdf\interfaces\hdi_ipc\client\host\dcamera_host_proxy.h,3.44624924659729,1.8373852968215942,7.933058738708496,3.7065765857696533,1.0194936990737915,1.0512996912002563,3.356401205062866,7.355719089508057,8.672439575195312,7.074441909790039,VirtualCameraHdf,8.672439575195312
distributed_camera\services\cameraservice\sourceservice\src\distributedcamera\dcamera_service_state_listener.cpp,11.926165580749512,6.689197063446045,5.424314498901367,4.625279426574707,1.4300788640975952,1.0504039525985718,6.131402492523193,11.806601524353027,6.019138336181641,6.419748783111572,CameraDataPostProcess,11.926165580749512
distributed_camera\camera_hdf\interfaces\hdi_ipc\client\device\dcamera_device_callback.h,3.031334638595581,2.6277973651885986,6.409657955169678,3.9645135402679443,1.0150401592254639,1.039912223815918,2.776177406311035,7.016626358032227,7.429166316986084,6.541601181030273,VirtualCameraHdf,7.429166316986084
distributed_camera\services\cameraservice\sinkservice\src\distributedcameramgr\eventbus\dcamera_frame_trigger_event.cpp,5.013496398925781,1.0,7.974735260009766,1.0292184352874756,2.0099337100982666,2.039152145385742,5.876809120178223,4.773069381713867,4.494790554046631,3.005878210067749,CameraServiceCommon,7.974735260009766
distributed_camera\services\cameraservice\sourceservice\include\distributedcameramgr\dcameracontrol\dcamera_source_controller_channel_listener.h,11.570047378540039,6.5651936531066895,12.917556762695312,10.550010681152344,15.091683387756348,11.62601089477539,20.251508712768555,21.344270706176758,4.241116523742676,6.013824462890625,DistributedCameraSourceMgr,21.344270706176758
distributed_camera\camera_hdf\interfaces\hdi_ipc\client\provider\dcamera_provider_callback.h,3.0394840240478516,3.667715072631836,10.088436126708984,5.564344882965088,1.0191841125488281,1.0529519319534302,5.476036071777344,8.318782806396484,9.744269371032715,9.43480396270752,CameraServiceCommon,10.088436126708984
distributed_camera\services\cameraservice\sourceservice\include\distributedcamera\dcamera_source_callback_proxy.h,10.546632766723633,7.139406204223633,6.186633586883545,3.698413848876953,1.0187517404556274,1.0518985986709595,6.099597454071045,10.835902214050293,5.393434524536133,6.407293319702148,DistributedCameraSourceMgr,10.835902214050293
distributed_camera\services\data_process\src\pipeline_node\multimedia_codec\encode_video_callback.cpp,13.247169494628906,9.77067756652832,6.023250579833984,1.6877741813659668,1.8510900735855103,1.1915624141693115,6.620140075683594,11.79627513885498,8.51655387878418,13.29548454284668,utils,13.29548454284668
distributed_camera\services\cameraservice\cameraoperator\client\include\callback\dcamera_session_callback.h,3.035295009613037,0.0,5.5007643699646,2.6958725452423096,1.0170122385025024,1.046378254890442,2.3618578910827637,7.434185028076172,4.250412940979004,6.753418445587158,DistributedCameraSourceMgr,7.434185028076172
distributed_camera\services\cameraservice\sinkservice\include\distributedcameramgr\interface\icamera_sink_output.h,6.140573501586914,2.8820512294769287,8.365822792053223,3.7858312129974365,1.0356132984161377,1.102374792098999,6.953946113586426,5.977766513824463,4.241215229034424,5.005682945251465,CameraServiceCommon,8.365822792053223
distributed_camera\camera_hdf\interfaces\hdi_ipc\server\host\dcamera_host_stub.cpp,10.525766372680664,7.875002861022949,8.948602676391602,5.240854740142822,1.4325718879699707,2.2594621181488037,7.85458517074585,13.243714332580566,10.855448722839355,13.434502601623535,utils,13.434502601623535
distributed_camera\camera_hdf\interfaces\hdi_ipc\server\operator\doffline_stream_operator_stub.h,8.910698890686035,8.086409568786621,4.930525302886963,5.708401679992676,1.0193455219268799,1.0549781322479248,6.398642539978027,8.794690132141113,10.849574089050293,8.804472923278809,VirtualCameraHdf,10.849574089050293
distributed_camera\services\cameraservice\sourceservice\include\distributedcameramgr\dcamera_source_dev.h,7.155769348144531,2.6457765102386475,15.252814292907715,3.4545252323150635,8.781721115112305,6.472675800323486,15.620401382446289,18.60369300842285,6.030451774597168,6.004962921142578,DistributedCameraSourceMgr,18.60369300842285
distributed_camera\interfaces\inner_kits\native_cpp\camera_source\src\dcamera_source_handler.cpp,5.76534366607666,3.4664645195007324,8.974064826965332,6.136134147644043,2.4200360774993896,1.5154629945755005,2.240083694458008,9.57956314086914,7.564781665802002,5.9591169357299805,DistributedCameraSourceMgr,9.57956314086914
distributed_camera\services\cameraservice\sourceservice\src\distributedcameramgr\dcamerastate\dcamera_source_capture_state.cpp,6.069363594055176,2.677217960357666,12.040870666503906,5.21970796585083,3.9954357147216797,3.1009089946746826,5.735110759735107,12.509486198425293,5.874103546142578,8.622828483581543,DistributedCameraSourceMgr,12.509486198425293
distributed_camera\services\channel\src\dcamera_softbus_adapter.cpp,14.41931438446045,11.732112884521484,14.287092208862305,18.7181339263916,8.78173542022705,8.46483039855957,11.377549171447754,11.661561012268066,7.133457660675049,12.776566505432129,ChannelCommon,18.7181339263916
distributed_camera\camera_hdf\hdi_impl\test\dcamera_hdi_sample.cpp,9.78642463684082,3.144500494003296,8.823636054992676,3.51873779296875,4.592809200286865,2.867532253265381,3.5399038791656494,19.607162475585938,9.095229148864746,10.459602355957031,DistributedCameraSourceMgr,19.607162475585938
distributed_camera\camera_hdf\interfaces\hdi_ipc\server\operator\dstream_operator_callback_proxy.cpp,11.51276683807373,9.416204452514648,7.259024620056152,5.9365715980529785,1.0721650123596191,1.2143065929412842,7.957550525665283,16.383743286132812,12.022130012512207,14.290533065795898,DistributedCameraSourceMgr,16.383743286132812
distributed_camera\camera_hdf\interfaces\hdi_ipc\server\device\dcamera_device_callback_proxy.cpp,9.76265811920166,8.92172908782959,8.510048866271973,5.546764373779297,1.032465934753418,1.0926156044006348,7.24547004699707,8.915166854858398,9.607608795166016,11.061504364013672,utils,11.061504364013672
distributed_camera\services\cameraservice\sinkservice\test\unittest\common\distributedcameramgr\dcamera_sink_access_control_test.cpp,5.816308498382568,11.955978393554688,7.950729846954346,8.708974838256836,1.4417724609375,5.3257155418396,12.7872314453125,6.8195953369140625,6.070727825164795,5.123297691345215,DistributedCameraSinkMgr,12.7872314453125
distributed_camera\services\cameraservice\cameraoperator\client\include\callback\dcamera_photo_callback.h,4.034139156341553,0.0,5.4805192947387695,0.028502870351076126,1.016465663909912,1.044968605041504,2.3448657989501953,12.355223655700684,4.238337993621826,5.894107341766357,DistributedCameraSourceMgr,12.355223655700684
distributed_camera\services\cameraservice\sinkservice\src\distributedcameramgr\listener\dcamera_sink_output_channel_listener.cpp,10.849180221557617,6.346981525421143,9.525077819824219,9.486331939697266,3.8948159217834473,3.2028300762176514,11.449326515197754,8.866765022277832,5.435198783874512,7.92886209487915,DistributedCameraSinkMgr,11.449326515197754
distributed_camera\services\cameraservice\sinkservice\src\distributedcameramgr\callback\dcamera_sink_controller_state_callback.cpp,8.230822563171387,3.624948024749756,11.976710319519043,3.086312770843506,14.642724990844727,10.192387580871582,23.731237411499023,21.44906997680664,4.468622207641602,5.570253849029541,DistributedCameraSinkMgr,23.731237411499023
distributed_camera\services\cameraservice\sinkservice\test\unittest\common\distributedcameramgr\mock_camera_channel.h,6.038167476654053,8.653647422790527,8.680809020996094,11.884930610656738,3.836498975753784,3.2522261142730713,5.347344398498535,5.505586624145508,4.242134094238281,9.16342830657959,ChannelCommon,11.884930610656738
distributed_camera\common\src\utils\data_buffer.cpp,9.900540351867676,11.208540916442871,4.423773288726807,4.757234573364258,1.3893609046936035,1.112739086151123,7.190540790557861,6.605931282043457,4.2089104652404785,107.21549987792969,utils,107.21549987792969
distributed_camera\camera_hdf\interfaces\hdi_ipc\server\device\dcamera_device_callback_proxy.h,3.030716896057129,2.593735933303833,6.382281303405762,3.9234063625335693,1.0147444009780884,1.0390959978103638,3.0439863204956055,7.263182640075684,7.689087390899658,6.509381294250488,VirtualCameraHdf,7.689087390899658
distributed_camera\camera_hdf\interfaces\hdi_ipc\ipc_data_utils.h,9.912944793701172,7.507901668548584,8.09763240814209,5.164002895355225,1.4047744274139404,1.4345208406448364,6.999115943908691,7.929021835327148,7.484412670135498,94.59535217285156,utils,94.59535217285156
distributed_camera\services\cameraservice\cameraoperator\client\src\listener\dcamera_photo_surface_listener_common.cpp,9.385443687438965,11.336727142333984,6.873339653015137,7.727880477905273,2.051379680633545,2.1541991233825684,7.403820991516113,10.598823547363281,4.41401481628418,9.675541877746582,CameraDataProcessCommon,11.336727142333984
distributed_camera\camera_hdf\interfaces\hdi_ipc\client\operator\doffline_stream_operator_proxy.h,3.0280113220214844,1.9262689352035522,5.732078552246094,5.479399681091309,1.814960241317749,1.8387153148651123,3.0202414989471436,11.911077499389648,12.564324378967285,6.658618927001953,VirtualCameraHdf,12.564324378967285
distributed_camera\services\cameraservice\sinkservice\test\unittest\common\distributedcameramgr\mock_dcamera_sink_output.h,6.074983596801758,6.62246036529541,7.498759746551514,4.383975028991699,1.6418591737747192,1.1030875444412231,6.863023281097412,5.9495439529418945,4.23841667175293,7.311799049377441,CameraServiceCommon,7.498759746551514
distributed_camera\services\cameraservice\base\include\dcamera_channel_info_cmd.h,7.93609619140625,6.378109455108643,11.722811698913574,8.424174308776855,5.355413913726807,4.778252601623535,6.239505290985107,7.861520767211914,5.23722505569458,5.882930278778076,CameraServiceCommon,11.722811698913574
distributed_camera\services\cameraservice\cameraoperator\client\include\icamera_operator.h,6.038396835327148,3.0,8.412252426147461,1.0331090688705444,1.018631935119629,1.0517410039901733,6.255589008331299,9.654504776000977,6.736755847930908,6.737161636352539,DistributedCameraSourceMgr,9.654504776000977
distributed_camera\services\cameraservice\sinkservice\test\unittest\common\distributedcameramgr\mock_dcamera_sink_data_process.h,9.5536470413208,11.367257118225098,11.569634437561035,10.275943756103516,3.796144723892212,3.266258478164673,10.414262771606445,8.125746726989746,4.234726428985596,8.662561416625977,CameraServiceCommon,11.569634437561035
distributed_camera\services\cameraservice\sourceservice\include\distributedcameramgr\dcamerahdf\dcamera_provider_callback_impl.h,4.039042949676514,2.405731201171875,10.001885414123535,2.439793825149536,1.0189878940582275,1.0530506372451782,4.90391206741333,9.261276245117188,8.852469444274902,9.007701873779297,CameraServiceCommon,10.001885414123535
distributed_camera\services\cameraservice\sinkservice\include\distributedcameramgr\eventbus\dcamera_frame_trigger_event.h,5.019546985626221,1.0,7.923731803894043,1.031025767326355,1.9288610219955444,1.959886908531189,5.565487861633301,4.530545711517334,4.2502264976501465,3.005903482437134,CameraServiceCommon,7.923731803894043
distributed_camera\services\cameraservice\sourceservice\include\distributedcamera\distributed_camera_source_stub.h,10.945550918579102,8.129854202270508,6.148216247558594,3.809053659439087,1.0299254655838013,1.0869837999343872,6.078611850738525,8.262327194213867,4.2240142822265625,6.537142753601074,CameraDataPostProcess,10.945550918579102
distributed_camera\interfaces\inner_kits\native_cpp\camera_source\include\callback\dcamera_source_callback_stub.h,11.053584098815918,10.203741073608398,7.049655437469482,7.849488258361816,1.0321223735809326,1.0915100574493408,4.966372966766357,9.03752326965332,4.256536483764648,8.375020980834961,CameraDataPostProcess,11.053584098815918
distributed_camera\services\data_process\include\eventbus\dcamera_codec_event.h,8.707801818847656,5.868099212646484,8.03370189666748,1.5779908895492554,1.9526454210281372,1.9859312772750854,7.635389804840088,6.99334716796875,4.2118096351623535,5.78359842300415,CameraDataPostProcess,8.707801818847656
distributed_camera\services\cameraservice\sinkservice\src\distributedcameramgr\listener\dcamera_sink_data_process_listener.cpp,10.406499862670898,6.865507125854492,7.517485618591309,6.034830093383789,1.7670838832855225,1.1021841764450073,8.648418426513672,7.383639335632324,4.468622207641602,7.4020609855651855,CameraDataPostProcess,10.406499862670898
distributed_camera\services\cameraservice\base\include\dcamera_event_cmd.h,3.965864896774292,2.457728385925293,9.448163986206055,2.1056816577911377,3.234445810317993,2.6363894939422607,6.311817646026611,4.888792514801025,4.244381427764893,3.9124903678894043,CameraServiceCommon,9.448163986206055
distributed_camera\services\cameraservice\sourceservice\src\distributedcameramgr\dcamerastate\dcamera_source_opened_state.cpp,6.154999732971191,2.761627674102783,12.198108673095703,5.375207901000977,4.108102798461914,3.1759092807769775,5.823681354522705,10.84973430633545,6.7506103515625,10.155441284179688,CameraServiceCommon,12.198108673095703
distributed_camera\services\cameraservice\sinkservice\src\distributedcameramgr\eventbus\dcamera_photo_output_event.cpp,8.577465057373047,4.0,9.185169219970703,2.0290725231170654,2.007124185562134,2.036196708679199,10.409878730773926,8.545948028564453,4.490630149841309,4.005828380584717,DistributedCameraSinkMgr,10.409878730773926
distributed_camera\services\data_process\include\pipeline_node\multimedia_codec\encode_data_process.h,18.725448608398438,10.329254150390625,8.966652870178223,3.4923183917999268,1.0813301801681519,1.2425340414047241,8.51966667175293,12.069096565246582,7.642675399780273,8.68359375,CameraDataPostProcess,18.725448608398438
distributed_camera\services\cameraservice\sinkservice\src\distributedcamera\distributed_camera_sink_service.cpp,4.497104167938232,3.39654278755188,9.451004981994629,4.8092169761657715,2.8971798419952393,2.7789366245269775,6.228802680969238,8.471684455871582,8.572525024414062,5.00767183303833,CameraServiceCommon,9.451004981994629
distributed_camera\camera_hdf\interfaces\hdi_ipc\server\host\dcamera_host_stub.h,9.363910675048828,7.323823928833008,5.980334758758545,5.492191791534424,1.017565131187439,1.0461989641189575,6.736191749572754,8.849333763122559,6.665019512176514,8.644718170166016,CameraDataPostProcess,9.363910675048828
distributed_camera\services\data_process\include\interfaces\data_process_listener.h,14.98360538482666,10.137979507446289,8.102325439453125,7.885108947753906,1.0136319398880005,1.0383981466293335,6.866837501525879,7.274991512298584,4.242018222808838,6.592889785766602,CameraDataPostProcess,14.98360538482666
distributed_camera\camera_hdf\interfaces\hdi_ipc\client\operator\doffline_stream_operator_proxy.cpp,9.725151062011719,8.10297966003418,5.382265090942383,6.675929546356201,1.6737449169158936,1.739450216293335,7.218570709228516,12.927937507629395,11.56108283996582,10.987857818603516,DistributedCameraSourceMgr,12.927937507629395
distributed_camera\services\data_process\src\pipeline_node\multimedia_codec\encode_data_process.cpp,28.220260620117188,18.975231170654297,11.678251266479492,5.803718090057373,5.19928503036499,3.082268238067627,17.356287002563477,19.70144271850586,10.831460952758789,16.659982681274414,CameraDataPostProcess,28.220260620117188
distributed_camera\services\cameraservice\sourceservice\include\distributedcameramgr\dcamerastate\dcamera_source_state_factory.h,5.3596720695495605,2.643300771713257,7.496303081512451,2.0240588188171387,1.0170358419418335,1.0464389324188232,2.362602949142456,8.607904434204102,4.250942707061768,3.005941867828369,DistributedCameraSourceMgr,8.607904434204102
distributed_camera\camera_hdf\interfaces\hdi_ipc\client\provider\dcamera_provider_proxy.cpp,11.787219047546387,11.166214942932129,13.996979713439941,7.507877826690674,2.067605972290039,2.7727465629577637,14.719303131103516,13.338395118713379,13.650251388549805,15.380501747131348,utils,15.380501747131348
distributed_camera\camera_hdf\interfaces\hdi_ipc\client\host\dcamera_host_callback.h,3.039379119873047,1.9656929969787598,5.787580490112305,3.962247133255005,1.0190651416778564,1.0499264001846313,4.799769401550293,7.217986106872559,6.7693634033203125,4.707144737243652,DistributedCameraSourceMgr,7.217986106872559
distributed_camera\camera_hdf\interfaces\hdi_ipc\client\host\dcamera_host_callback_stub.cpp,9.100172996520996,8.228903770446777,5.74418830871582,5.538003921508789,1.0390675067901611,1.1101855039596558,8.613062858581543,9.202159881591797,6.646073341369629,9.634428977966309,utils,9.634428977966309
distributed_camera\services\cameraservice\sourceservice\include\distributedcameramgr\dcamerastate\dcamera_source_state_machine.h,5.314988136291504,2.5848448276519775,8.406282424926758,1.990941047668457,1.0182713270187378,1.0499387979507446,4.53654670715332,12.555973052978516,4.244043827056885,3.006103277206421,DistributedCameraSourceMgr,12.555973052978516
distributed_camera\camera_hdf\interfaces\hdi_ipc\server\provider\dcamera_provider_stub.h,9.045787811279297,9.950006484985352,7.93477725982666,7.514265537261963,1.033079981803894,1.0943078994750977,9.319979667663574,6.936496257781982,8.862621307373047,8.365103721618652,CameraDataProcessCommon,9.950006484985352
distributed_camera\common\include\constants\distributed_camera_constants.h,16.96916389465332,13.662721633911133,16.051410675048828,14.722358703613281,6.136868953704834,3.473644733428955,11.566841125488281,21.639982223510742,13.189104080200195,16.978321075439453,DistributedCameraSourceMgr,21.639982223510742
distributed_camera\services\cameraservice\sinkservice\include\distributedcameramgr\interface\icamera_sink_data_process.h,9.828104972839355,7.878509998321533,8.42890453338623,5.508885383605957,1.0354632139205933,1.1018004417419434,7.7827630043029785,7.208623886108398,4.24676513671875,4.653934001922607,CameraDataPostProcess,9.828104972839355
distributed_camera\services\cameraservice\sinkservice\test\unittest\common\distributedcameramgr\mock_camera_operator.h,3.039547920227051,5.510178565979004,10.680843353271484,3.2879552841186523,1.601604700088501,1.052073359489441,3.3334405422210693,8.655655860900879,6.740870952606201,9.03548812866211,CameraServiceCommon,10.680843353271484
distributed_camera\services\cameraservice\cameraoperator\client\include\callback\dcamera_input_callback.h,3.0351459980010986,0.0,5.498134613037109,0.02925521694123745,1.0169419050216675,1.0461970567703247,2.3596408367156982,9.320722579956055,4.248836040496826,6.746071815490723,DistributedCameraSourceMgr,9.320722579956055
distributed_camera\services\cameraservice\sinkservice\src\distributedcameramgr\dcamera_sink_output.cpp,17.02845001220703,10.611254692077637,12.802005767822266,15.654646873474121,7.1464104652404785,7.615439414978027,12.698591232299805,15.961029052734375,6.94385290145874,11.769804954528809,CameraDataPostProcess,17.02845001220703
distributed_camera\services\cameraservice\sinkservice\test\unittest\common\distributedcameramgr\dcamera_sink_controller_test.cpp,14.81011962890625,14.121112823486328,19.7541446685791,16.480009078979492,19.99916648864746,16.02573585510254,29.069456100463867,25.56092071533203,9.737062454223633,10.664597511291504,DistributedCameraSinkMgr,29.069456100463867
distributed_camera\services\cameraservice\cameraoperator\client\src\callback\dcamera_preview_callback.cpp,4.637082576751709,0.4439474642276764,6.526978492736816,0.47385692596435547,1.4615620374679565,1.491471529006958,5.312785625457764,10.675837516784668,4.458235740661621,6.931692123413086,DistributedCameraSourceMgr,10.675837516784668
distributed_camera\services\cameraservice\sourceservice\include\distributedcameramgr\dcamerainterface\icamera_input.h,4.038330078125,1.0,8.675605773925781,1.032958984375,1.0185894966125488,1.0515486001968384,2.3373301029205322,9.706984519958496,5.230018615722656,7.156730651855469,DistributedCameraSourceMgr,9.706984519958496
distributed_camera\services\cameraservice\sourceservice\src\distributedcameramgr\dcameradata\dcamera_source_input_channel_listener.cpp,9.04284381866455,5.550220489501953,9.440484046936035,9.127059936523438,3.8784677982330322,3.1537859439849854,6.333781719207764,12.907100677490234,5.435198783874512,7.92886209487915,DistributedCameraSourceMgr,12.907100677490234
distributed_camera\services\cameraservice\base\src\dcamera_event_cmd.cpp,5.579177379608154,4.49144172668457,10.717264175415039,4.037597179412842,4.388668060302734,3.393342971801758,8.471747398376465,4.862498760223389,4.371241569519043,4.820896148681641,CameraServiceCommon,10.717264175415039
distributed_camera\camera_hdf\interfaces\hdi_ipc\client\host\dcamera_host_proxy.cpp,10.531797409057617,8.898297309875488,9.108031272888184,5.377805233001709,1.48018217086792,2.4156382083892822,7.932983875274658,10.172079086303711,10.504646301269531,11.7105073928833,utils,11.7105073928833
distributed_camera\services\cameraservice\sourceservice\test\unittest\common\distributedcameramgr\mock_dcamera_source_state_listener.h,10.87758731842041,12.421658515930176,6.196874618530273,8.158492088317871,1.6347532272338867,1.0522633790969849,5.831036567687988,10.928919792175293,5.124575138092041,7.0736284255981445,CameraDataProcessCommon,12.421658515930176
distributed_camera\common\include\constants\distributed_camera_errno.h,4.176799297332764,5.860800743103027,3.007127046585083,2.316077709197998,1.525015115737915,1.0028518438339233,1.2353540658950806,5.6681647300720215,5.146459102630615,14.171429634094238,utils,14.171429634094238
distributed_camera\services\cameraservice\sinkservice\include\distributedcameramgr\eventbus\dcamera_photo_output_event.h,8.579253196716309,4.0,9.140093803405762,2.0308611392974854,1.9219214916229248,1.9527827501296997,10.094752311706543,8.303359031677246,4.247147083282471,4.005828380584717,DistributedCameraSinkMgr,10.094752311706543
distributed_camera\camera_hdf\interfaces\hdi_ipc\client\provider\dcamera_provider_callback_stub.cpp,11.672958374023438,10.481917381286621,12.132396697998047,9.168980598449707,3.7226102352142334,1.690489649772644,10.700868606567383,13.610039710998535,13.677499771118164,16.547040939331055,utils,16.547040939331055
distributed_camera\services\cameraservice\sourceservice\src\distributedcamera\distributed_camera_source_stub.cpp,11.408373832702637,8.770340919494629,8.384970664978027,5.008420944213867,1.6855436563491821,1.3847588300704956,9.264361381530762,10.677059173583984,9.101346015930176,8.246586799621582,CameraDataPostProcess,11.408373832702637
distributed_camera\services\cameraservice\sinkservice\src\distributedcameramgr\dcamera_sink_dev.cpp,8.034782409667969,5.072215557098389,13.91626262664795,6.365575790405273,17.571983337402344,11.97159481048584,22.41451644897461,18.870330810546875,4.294483661651611,7.486740589141846,DistributedCameraSinkMgr,22.41451644897461
distributed_camera\services\cameraservice\sinkservice\test\unittest\common\distributedcameramgr\dcamera_sink_output_test.cpp,15.276947021484375,10.864156723022461,13.66456413269043,15.390206336975098,7.28815221786499,4.892399787902832,10.537025451660156,9.190427780151367,8.15169620513916,9.199501991271973,ChannelCommon,15.390206336975098
distributed_camera\interfaces\inner_kits\native_cpp\camera_sink\src\distributed_camera_sink_proxy.cpp,11.920756340026855,8.983348846435547,9.743733406066895,10.739364624023438,3.599179267883301,3.103677988052368,9.198068618774414,8.27320671081543,7.611584663391113,10.821259498596191,CameraDataPostProcess,11.920756340026855
distributed_camera\services\data_process\include\pipeline_node\multimedia_codec\decode_video_callback.h,14.91895580291748,9.055325508117676,4.875329971313477,1.7199413776397705,1.0510125160217285,1.150641679763794,5.688714504241943,10.077753067016602,7.4556169509887695,10.938891410827637,CameraDataPostProcess,14.91895580291748
distributed_camera\services\data_process\src\pipeline_node\multimedia_codec\decode_data_process_common.cpp,31.996017456054688,23.89870834350586,11.273831367492676,9.799074172973633,6.597800254821777,4.265377044677734,16.92850685119629,17.679590225219727,9.046083450317383,18.210065841674805,CameraDataPostProcess,31.996017456054688
distributed_camera\services\cameraservice\cameraoperator\handler\src\dcamera_handler.cpp,15.555736541748047,3.635010004043579,10.266210556030273,4.06702184677124,3.54445481300354,3.5560522079467773,7.302882194519043,13.06822681427002,9.760625839233398,10.63204288482666,CameraDataPostProcess,15.555736541748047
distributed_camera\common\include\utils\dcamera_utils_tools.h,3.981116771697998,4.766592502593994,6.643962860107422,2.415755033493042,1.6604079008102417,1.0509779453277588,1.428109884262085,3.415418863296509,4.026439666748047,133.38136291503906,utils,133.38136291503906
distributed_camera\camera_hdf\hdi_impl\src\dstream_operator\dimage_buffer.cpp,8.506476402282715,2.8654353618621826,4.204166889190674,1.845375657081604,3.0188004970550537,2.315049171447754,4.636936187744141,6.339975833892822,6.982242584228516,6.106986045837402,CameraDataPostProcess,8.506476402282715
distributed_camera\camera_hdf\interfaces\hdi_ipc\client\operator\dstream_operator_proxy.cpp,11.153520584106445,11.006705284118652,10.05653190612793,7.723784446716309,3.3283636569976807,2.8332529067993164,8.7411527633667,17.47666358947754,15.290762901306152,19.376317977905273,utils,19.376317977905273
distributed_camera\services\cameraservice\sinkservice\include\distributedcameramgr\callback\dcamera_sink_output_result_callback.h,9.569326400756836,5.067177772521973,7.5730977058410645,3.1359670162200928,1.0366744995117188,1.1054635047912598,9.400240898132324,7.377902030944824,4.246633052825928,6.836938381195068,CameraDataPostProcess,9.569326400756836
distributed_camera\services\cameraservice\cameraoperator\client\src\callback\dcamera_session_callback.cpp,3.6572446823120117,0.4584467113018036,6.54757022857666,3.060029983520508,1.4763139486312866,1.506639003753662,5.356304168701172,7.6675896644592285,4.472836971282959,6.951717853546143,DistributedCameraSourceMgr,7.6675896644592285
distributed_camera\services\data_process\include\pipeline_node\colorspace_conversion\convert_nv12_to_nv21.h,14.963144302368164,13.884689331054688,6.455478668212891,3.6220157146453857,2.0316970348358154,2.0929248332977295,6.483406066894531,8.047830581665039,4.213631629943848,5.1963653564453125,CameraDataPostProcess,14.963144302368164
distributed_camera\services\cameraservice\sinkservice\include\distributedcameramgr\dcamera_sink_controller.h,11.110218048095703,8.431375503540039,16.561182022094727,11.362615585327148,11.029972076416016,10.248311042785645,24.46556854248047,16.75853157043457,4.355644702911377,8.628734588623047,DistributedCameraSinkMgr,24.46556854248047
distributed_camera\camera_hdf\hdi_impl\src\dcamera_host\dcamera_host.cpp,5.306571960449219,0.7469317317008972,9.20776653289795,0.7792975306510925,3.316359758377075,3.1474502086639404,4.93261194229126,6.411210536956787,10.757457733154297,11.850146293640137,utils,11.850146293640137
distributed_camera\camera_hdf\interfaces\hdi_ipc\server\provider\dcamera_provider_callback_proxy.cpp,11.269408226013184,11.166075706481934,12.828291893005371,9.248480796813965,1.7376548051834106,1.233351707458496,10.890276908874512,14.30667495727539,13.937829971313477,17.441638946533203,utils,17.441638946533203
distributed_camera\camera_hdf\interfaces\hdi_ipc\client\device\dcamera_device_callback_stub.h,8.336907386779785,7.682067394256592,5.229205131530762,5.649074554443359,1.0214335918426514,1.0590633153915405,6.1118340492248535,8.69965648651123,7.426516056060791,8.215865135192871,DistributedCameraSourceMgr,8.69965648651123
distributed_camera\services\cameraservice\sourceservice\src\distributedcameramgr\dcameradata\dcamera_source_input.cpp,12.144862174987793,6.932675838470459,13.418034553527832,14.046476364135742,6.945132732391357,5.467647552490234,7.621654510498047,17.423131942749023,8.139830589294434,12.532646179199219,DistributedCameraSourceMgr,17.423131942749023
distributed_camera\services\cameraservice\sourceservice\include\distributedcameramgr\dcameradata\dcamera_source_input.h,8.059588432312012,5.2667622566223145,12.895990371704102,8.294144630432129,2.8632795810699463,2.8974106311798096,5.29671573638916,13.828540802001953,5.978738784790039,9.802421569824219,DistributedCameraSourceMgr,13.828540802001953
distributed_camera\services\cameraservice\sinkservice\src\distributedcameramgr\eventbus\dcamera_post_authorization_event.cpp,3.0375328063964844,1.0,9.172479629516602,1.0317538976669312,2.0057435035705566,2.0374972820281982,5.862173080444336,4.763047695159912,4.492612361907959,3.0057790279388428,CameraServiceCommon,9.172479629516602
distributed_camera\services\cameraservice\sinkservice\include\distributedcameramgr\dcamera_sink_access_control.h,3.6531975269317627,5.323411464691162,6.343355655670166,5.392401695251465,1.0367846488952637,4.357465744018555,9.896053314208984,4.562131404876709,5.247636795043945,3.0058281421661377,DistributedCameraSinkMgr,9.896053314208984
distributed_camera\services\cameraservice\sourceservice\include\distributedcameramgr\dcamera_source_service_ipc.h,5.834344387054443,2.913402557373047,10.168950080871582,2.9461708068847656,1.6194911003112793,1.0512958765029907,6.629968166351318,9.400713920593262,9.722112655639648,3.0054566860198975,CameraServiceCommon,10.168950080871582
distributed_camera\services\data_process\src\pipeline_node\multimedia_codec\encode_data_process_common.cpp,28.092512130737305,23.41403579711914,11.693285942077637,8.188793182373047,5.1963958740234375,3.0736138820648193,17.13621711730957,19.598085403442383,10.726701736450195,16.56187629699707,CameraDataPostProcess,28.092512130737305
distributed_camera\services\cameraservice\sourceservice\src\distributedcameramgr\dcamerastate\dcamera_source_regist_state.cpp,5.823972225189209,2.764767646789551,8.528141021728516,2.055253028869629,2.0323588848114014,1.3396034240722656,5.59092903137207,8.727319717407227,4.339666366577148,7.423985004425049,DistributedCameraSourceMgr,8.727319717407227
distributed_camera\services\cameraservice\base\src\dcamera_info_cmd.cpp,5.7810869216918945,5.144900321960449,9.553912162780762,3.887932062149048,4.451564311981201,3.441493272781372,6.015950679779053,7.235306739807129,4.3903961181640625,4.860530376434326,CameraServiceCommon,9.553912162780762
distributed_camera\services\cameraservice\sourceservice\include\distributedcameramgr\dcamerastate\dcamera_source_state.h,5.399968147277832,2.7819371223449707,8.326059341430664,1.9674303531646729,1.0145690441131592,1.0385196208953857,4.508530139923096,13.831358909606934,6.478325366973877,6.9436516761779785,DistributedCameraSourceMgr,13.831358909606934
distributed_camera\camera_hdf\hdi_impl\test\common.h,9.61469841003418,10.382416725158691,7.043266296386719,3.9068892002105713,2.053838014602661,1.8020731210708618,5.608456611633301,22.652435302734375,9.500591278076172,14.665448188781738,DistributedCameraSourceMgr,22.652435302734375
distributed_camera\services\cameraservice\sinkservice\include\distributedcameramgr\eventbus\dcamera_post_authorization_event.h,3.038546562194824,1.0,9.119776725769043,1.0327918529510498,1.916131854057312,1.9489237070083618,5.542267799377441,4.519716262817383,4.249831676483154,3.0057547092437744,CameraServiceCommon,9.119776725769043
distributed_camera\services\cameraservice\sinkservice\include\distributedcameramgr\dcamera_sink_service_ipc.h,5.497225761413574,3.003389835357666,10.258936882019043,3.0709385871887207,1.6368814706802368,1.1034668684005737,7.685528755187988,8.52209186553955,9.722112655639648,3.0054566860198975,CameraServiceCommon,10.258936882019043
distributed_camera\services\cameraservice\base\test\unittest\common\dcameraprotocol\dcamera_protocol_test.cpp,8.809311866760254,11.02212142944336,16.750028610229492,10.695666313171387,5.445701599121094,5.087326526641846,8.13847827911377,12.399456977844238,8.883737564086914,7.880687713623047,CameraServiceCommon,16.750028610229492
distributed_camera\services\channel\include\icamera_channel_listener.h,6.4511284828186035,3.81130313873291,8.08393383026123,8.435075759887695,3.6507225036621094,5.842684268951416,5.35170841217041,7.866137504577637,4.243781566619873,6.020598888397217,ChannelCommon,8.435075759887695
distributed_camera\services\cameraservice\sinkservice\src\distributedcamera\distributed_camera_sink_stub.cpp,12.179670333862305,8.816850662231445,8.774051666259766,8.824440002441406,3.547332525253296,3.6575655937194824,11.776394844055176,9.529004096984863,8.125174522399902,13.106826782226562,utils,13.106826782226562
distributed_camera\services\cameraservice\cameraoperator\client\src\callback\dcamera_video_callback.cpp,4.676784992218018,1.0495195388793945,7.134088039398193,0.5122786164283752,1.4825530052185059,1.5473459959030151,5.3756279945373535,9.868300437927246,4.461799621582031,6.867713928222656,DistributedCameraSourceMgr,9.868300437927246
distributed_camera\services\cameraservice\sourceservice\src\distributedcameramgr\dcamerahdf\dcamera_provider_callback_impl.cpp,5.204578876495361,1.750569224357605,9.23973274230957,1.7829115390777588,1.7184172868728638,1.0502530336380005,5.727431297302246,9.308125495910645,9.875472068786621,8.80921459197998,VirtualCameraHdf,9.875472068786621
distributed_camera\camera_hdf\interfaces\hdi_ipc\client\device\dcamera_device_proxy.cpp,11.12823486328125,9.335841178894043,10.747563362121582,6.085433483123779,1.3711837530136108,2.2693848609924316,8.4541654586792,12.21139144897461,12.25121784210205,14.798870086669922,utils,14.798870086669922
distributed_camera\common\src\utils\dcamera_utils_tools.cpp,4.740200996398926,6.516432762145996,7.784834384918213,2.657414436340332,1.7205065488815308,1.144801139831543,3.0764148235321045,4.275771141052246,4.168473720550537,107.44014739990234,utils,107.44014739990234
distributed_camera\camera_hdf\interfaces\hdi_ipc\server\host\dcamera_host_callback_proxy.h,3.0390701293945312,1.949527382850647,5.757706642150879,3.929699182510376,1.018921136856079,1.0495656728744507,5.054148197174072,7.470351696014404,7.040791988372803,4.695357799530029,DistributedCameraSourceMgr,7.470351696014404
distributed_camera\services\cameraservice\sinkservice\include\distributedcamera\distributed_camera_sink_stub.h,9.646479606628418,8.196057319641113,7.181267261505127,5.900774002075195,2.044952154159546,2.132141590118408,8.088995933532715,6.390494346618652,4.214040279388428,8.47891616821289,CameraDataPostProcess,9.646479606628418
distributed_camera\camera_hdf\interfaces\hdi_ipc\client\host\dcamera_host_callback_stub.h,8.336907386779785,7.682067394256592,4.98468542098999,5.649074554443359,1.0214335918426514,1.0590633153915405,6.1118340492248535,8.149487495422363,6.761499404907227,8.215865135192871,CameraDataPostProcess,8.336907386779785
distributed_camera\interfaces\inner_kits\native_cpp\camera_source\src\callback\dcamera_source_callback.cpp,12.577925682067871,9.26144027709961,8.259761810302734,7.507781028747559,1.4174927473068237,1.450229287147522,5.345376491546631,9.575077056884766,5.390949249267578,6.578404903411865,CameraDataPostProcess,12.577925682067871
distributed_camera\camera_hdf\interfaces\include\idistributed_camera_provider_callback.h,3.0408976078033447,4.607840538024902,11.203473091125488,9.801193237304688,1.0191799402236938,1.0525604486465454,4.143833637237549,9.96942138671875,9.57080364227295,13.490361213684082,utils,13.490361213684082
distributed_camera\services\data_process\src\pipeline_node\multimedia_codec\decode_data_process.cpp,31.62860870361328,19.68126678466797,11.210671424865723,7.585181713104248,6.680796146392822,4.2117180824279785,16.842464447021484,17.840621948242188,8.996770858764648,16.46472930908203,CameraDataPostProcess,31.62860870361328
distributed_camera\interfaces\inner_kits\native_cpp\camera_source\include\dcamera_source_handler_ipc.h,7.045161724090576,4.030678749084473,10.775300979614258,5.979666233062744,1.6282212734222412,1.0477436780929565,5.3365583419799805,8.856654167175293,5.955303192138672,4.006015300750732,CameraServiceCommon,10.775300979614258
distributed_camera\services\cameraservice\sinkservice\include\distributedcameramgr\dcamera_sink_output.h,9.099186897277832,6.208632469177246,9.258718490600586,7.738941192626953,2.9264156818389893,2.991116762161255,9.527247428894043,8.720966339111328,4.209334850311279,6.911701202392578,DistributedCameraSinkMgr,9.527247428894043
distributed_camera\services\cameraservice\sourceservice\include\distributedcameramgr\dcamerastate\dcamera_source_opened_state.h,5.117263317108154,2.3383941650390625,8.374293327331543,1.843468189239502,1.0188109874725342,1.05217707157135,4.666642189025879,8.133893013000488,4.2095441818237305,4.602687835693359,CameraServiceCommon,8.374293327331543
distributed_camera\services\cameraservice\sinkservice\include\distributedcameramgr\listener\dcamera_sink_controller_channel_listener.h,10.220388412475586,6.6585283279418945,13.01089096069336,10.893067359924316,15.109720230102539,11.680123329162598,22.34633445739746,19.432964324951172,4.241116523742676,6.013824462890625,DistributedCameraSinkMgr,22.34633445739746
distributed_camera\interfaces\inner_kits\native_cpp\camera_source\include\dcamera_source_handler.h,5.97530460357666,3.9566547870635986,9.658365249633789,5.866451740264893,1.6015278100967407,1.052736759185791,1.6166430711746216,7.518893718719482,5.169060707092285,4.840916633605957,CameraServiceCommon,9.658365249633789
distributed_camera\services\cameraservice\sourceservice\include\distributedcameramgr\dcameradata\dcamera_stream_data_process.h,13.201485633850098,7.833574295043945,6.475825786590576,4.521378517150879,1.0189013481140137,1.0529546737670898,5.833076477050781,10.48565673828125,7.073473930358887,9.252324104309082,CameraDataPostProcess,13.201485633850098
distributed_camera\camera_hdf\hdi_impl\include\dcamera_device\dcamera_device.h,3.6947622299194336,0.6269419193267822,9.417938232421875,0.6892502903938293,1.04764986038208,1.7226824760437012,3.687962770462036,8.306046485900879,8.258624076843262,11.722732543945312,utils,11.722732543945312
distributed_camera\services\cameraservice\cameraoperator\client\test\unittest\common\cameraoperator\dcamera_client_test.cpp,11.348677635192871,7.714644432067871,6.574598789215088,3.1925010681152344,3.8187155723571777,1.6643856763839722,7.8327436447143555,17.247575759887695,6.377920627593994,8.554099082946777,DistributedCameraSourceMgr,17.247575759887695
distributed_camera\services\cameraservice\cameraoperator\client\src\callback\dcamera_input_callback.cpp,3.652083396911621,0.45473381876945496,6.542349338531494,0.48495393991470337,1.4725371599197388,1.5027573108673096,5.345213413238525,9.499653816223145,4.469099044799805,6.946667671203613,DistributedCameraSourceMgr,9.499653816223145
distributed_camera\services\data_process\include\utils\image_common_type.h,12.568124771118164,19.775449752807617,5.902121067047119,6.171910285949707,2.851301431655884,2.941525936126709,7.858870506286621,10.615618705749512,4.193413734436035,110.04615783691406,utils,110.04615783691406
distributed_camera\services\cameraservice\base\src\dcamera_metadata_setting_cmd.cpp,5.579517364501953,5.06930685043335,16.190767288208008,4.229885578155518,6.678542137145996,3.7749156951904297,6.6312432289123535,5.185384750366211,6.505552768707275,4.82087516784668,CameraServiceCommon,16.190767288208008
distributed_camera\services\cameraservice\sourceservice\include\distributedcameramgr\dcamerastate\dcamera_source_regist_state.h,5.164944171905518,2.397669792175293,8.401338577270508,1.8790593147277832,1.0187433958053589,1.051822304725647,4.658621788024902,8.226598739624023,4.217905521392822,3.005490779876709,CameraServiceCommon,8.401338577270508
distributed_camera\services\cameraservice\cameraoperator\client\include\listener\dcamera_photo_surface_listener.h,3.0351459980010986,0.0,5.498134613037109,2.411081314086914,1.0169419050216675,1.0461970567703247,2.3596408367156982,9.151453018188477,4.248836040496826,4.831149578094482,DistributedCameraSourceMgr,9.151453018188477
distributed_camera\services\cameraservice\sourceservice\include\distributedcameramgr\dcamerainterface\icamera_state_listener.h,9.972116470336914,6.864241123199463,5.264871597290039,4.921905517578125,1.0188771486282349,1.0521661043167114,5.850461006164551,10.031888008117676,5.133439540863037,4.753637313842773,DistributedCameraSourceMgr,10.031888008117676
distributed_camera\camera_hdf\hdi_impl\src\dstream_operator\dbuffer_manager.cpp,15.065765380859375,6.830552577972412,5.796748638153076,3.6894078254699707,6.347228050231934,3.9818763732910156,9.498332977294922,10.027955055236816,8.136926651000977,9.286470413208008,CameraDataPostProcess,15.065765380859375
distributed_camera\camera_hdf\hdi_impl\src\dcamera_device\dmetadata_processor.cpp,26.24878692626953,20.809785842895508,14.294854164123535,10.167896270751953,4.455048084259033,7.139319896697998,16.479976654052734,19.186481475830078,11.16840934753418,17.881057739257812,CameraDataPostProcess,26.24878692626953
distributed_camera\services\cameraservice\sourceservice\src\distributedcameramgr\dcamera_source_dev.cpp,14.397533416748047,7.684044361114502,18.489606857299805,10.432449340820312,15.531546592712402,10.636341094970703,22.754932403564453,27.10077667236328,9.539566040039062,10.354157447814941,DistributedCameraSourceMgr,27.10077667236328
distributed_camera\interfaces\inner_kits\native_cpp\camera_sink\src\dcamera_sink_handler_ipc.cpp,10.0394926071167,4.816626071929932,8.871315002441406,6.171313285827637,4.292437553405762,3.621807813644409,11.379894256591797,7.155141353607178,9.62587833404541,4.809449195861816,DistributedCameraSinkMgr,11.379894256591797
distributed_camera\camera_hdf\interfaces\hdi_ipc\client\operator\dstream_operator_callback_stub.cpp,11.840292930603027,8.325812339782715,5.8856916427612305,5.519075393676758,3.5337283611297607,1.5089950561523438,7.883565902709961,16.33325958251953,11.811661720275879,13.141095161437988,DistributedCameraSourceMgr,16.33325958251953
distributed_camera\services\cameraservice\sourceservice\include\distributedcamera\dcamera_service_state_listener.h,9.941258430480957,6.832235336303711,5.557994365692139,4.8958916664123535,1.0187932252883911,1.0519872903823853,6.085716724395752,11.960145950317383,5.941929340362549,6.416358470916748,DistributedCameraSourceMgr,11.960145950317383
distributed_camera\services\cameraservice\sourceservice\src\distributedcameramgr\dcamera_source_event.cpp,4.767514228820801,1.7277928590774536,10.245363235473633,1.7619197368621826,1.019394874572754,1.053521752357483,4.461867809295654,8.313348770141602,5.373471736907959,4.885668754577637,CameraServiceCommon,10.245363235473633
distributed_camera\services\cameraservice\sourceservice\src\distributedcameramgr\dcamerastate\dcamera_source_state_factory.cpp,6.484649658203125,3.9586312770843506,7.383630275726318,2.528135299682617,1.6290028095245361,3.1525444984436035,3.164963483810425,13.840373039245605,8.481643676757812,6.823659420013428,DistributedCameraSourceMgr,13.840373039245605
distributed_camera\camera_hdf\interfaces\hdi_ipc\config\host\dcamera_host_config.cpp,9.983997344970703,8.28046703338623,8.134872436523438,6.726578712463379,2.002298593521118,2.002298593521118,8.584184646606445,9.85165786743164,10.26948070526123,8.758330345153809,VirtualCameraHdf,10.26948070526123
distributed_camera\interfaces\inner_kits\native_cpp\camera_sink\include\distributed_camera_sink_proxy.h,3.7131974697113037,4.038686752319336,8.043023109436035,7.975848197937012,2.03863263130188,2.1129322052001953,3.7752275466918945,3.565105676651001,4.511746883392334,5.004335880279541,CameraServiceCommon,8.043023109436035
distributed_camera\camera_hdf\interfaces\hdi_ipc\config\provider\dcamera_provider_config.cpp,9.954520225524902,10.122429847717285,9.990958213806152,8.569354057312012,2.002277374267578,2.002277374267578,11.38890552520752,9.826234817504883,12.391824722290039,10.608460426330566,VirtualCameraHdf,12.391824722290039
distributed_camera\services\cameraservice\cameraoperator\client\include\callback\dcamera_manager_callback.h,3.0330326557159424,0.0,4.279851913452148,0.025359800085425377,1.0158770084381104,1.0412367582321167,2.358778715133667,6.3635573387146,4.2516560554504395,4.839202880859375,DistributedCameraSourceMgr,6.3635573387146
distributed_camera\services\cameraservice\cameraoperator\handler\include\dcamera_handler.h,11.347067832946777,1.6349632740020752,7.79009485244751,2.5607619285583496,1.5999031066894531,1.1250327825546265,4.512648582458496,5.164295673370361,4.229268550872803,5.907583713531494,CameraDataPostProcess,11.347067832946777
distributed_camera\services\cameraservice\sourceservice\src\distributedcameramgr\dcameracontrol\dcamera_source_controller_channel_listener.cpp,12.607218742370605,6.569741249084473,13.01749324798584,10.189452171325684,16.81614875793457,12.289728164672852,22.550704956054688,22.642244338989258,4.441624641418457,6.94483757019043,DistributedCameraSourceMgr,22.642244338989258
distributed_camera\services\cameraservice\sourceservice\src\distributedcameramgr\dcameradata\dcamera_source_data_process.cpp,12.16408634185791,8.679317474365234,8.13120174407959,3.975334405899048,3.6767215728759766,2.0332014560699463,6.648489952087402,10.86630916595459,7.476021766662598,9.451864242553711,CameraDataPostProcess,12.16408634185791
distributed_camera\services\cameraservice\sourceservice\src\distributedcameramgr\dcamerastate\dcamera_source_state_machine.cpp,6.377374172210693,2.6318933963775635,8.353120803833008,1.862496018409729,1.9309613704681396,1.0456074476242065,5.415331840515137,12.840362548828125,4.422075271606445,3.5819878578186035,DistributedCameraSourceMgr,12.840362548828125
distributed_camera\services\data_process\include\pipeline\abstract_data_process.h,12.26356315612793,8.980835914611816,6.740273475646973,2.467306137084961,1.0493382215499878,1.14556884765625,6.5700907707214355,7.326858043670654,4.240662097930908,4.7534685134887695,CameraDataPostProcess,12.26356315612793
distributed_camera\services\cameraservice\sinkservice\test\unittest\common\distributedcameramgr\mock_data_process_pipeline.h,12.63010025024414,14.097541809082031,7.50013542175293,8.164750099182129,1.6467550992965698,1.0498661994934082,6.619988918304443,8.148103713989258,4.246143341064453,6.993791103363037,CameraDataProcessCommon,14.097541809082031
distributed_camera\camera_hdf\hdi_impl\include\dstream_operator\dstream_operator.h,6.005631923675537,1.3115947246551514,5.17511510848999,0.9797860383987427,1.0498679876327515,1.7969400882720947,2.379142999649048,14.042333602905273,10.303401947021484,10.443497657775879,DistributedCameraSourceMgr,14.042333602905273
distributed_camera\services\cameraservice\sourceservice\src\distributedcameramgr\dcamerastate\dcamera_source_config_stream_state.cpp,6.052363395690918,2.5741162300109863,11.795770645141602,4.964016437530518,3.9858858585357666,2.9783177375793457,5.721439361572266,13.081836700439453,6.775369167327881,9.931828498840332,DistributedCameraSourceMgr,13.081836700439453
distributed_camera\services\cameraservice\sourceservice\test\unittest\common\distributedcameramgr\dcamera_source_state_machine_test.cpp,12.110045433044434,9.591992378234863,19.62315559387207,4.809937000274658,3.851099729537964,1.5929653644561768,14.500630378723145,20.226520538330078,10.80118465423584,14.319881439208984,DistributedCameraSourceMgr,20.226520538330078
distributed_camera\services\channel\include\icamera_channel.h,7.1195268630981445,4.611226558685303,9.516554832458496,12.080547332763672,3.5107510089874268,4.599527835845947,5.465929985046387,8.789999008178711,5.238101005554199,9.295303344726562,ChannelCommon,12.080547332763672
distributed_camera\services\channel\src\dcamera_channel_source_impl.cpp,11.407441139221191,6.312373161315918,11.014702796936035,15.280315399169922,7.644996166229248,6.162640571594238,7.153992176055908,9.425887107849121,7.044773578643799,7.873534202575684,ChannelCommon,15.280315399169922
distributed_camera\services\cameraservice\sourceservice\src\distributedcameramgr\dcameracontrol\dcamera_source_controller.cpp,11.927556037902832,10.605161666870117,21.619314193725586,14.115190505981445,14.278302192687988,10.666037559509277,20.005346298217773,18.093080520629883,10.71655559539795,15.124895095825195,CameraServiceCommon,21.619314193725586
distributed_camera\services\cameraservice\base\include\icamera_controller.h,6.567726135253906,1.0,14.753874778747559,3.033109188079834,12.129171371459961,8.738612174987793,16.447908401489258,15.751110076904297,4.226795196533203,6.138862609863281,DistributedCameraSinkMgr,16.447908401489258
distributed_camera\services\cameraservice\sinkservice\include\distributedcameramgr\dcamera_sink_dev.h,6.360633850097656,3.01145076751709,11.223604202270508,5.079610347747803,11.826610565185547,8.979537010192871,17.765897750854492,14.740259170532227,4.235235691070557,5.005500316619873,DistributedCameraSinkMgr,17.765897750854492
distributed_camera\camera_hdf\interfaces\hdi_ipc\server\operator\dstream_operator_stub.h,9.069252014160156,8.048503875732422,4.829176902770996,5.548874378204346,1.0173258781433105,1.0490705966949463,6.408993244171143,7.443094253540039,9.32513427734375,7.3426995277404785,VirtualCameraHdf,9.32513427734375
distributed_camera\services\cameraservice\sourceservice\include\distributedcameramgr\dcamerastate\dcamera_source_config_stream_state.h,5.087611198425293,2.30159330368042,8.353697776794434,1.8213226795196533,1.0188279151916504,1.052323341369629,4.667690277099609,10.112972259521484,6.2410125732421875,5.041853904724121,DistributedCameraSourceMgr,10.112972259521484
distributed_camera\services\data_process\include\pipeline_node\multimedia_codec\decode_data_process.h,22.59208869934082,11.546651840209961,10.746569633483887,4.507228851318359,2.0664334297180176,2.197783946990967,9.878923416137695,12.580717086791992,7.562160015106201,9.987005233764648,CameraDataPostProcess,22.59208869934082
distributed_camera\camera_hdf\hdi_impl\src\dstream_operator\dstream_operator.cpp,22.581998825073242,11.706944465637207,13.91366958618164,7.62991189956665,5.117565631866455,3.0448999404907227,11.6226806640625,29.628053665161133,17.462282180786133,30.18042755126953,utils,30.18042755126953
distributed_camera\services\cameraservice\sourceservice\include\distributedcameramgr\dcamerastate\dcamera_source_capture_state.h,5.117263317108154,2.3383941650390625,8.374293327331543,1.843468189239502,1.0188109874725342,1.05217707157135,4.666642189025879,10.267914772033691,4.2095441818237305,3.0052928924560547,DistributedCameraSourceMgr,10.267914772033691
distributed_camera\services\channel\src\dcamera_softbus_session.cpp,12.069594383239746,8.7221097946167,10.378965377807617,18.112119674682617,11.196847915649414,10.455012321472168,9.46999454498291,11.611137390136719,4.99968957901001,13.877739906311035,ChannelCommon,18.112119674682617
distributed_camera\services\cameraservice\sourceservice\include\distributedcameramgr\dcameracontrol\dcamera_source_controller.h,10.509502410888672,8.036405563354492,16.291122436523438,13.7476167678833,11.65868091583252,10.867548942565918,18.66518783569336,19.023162841796875,4.978738784790039,9.084969520568848,DistributedCameraSourceMgr,19.023162841796875
distributed_camera\services\cameraservice\cameraoperator\client\src\listener\dcamera_video_surface_listener.cpp,9.2559175491333,7.369436740875244,7.313897132873535,5.468704700469971,2.0223283767700195,2.1511662006378174,7.295056343078613,10.068259239196777,4.392445087432861,7.484043598175049,DistributedCameraSourceMgr,10.068259239196777
distributed_camera\services\cameraservice\cameraoperator\handler\test\unittest\common\dcamerahandler\dcamera_handler_test.cpp,3.3444483280181885,5.599898338317871,5.404905796051025,2.860520362854004,1.0327441692352295,1.0933152437210083,2.9487228393554688,4.495485305786133,4.208865642547607,8.1536226272583,utils,8.1536226272583
distributed_camera\camera_hdf\hdi_impl\src\dstream_operator\dcamera_steam.cpp,16.725385665893555,8.302173614501953,6.099903583526611,5.371945381164551,4.839227676391602,5.181277751922607,12.179807662963867,14.335197448730469,10.752859115600586,12.290533065795898,CameraDataPostProcess,16.725385665893555
distributed_camera\services\channel\src\dcamera_channel_sink_impl.cpp,11.267531394958496,7.638224124908447,12.477924346923828,17.09467887878418,5.900547027587891,6.269383907318115,9.192523002624512,8.660888671875,7.0599164962768555,8.041032791137695,ChannelCommon,17.09467887878418
distributed_camera\services\cameraservice\sourceservice\include\distributedcameramgr\dcameradata\dcamera_stream_data_process_pipeline_listener.h,12.931690216064453,8.446044921875,6.492112159729004,4.839613437652588,1.0176832675933838,1.048490047454834,5.645230770111084,10.444168090820312,6.524474620819092,8.754573822021484,CameraDataPostProcess,12.931690216064453
distributed_camera\services\cameraservice\base\src\dcamera_open_info_cmd.cpp,5.28520393371582,4.505871295928955,9.711628913879395,4.045648574829102,4.451564311981201,3.441493272781372,5.1736674308776855,5.9073967933654785,4.3903961181640625,6.991374492645264,CameraServiceCommon,9.711628913879395
distributed_camera\services\cameraservice\sinkservice\src\distributedcameramgr\dcamera_sink_access_control.cpp,4.253734588623047,5.6078996658325195,6.258279800415039,5.212238311767578,1.0527905225753784,4.26163911819458,9.867168426513672,5.288171291351318,5.461892127990723,3.0060300827026367,DistributedCameraSinkMgr,9.867168426513672
distributed_camera\services\data_process\src\pipeline_node\colorspace_conversion\convert_nv12_to_nv21.cpp,13.504036903381348,13.0604248046875,7.72185754776001,4.793394565582275,2.7575175762176514,2.4665088653564453,7.629220962524414,8.531925201416016,4.226023197174072,7.580750942230225,CameraDataPostProcess,13.504036903381348
distributed_camera\services\cameraservice\sinkservice\src\distributedcameramgr\dcamera_sink_data_process.cpp,19.133359909057617,12.830169677734375,11.736209869384766,10.623710632324219,6.2021164894104,4.659023761749268,13.943985939025879,13.60009765625,6.558165550231934,12.346755981445312,CameraDataPostProcess,19.133359909057617
distributed_camera\services\cameraservice\cameraoperator\client\include\dcamera_client.h,3.039482355117798,0.0,7.457254409790039,0.0337466225028038,1.0192631483078003,1.0530097484588623,2.290377378463745,11.445225715637207,4.195511817932129,4.700818061828613,DistributedCameraSourceMgr,11.445225715637207
distributed_camera\services\cameraservice\sinkservice\include\distributedcameramgr\eventbus\dcamera_video_output_event.h,8.616402626037598,4.643032073974609,9.783125877380371,2.0680105686187744,1.9404960870742798,2.0085065364837646,10.150476455688477,7.829630374908447,4.247147083282471,4.005828380584717,DistributedCameraSinkMgr,10.150476455688477
distributed_camera\camera_hdf\interfaces\hdi_ipc\client\provider\dcamera_provider_callback.cpp,3.0388736724853516,3.5262038707733154,9.86165714263916,5.361565589904785,1.0189183950424194,1.0524085760116577,6.345043659210205,8.227746963500977,9.605195045471191,9.309826850891113,CameraServiceCommon,9.86165714263916
distributed_camera\camera_hdf\interfaces\hdi_ipc\server\operator\dstream_operator_callback_proxy.h,3.036512851715088,1.8969738483428955,6.113770961761475,3.826284170150757,1.0176763534545898,1.0500127077102661,3.0054993629455566,11.820052146911621,11.805142402648926,7.608210563659668,DistributedCameraSourceMgr,11.820052146911621
distributed_camera\camera_hdf\interfaces\hdi_ipc\client\device\dcamera_device_callback.cpp,3.0310285091400146,2.6208691596984863,6.403913497924805,3.9561522006988525,1.0148898363113403,1.0396560430526733,2.772787570953369,7.008832931518555,7.423548698425293,6.679184436798096,VirtualCameraHdf,7.423548698425293
distributed_camera\camera_hdf\hdi_impl\include\utils\constants.h,14.271084785461426,8.21717643737793,5.134514808654785,3.1839399337768555,1.6710588932037354,1.802830457687378,7.615511417388916,15.272868156433105,5.311717987060547,106.1366195678711,utils,106.1366195678711
distributed_camera\services\cameraservice\sourceservice\src\distributedcameramgr\dcamera_source_service_ipc.cpp,11.090014457702637,4.609889030456543,9.247787475585938,4.362590312957764,4.032485008239746,3.358670949935913,11.056926727294922,9.312383651733398,13.870207786560059,3.7900867462158203,VirtualCameraHdf,13.870207786560059
distributed_camera\services\channel\include\dcamera_channel_sink_impl.h,7.395264148712158,5.742461204528809,10.631497383117676,14.464492797851562,4.471707820892334,5.3110671043396,7.408257961273193,6.536548614501953,6.935862064361572,8.147103309631348,ChannelCommon,14.464492797851562
distributed_camera\services\data_process\src\pipeline\dcamera_pipeline_source.cpp,23.671913146972656,22.687917709350586,11.675431251525879,8.250675201416016,5.4575629234313965,3.479445457458496,16.971384048461914,19.26616859436035,6.613718032836914,14.413032531738281,CameraDataPostProcess,23.671913146972656
distributed_camera\camera_hdf\hdi_impl\include\dcamera_device\dmetadata_processor.h,14.57986831665039,12.669386863708496,10.175528526306152,5.70294713973999,1.0800180435180664,1.8199889659881592,8.477017402648926,7.996565341949463,10.196866035461426,8.443244934082031,CameraDataPostProcess,14.57986831665039
distributed_camera\camera_hdf\interfaces\hdi_ipc\server\operator\doffline_stream_operator_stub.cpp,9.707306861877441,8.093957901000977,5.3471760749816895,6.6057891845703125,1.654139518737793,1.7131707668304443,7.248652458190918,12.727416038513184,11.480148315429688,10.923927307128906,DistributedCameraSourceMgr,12.727416038513184
distributed_camera\camera_hdf\hdi_impl\src\utils\dcamera.cpp,3.946320056915283,2.335256338119507,4.925698757171631,1.2438410520553589,3.325683355331421,1.204272985458374,4.238622665405273,4.818746566772461,6.016812324523926,102.4842529296875,utils,102.4842529296875
distributed_camera\services\cameraservice\sinkservice\include\distributedcamera\distributed_camera_sink_service.h,3.9106481075286865,2.594803810119629,8.575448989868164,3.981341600418091,2.0349903106689453,2.100526809692383,4.508462905883789,7.80500602722168,4.947306156158447,5.005777359008789,CameraServiceCommon,8.575448989868164
distributed_camera\camera_hdf\hdi_impl\src\dcamera_provider\dcamera_provider.cpp,4.380612850189209,3.317237138748169,9.312725067138672,2.36954665184021,1.2074332237243652,2.4365291595458984,6.789194583892822,10.595845222473145,15.04563045501709,12.20024299621582,VirtualCameraHdf,15.04563045501709
distributed_camera\camera_hdf\hdi_impl\include\utils\dcamera.h,3.0382206439971924,0.0,3.006423234939575,0.03179725632071495,1.0184884071350098,1.0502856969833374,1.293627142906189,3.281562089920044,4.270576000213623,116.48161315917969,utils,116.48161315917969
distributed_camera\services\cameraservice\base\include\dcamera_metadata_setting_cmd.h,3.9818532466888428,2.499570846557617,12.344880104064941,2.141075372695923,3.272259473800659,2.6635658740997314,4.35080623626709,4.903469085693359,6.768884181976318,3.928025484085083,CameraServiceCommon,12.344880104064941
distributed_camera\services\data_process\src\pipeline_node\fpscontroller\fps_controller_process.cpp,27.68134880065918,23.01158905029297,10.606913566589355,7.875340461730957,11.634004592895508,11.370166778564453,27.050504684448242,24.164886474609375,6.520746231079102,9.382207870483398,CameraDataPostProcess,27.68134880065918
distributed_camera\services\cameraservice\sourceservice\include\distributedcameramgr\dcamerainterface\icamera_source_data_process.h,11.752847671508789,7.1737565994262695,7.237215042114258,3.3601741790771484,1.017797589302063,1.0496433973312378,5.362593173980713,9.76395034790039,5.205648422241211,7.3843536376953125,CameraDataPostProcess,11.752847671508789
distributed_camera\camera_hdf\hdi_impl\test\common.cpp,16.98685646057129,18.50773811340332,11.625045776367188,9.479124069213867,6.512321949005127,7.445171356201172,14.471433639526367,23.747188568115234,12.082367897033691,19.82059669494629,DistributedCameraSourceMgr,23.747188568115234
distributed_camera\services\cameraservice\sinkservice\test\unittest\common\distributedcamera\distributed_camera_sink_service_test.cpp,8.732518196105957,12.969525337219238,13.177732467651367,12.581124305725098,4.633920669555664,4.751056671142578,8.990095138549805,7.823042392730713,7.329566955566406,10.331833839416504,CameraServiceCommon,13.177732467651367
distributed_camera\services\cameraservice\sourceservice\include\distributedcamera\distributed_camera_source_service.h,5.233626365661621,2.5312042236328125,9.396965980529785,1.8795241117477417,1.019019365310669,1.0525630712509155,4.257259845733643,11.258885383605957,5.863288402557373,4.611643314361572,DistributedCameraSourceMgr,11.258885383605957
distributed_camera\services\cameraservice\cameraoperator\client\src\callback\dcamera_photo_callback.cpp,4.604668617248535,0.4206649661064148,6.492705345153809,0.44987377524375916,1.437854290008545,1.4670631885528564,5.241666793823242,12.476749420166016,4.434767246246338,5.9188761711120605,DistributedCameraSourceMgr,12.476749420166016
distributed_camera\services\cameraservice\sinkservice\test\unittest\common\distributedcameramgr\dcamera_sink_dev_test.cpp,10.863082885742188,13.633408546447754,14.411561012268066,13.671652793884277,12.682591438293457,10.164737701416016,18.884361267089844,15.301257133483887,7.572088718414307,10.50617504119873,DistributedCameraSinkMgr,18.884361267089844
distributed_camera\camera_hdf\interfaces\include\idistributed_camera_provider.h,3.040625810623169,4.661344528198242,11.891075134277344,7.209044933319092,1.019036054611206,1.0520904064178467,5.999214172363281,7.0054121017456055,10.975650787353516,9.675247192382812,CameraServiceCommon,11.891075134277344
distributed_camera\services\channel\include\dcamera_softbus_session.h,10.6914644241333,6.262174129486084,9.103866577148438,15.765371322631836,7.94378137588501,8.796402931213379,7.809228897094727,9.324943542480469,4.939523220062256,11.21498966217041,ChannelCommon,15.765371322631836
distributed_camera\services\cameraservice\cameraoperator\handler\src\dcamera_handler_common.cpp,15.333500862121582,6.717247009277344,10.466187477111816,5.733176231384277,3.7237772941589355,3.6447620391845703,6.566833019256592,12.759445190429688,9.811991691589355,10.518590927124023,CameraDataPostProcess,15.333500862121582
distributed_camera\services\cameraservice\cameraoperator\client\src\dcamera_client_common.cpp,9.445948600769043,5.301812171936035,10.857131004333496,4.317240238189697,1.9302719831466675,1.5566191673278809,6.028947353363037,18.9375,8.036982536315918,8.306389808654785,DistributedCameraSourceMgr,18.9375
distributed_camera\interfaces\inner_kits\native_cpp\camera_source\src\dcamera_source_handler_ipc.cpp,11.409656524658203,4.717818260192871,8.772507667541504,6.034315586090088,4.273342609405518,3.5645227432250977,9.220866203308105,9.119887351989746,9.62587833404541,4.809449195861816,CameraDataPostProcess,11.409656524658203
distributed_camera\services\data_process\include\pipeline_node\multimedia_codec\encode_video_callback.h,12.798209190368652,9.055325508117676,4.875329971313477,1.7199413776397705,1.0510125160217285,1.150641679763794,5.688714504241943,10.077753067016602,7.4556169509887695,10.938891410827637,CameraDataPostProcess,12.798209190368652
distributed_camera\camera_hdf\interfaces\hdi_ipc\client\operator\dstream_operator_proxy.h,4.157243728637695,4.552363395690918,8.142244338989258,7.7690815925598145,2.3689212799072266,3.2494564056396484,3.759429931640625,16.472549438476562,15.04258918762207,16.787818908691406,utils,16.787818908691406
distributed_camera\camera_hdf\interfaces\hdi_ipc\server\device\dcamera_device_stub.h,9.04349422454834,8.1124906539917,5.1111578941345215,5.644309997558594,1.0192903280258179,1.0529963970184326,6.434625625610352,7.0782790184021,7.30543327331543,6.518309593200684,CameraDataPostProcess,9.04349422454834
distributed_camera\services\cameraservice\sourceservice\src\distributedcamera\dcamera_source_callback_proxy.cpp,10.811652183532715,7.017460823059082,6.264257431030273,3.535449743270874,1.5502816438674927,1.0499565601348877,6.2526373863220215,10.688921928405762,6.1343674659729,7.012948036193848,CameraDataPostProcess,10.811652183532715
distributed_camera\services\cameraservice\sourceservice\src\distributedcameramgr\dcameradata\dcamera_stream_data_process.cpp,16.928770065307617,11.496047973632812,8.239875793457031,5.662341594696045,3.463728189468384,2.0221383571624756,6.958376407623291,12.108152389526367,8.043885231018066,12.245357513427734,CameraDataPostProcess,16.928770065307617
distributed_camera\common\include\utils\data_buffer.h,9.608327865600586,11.165425300598145,4.445596218109131,4.803263187408447,1.0520553588867188,1.1539678573608398,6.813907623291016,6.281275749206543,4.0206146240234375,112.1070785522461,utils,112.1070785522461
distributed_camera\interfaces\inner_kits\native_cpp\camera_source\src\callback\dcamera_source_callback_stub.cpp,11.392658233642578,10.62929630279541,7.125737190246582,7.811532974243164,1.3686838150024414,1.4461675882339478,6.652653217315674,10.742572784423828,6.3009161949157715,9.140296936035156,CameraDataPostProcess,11.392658233642578
distributed_camera\camera_hdf\interfaces\hdi_ipc\client\provider\dcamera_provider_callback_stub.h,9.04327392578125,9.934358596801758,6.703846454620361,7.4661784172058105,1.0191805362701416,1.0528866052627563,9.219202995300293,8.19677734375,8.75708293914795,9.973834991455078,utils,9.973834991455078
distributed_camera\interfaces\inner_kits\native_cpp\camera_sink\include\idistributed_camera_sink.h,6.211000919342041,4.836000919342041,10.290302276611328,12.349228858947754,3.489945650100708,3.5682811737060547,6.050732612609863,5.811033248901367,7.495248794555664,9.871597290039062,ChannelCommon,12.349228858947754
distributed_camera\services\cameraservice\sinkservice\include\distributedcameramgr\listener\dcamera_sink_output_channel_listener.h,9.841168403625488,6.285303592681885,9.729177474975586,9.875273704528809,3.248491048812866,3.316588878631592,10.336078643798828,8.570453643798828,5.240172386169434,7.0096516609191895,DistributedCameraSinkMgr,10.336078643798828
distributed_camera\services\cameraservice\base\include\dcamera_info_cmd.h,6.842263698577881,3.0704498291015625,8.63373851776123,2.096686840057373,3.225290298461914,2.629507541656494,6.8659186363220215,6.923676013946533,4.243786334991455,11.309657096862793,utils,11.309657096862793
distributed_camera\services\cameraservice\sinkservice\include\distributedcameramgr\callback\dcamera_sink_controller_state_callback.h,7.28264045715332,3.715242385864258,11.691654205322266,3.1445250511169434,13.01800537109375,9.552959442138672,21.567697525024414,20.432126998901367,4.248165130615234,4.828011989593506,DistributedCameraSinkMgr,21.567697525024414
distributed_camera\camera_hdf\hdi_impl\include\dstream_operator\dimage_buffer.h,7.463895797729492,2.7237720489501953,4.069999694824219,1.8004952669143677,2.21305513381958,2.324413776397705,3.524580478668213,6.242903232574463,7.297032833099365,5.379800319671631,CameraDataPostProcess,7.463895797729492
distributed_camera\services\cameraservice\sinkservice\src\distributedcameramgr\dcamera_sink_service_ipc.cpp,11.090014457702637,4.609889030456543,9.247787475585938,4.362590312957764,4.032485008239746,3.358670949935913,11.056926727294922,9.312383651733398,13.870207786560059,3.7900867462158203,VirtualCameraHdf,13.870207786560059
distributed_camera\services\data_process\include\eventbus\dcamera_pipeline_event.h,10.963866233825684,7.40757942199707,8.550591468811035,1.6015455722808838,1.9634493589401245,2.0279903411865234,7.656821250915527,8.064321517944336,4.209254741668701,4.541843891143799,CameraDataPostProcess,10.963866233825684
distributed_camera\camera_hdf\interfaces\hdi_ipc\client\host\dcamera_host_callback.cpp,3.038961172103882,1.9535177946090698,5.764894962310791,3.9377341270446777,1.0188640356063843,1.0495624542236328,4.777344226837158,7.193961143493652,6.759129047393799,4.6980814933776855,DistributedCameraSourceMgr,7.193961143493652
distributed_camera\services\cameraservice\sinkservice\src\distributedcameramgr\dcamera_sink_data_process_common.cpp,19.185277938842773,16.16683006286621,11.628911972045898,12.342002868652344,6.1296467781066895,4.5613789558410645,14.001996040344238,13.523033142089844,6.590068817138672,14.081084251403809,CameraDataPostProcess,19.185277938842773
distributed_camera\services\cameraservice\base\include\dcamera_open_info_cmd.h,4.962203025817871,3.4474854469299316,9.63320541381836,3.097269296646118,3.2253150939941406,2.630114793777466,4.303034782409668,5.885451793670654,4.243544578552246,6.317588806152344,CameraServiceCommon,9.63320541381836
distributed_camera\services\data_process\src\utils\image_common_type.cpp,11.928569793701172,15.483783721923828,4.256455421447754,5.84083366394043,2.9106557369232178,2.9106557369232178,7.668774127960205,7.314988613128662,4.450978755950928,116.91455841064453,utils,116.91455841064453
distributed_camera\interfaces\inner_kits\native_cpp\camera_source\include\callback\dcamera_source_callback.h,10.593643188476562,9.06183910369873,8.173312187194824,7.539814472198486,1.0193915367126465,1.0535743236541748,4.690998077392578,9.60124397277832,5.0901665687561035,6.580309867858887,CameraDataPostProcess,10.593643188476562
distributed_camera\camera_hdf\interfaces\hdi_ipc\client\operator\dstream_operator_callback.h,3.036752939224243,1.9187672138214111,6.138718128204346,3.870051383972168,1.01778244972229,1.0502994060516357,2.7478058338165283,11.626097679138184,11.612732887268066,7.662170886993408,DistributedCameraSourceMgr,11.626097679138184
distributed_camera\camera_hdf\interfaces\include\types.h,9.944911003112793,8.069117546081543,9.646145820617676,5.0002617835998535,1.0573354959487915,1.1690829992294312,4.933923721313477,9.262908935546875,12.389989852905273,9.01444149017334,VirtualCameraHdf,12.389989852905273
distributed_camera\services\data_process\include\pipeline\dcamera_pipeline_source.h,17.68917465209961,11.14758586883545,10.019853591918945,6.040678977966309,1.0415351390838623,1.1208031177520752,7.870315074920654,11.294329643249512,4.208934783935547,6.499525547027588,CameraDataPostProcess,17.68917465209961
distributed_camera\services\cameraservice\cameraoperator\client\include\listener\dcamera_video_surface_listener.h,3.072694778442383,0.6499479413032532,6.148082733154297,2.4486300945281982,1.0357162952423096,1.102520227432251,2.415963888168335,8.672629356384277,4.248836040496826,4.831149578094482,DistributedCameraSourceMgr,8.672629356384277
distributed_camera\services\cameraservice\base\src\dcamera_capture_info_cmd.cpp,10.396729469299316,8.2823486328125,11.243666648864746,5.457343578338623,6.4485039710998535,3.621821165084839,8.739917755126953,10.752389907836914,5.273701190948486,6.576574325561523,CameraServiceCommon,11.243666648864746
distributed_camera\services\cameraservice\sourceservice\include\distributedcameramgr\dcameradata\dcamera_stream_data_process_producer.h,10.171684265136719,7.314131736755371,7.3862199783325195,3.0916333198547363,1.0429235696792603,1.1240249872207642,7.161005020141602,13.188258171081543,8.25687026977539,11.587284088134766,DistributedCameraSourceMgr,13.188258171081543
distributed_camera\interfaces\inner_kits\native_cpp\camera_sink\include\dcamera_sink_handler_ipc.h,5.634777545928955,4.140222549438477,10.884844779968262,6.13154935836792,1.6493910551071167,1.111253023147583,7.621522903442383,6.787082195281982,5.955303192138672,4.006015300750732,CameraServiceCommon,10.884844779968262
distributed_camera\camera_hdf\interfaces\hdi_ipc\server\operator\dstream_operator_stub.cpp,12.45329475402832,10.434041023254395,10.25046157836914,8.159287452697754,4.288049697875977,3.126249313354492,8.820954322814941,15.496739387512207,14.86361312866211,17.048006057739258,utils,17.048006057739258
distributed_camera\services\cameraservice\sinkservice\include\distributedcameramgr\dcamera_sink_data_process.h,12.544977188110352,8.93022632598877,12.373748779296875,8.255839347839355,3.3848488330841064,3.4504754543304443,10.172263145446777,8.054034233093262,4.2176361083984375,6.285543441772461,CameraDataPostProcess,12.544977188110352
distributed_camera\services\cameraservice\sinkservice\src\distributedcameramgr\eventbus\dcamera_video_output_event.cpp,8.614614486694336,4.643032073974609,9.828201293945312,2.0662217140197754,2.025698661804199,2.0919206142425537,10.465601921081543,8.072218894958496,4.490630149841309,4.005828380584717,DistributedCameraSinkMgr,10.465601921081543
distributed_camera\services\data_process\src\pipeline\abstract_data_process.cpp,12.55685043334961,9.009912490844727,6.532988548278809,2.4222240447998047,1.4706414937973022,1.123205542564392,6.825299263000488,6.624244689941406,4.4888386726379395,4.812064170837402,CameraDataPostProcess,12.55685043334961
distributed_camera\services\cameraservice\cameraoperator\client\src\listener\dcamera_video_surface_listener_common.cpp,9.414634704589844,11.838823318481445,7.3754353523254395,7.741145610809326,2.0659751892089844,2.1979856491088867,7.431682109832764,10.203802108764648,4.413332462310791,9.675541877746582,CameraDataProcessCommon,11.838823318481445
distributed_camera\camera_hdf\hdi_impl\src\dcamera_device\dcamera_device.cpp,7.431612968444824,6.518408298492432,17.002212524414062,10.706182479858398,6.302557468414307,6.124170780181885,11.858832359313965,17.60421371459961,19.041013717651367,21.138553619384766,utils,21.138553619384766
distributed_camera\camera_hdf\interfaces\hdi_ipc\server\host\dcamera_host_callback_proxy.cpp,9.818136215209961,8.153213500976562,5.698939323425293,5.416110515594482,1.037650465965271,1.1060917377471924,9.448287963867188,9.141022682189941,6.593624591827393,9.505257606506348,CameraDataPostProcess,9.818136215209961
distributed_camera\services\cameraservice\sourceservice\include\distributedcameramgr\dcamera_source_event.h,4.657250881195068,1.6179225444793701,11.560885429382324,1.6520782709121704,2.043060064315796,2.0772156715393066,4.640504837036133,10.502854347229004,6.937643527984619,9.681281089782715,CameraServiceCommon,11.560885429382324
distributed_camera\services\cameraservice\cameraoperator\client\src\callback\dcamera_manager_callback.cpp,3.0324037075042725,0.0,4.2714104652404785,0.02455710433423519,1.0155826807022095,1.0401397943496704,2.5899453163146973,6.573946475982666,4.486421585083008,4.823874473571777,DistributedCameraSourceMgr,6.573946475982666
distributed_camera\services\cameraservice\cameraoperator\client\src\listener\dcamera_photo_surface_listener.cpp,9.425652503967285,7.045711994171143,6.850043296813965,5.593846321105957,2.0618770122528076,2.1634297370910645,7.42107629776001,10.638922691345215,4.419788837432861,7.52545690536499,DistributedCameraSourceMgr,10.638922691345215
distributed_camera\services\cameraservice\sourceservice\test\unittest\common\distributedcameramgr\mock_dcamera_source_dev.h,4.849699020385742,6.107365608215332,11.206925392150879,3.9924278259277344,1.55227792263031,1.0529738664627075,3.985863447189331,9.25434398651123,6.097674369812012,6.154535293579102,CameraServiceCommon,11.206925392150879
distributed_camera\services\data_process\src\pipeline_node\multimedia_codec\decode_video_callback.cpp,17.38152313232422,9.686725616455078,6.010534763336182,1.6780524253845215,1.8462120294570923,1.1892015933990479,8.908331871032715,9.987425804138184,7.398967266082764,13.954425811767578,CameraDataPostProcess,17.38152313232422
distributed_camera\services\cameraservice\sinkservice\test\unittest\common\distributedcameramgr\mock_dcamera_sink_controller.h,6.1726179122924805,7.328331470489502,15.020462036132812,7.194120407104492,11.830750465393066,8.579715728759766,18.6827449798584,15.115439414978027,4.2211761474609375,8.288917541503906,DistributedCameraSinkMgr,18.6827449798584
distributed_camera\services\cameraservice\sinkservice\src\distributedcameramgr\dcamera_sink_controller.cpp,17.076475143432617,12.805679321289062,22.678682327270508,17.551471710205078,16.21870231628418,13.504217147827148,29.09235191345215,21.81123924255371,7.74441385269165,11.47387409210205,DistributedCameraSinkMgr,29.09235191345215
