file_path,backtest,contrib,data,rl,run,strategy,tests,utils,workflow,best_module,best_likelihood
qlib\qlib\contrib\strategy\optimizer\enhanced_indexing.py,5.209280490875244,58.2281494140625,17.65452003479004,9.404363632202148,10.937054634094238,84.27680969238281,7.443924903869629,10.269105911254883,20.656591415405273,strategy,84.27680969238281
qlib\qlib\rl\reward.py,7.501636505126953,3.331927537918091,1.3281861543655396,90.44818115234375,0.0,1.7544368505477905,0.0,4.374569416046143,12.335664749145508,rl,90.44818115234375
qlib\qlib\contrib\model\pytorch_lstm.py,5.9763689041137695,68.81784057617188,93.65068054199219,40.57832717895508,43.0426139831543,22.73680877685547,91.82560729980469,73.23780059814453,52.24893569946289,data,93.65068054199219
qlib\qlib\workflow\task\collect.py,7.547471523284912,11.329771041870117,14.373197555541992,9.291739463806152,22.0656795501709,14.29072093963623,10.870989799499512,17.296924591064453,149.8252410888672,workflow,149.8252410888672
qlib\qlib\rl\utils\log.py,3.8546106815338135,13.142729759216309,54.83986282348633,70.02484893798828,22.39508628845215,13.570147514343262,11.341714859008789,67.36060333251953,39.38736343383789,rl,70.02484893798828
qlib\qlib\backtest\report.py,63.78797912597656,19.39651870727539,109.04049682617188,23.977510452270508,35.76215362548828,25.171167373657227,51.6737060546875,28.662355422973633,47.01210403442383,data,109.04049682617188
qlib\qlib\contrib\data\__init__.py,0.0,57.72470474243164,66.71148681640625,0.0,4.169467926025391,0.0,4.169467926025391,5.788233757019043,6.9994587898254395,data,66.71148681640625
qlib\qlib\rl\order_execution\simulator_simple.py,108.04438018798828,11.779300689697266,94.13700103759766,71.49897003173828,39.2017936706543,4.929234981536865,11.822301864624023,21.642993927001953,32.917598724365234,backtest,108.04438018798828
qlib\qlib\data\cache.py,15.313411712646484,24.577495574951172,129.80506896972656,87.26254272460938,77.96395111083984,27.216785430908203,33.80643844604492,39.27887725830078,70.64612579345703,data,129.80506896972656
qlib\qlib\contrib\report\data\ana.py,2.3314242362976074,57.25823974609375,75.79539489746094,5.26024866104126,36.0008544921875,10.019962310791016,11.183786392211914,11.652997970581055,16.49695587158203,data,75.79539489746094
qlib\qlib\contrib\data\processor.py,2.477681875228882,56.681610107421875,79.08021545410156,4.457415580749512,22.234302520751953,6.4318389892578125,11.911191940307617,10.783697128295898,19.615047454833984,data,79.08021545410156
qlib\qlib\rl\strategy\__init__.py,2.6049113273620605,5.010282516479492,0.0,89.49335479736328,0.0,96.38172149658203,0.0,5.010282516479492,5.260105609893799,strategy,96.38172149658203
qlib\qlib\rl\data\pickle_styled.py,103.31329345703125,13.391865730285645,109.91136169433594,71.52220153808594,29.966466903686523,4.8069353103637695,13.458649635314941,23.163402557373047,43.34125900268555,data,109.91136169433594
qlib\qlib\model\riskmodel\base.py,2.653651714324951,18.34120750427246,56.7713623046875,5.019756317138672,26.086915969848633,8.418625831604004,10.550019264221191,17.268142700195312,44.50958251953125,data,56.7713623046875
qlib\qlib\contrib\torch.py,0.0,56.81856155395508,72.42817687988281,0.0,4.494837284088135,0.0,5.419328689575195,6.296151161193848,8.728026390075684,data,72.42817687988281
qlib\qlib\backtest\account.py,84.1953125,15.715034484863281,66.12183380126953,16.356367111206055,29.152048110961914,25.14244270324707,15.360760688781738,14.962770462036133,47.60610580444336,backtest,84.1953125
qlib\qlib\rl\order_execution\interpreter.py,3.230112314224243,9.844593048095703,93.33065032958984,75.09989929199219,47.29120635986328,4.950538635253906,9.245158195495605,19.261199951171875,33.192012786865234,data,93.33065032958984
qlib\qlib\contrib\model\pytorch_gats.py,5.955926418304443,68.3259506225586,121.85000610351562,40.00587463378906,52.816368103027344,25.17580223083496,90.30403137207031,73.17503356933594,64.91213989257812,data,121.85000610351562
qlib\qlib\backtest\utils.py,77.15509796142578,13.677908897399902,82.05866241455078,5.572929382324219,55.89794921875,7.669295310974121,13.89861011505127,76.61515045166016,22.578245162963867,data,82.05866241455078
qlib\qlib\contrib\model\pytorch_adarnn.py,9.748086929321289,67.99604797363281,124.77217102050781,51.95807647705078,66.2125244140625,23.976999282836914,81.38604736328125,77.11982727050781,64.09346008300781,data,124.77217102050781
qlib\qlib\rl\simulator.py,4.602781295776367,3.796318769454956,0.4297906458377838,87.69795227050781,0.0,0.2035588026046753,0.0,4.059909343719482,3.3039636611938477,rl,87.69795227050781
qlib\qlib\contrib\tuner\pipeline.py,109.451904296875,64.90059661865234,87.62091064453125,6.142455577850342,64.48457336425781,10.644757270812988,41.430850982666016,23.50383758544922,48.051612854003906,backtest,109.451904296875
qlib\qlib\contrib\model\catboost_model.py,3.115591287612915,64.96625518798828,82.9462890625,9.467947006225586,13.673537254333496,11.954974174499512,86.3796615600586,14.509026527404785,49.22563934326172,tests,86.3796615600586
qlib\qlib\contrib\eva\alpha.py,0.25745469331741333,60.19530487060547,71.6090316772461,4.669781684875488,20.103961944580078,7.734642028808594,8.296673774719238,14.938675880432129,17.644784927368164,data,71.6090316772461
qlib\qlib\contrib\model\pytorch_add.py,4.847519874572754,64.95284271240234,105.91967010498047,37.71380615234375,66.33782196044922,24.698469161987305,77.05953216552734,67.25685119628906,71.6788330078125,data,105.91967010498047
qlib\qlib\contrib\model\pytorch_tabnet.py,12.649341583251953,64.01344299316406,93.71753692626953,39.60309982299805,42.764408111572266,25.58873748779297,84.58831024169922,72.28221130371094,55.729679107666016,data,93.71753692626953
qlib\qlib\contrib\model\__init__.py,2.085648536682129,60.04320526123047,9.246365547180176,1.769075870513916,14.142496109008789,7.420422077178955,2.3001549243927,6.5112786293029785,15.363485336303711,contrib,60.04320526123047
qlib\qlib\utils\index_data.py,4.354100227355957,14.150134086608887,97.2762222290039,5.213676929473877,49.59183120727539,6.646049499511719,21.328989028930664,74.14814758300781,28.560733795166016,data,97.2762222290039
qlib\qlib\data\ops.py,9.73611068725586,26.047510147094727,72.78689575195312,180.44705200195312,56.40498352050781,23.227466583251953,36.008399963378906,18.560684204101562,45.50933074951172,rl,180.44705200195312
qlib\qlib\data\storage\__init__.py,0.4663867950439453,2.8238255977630615,70.00314331054688,0.0,4.160780906677246,0.0,5.160780906677246,4.210752487182617,10.415253639221191,data,70.00314331054688
qlib\qlib\utils\serial.py,5.337789058685303,10.454839706420898,15.69420051574707,28.148418426513672,2.5057241916656494,8.02879810333252,5.599910259246826,72.85144805908203,12.343646049499512,utils,72.85144805908203
qlib\qlib\rl\utils\env_wrapper.py,1.89320969581604,12.223572731018066,2.5626120567321777,85.9976806640625,59.44679260253906,9.319869995117188,6.830270767211914,85.32151794433594,18.67402458190918,rl,85.9976806640625
qlib\qlib\model\riskmodel\shrink.py,2.407864570617676,6.84135103225708,24.29505157470703,5.479406356811523,17.723587036132812,6.799017906188965,9.640390396118164,9.361900329589844,18.030187606811523,data,24.29505157470703
qlib\qlib\rl\trainer\trainer.py,7.520981788635254,13.247184753417969,24.04381561279297,79.99109649658203,76.88465118408203,17.62708854675293,50.66252517700195,18.58194923400879,43.521583557128906,rl,79.99109649658203
qlib\qlib\contrib\report\__init__.py,14.835598945617676,60.72219467163086,1.2350748777389526,4.157607078552246,7.715994834899902,3.8814239501953125,1.363356590270996,4.104698657989502,23.020328521728516,contrib,60.72219467163086
qlib\qlib\data\pit.py,0.9059677720069885,12.239212989807129,72.52658081054688,7.925398349761963,29.755542755126953,12.10533618927002,14.7215576171875,12.216465950012207,18.926410675048828,data,72.52658081054688
qlib\qlib\contrib\model\pytorch_gats_ts.py,5.726037979125977,68.22380828857422,127.2831802368164,69.3727798461914,54.208980560302734,24.765235900878906,82.94721221923828,73.13330841064453,71.20527648925781,data,127.2831802368164
qlib\qlib\rl\data\base.py,0.0,7.535872936248779,82.17411041259766,86.58802795410156,13.024039268493652,1.4392708539962769,5.898874282836914,12.311617851257324,15.520914077758789,rl,86.58802795410156
qlib\qlib\rl\trainer\callbacks.py,6.470485210418701,18.10432243347168,71.19697570800781,79.26421356201172,20.439088821411133,14.174603462219238,82.69123840332031,17.857255935668945,64.74241638183594,tests,82.69123840332031
qlib\qlib\rl\aux_info.py,7.772327423095703,3.511399745941162,0.4297906458377838,87.69795227050781,7.3281168937683105,2.757160186767578,0.0,3.7595415115356445,7.699906349182129,rl,87.69795227050781
qlib\qlib\contrib\model\pytorch_gru_ts.py,5.749975204467773,70.46678924560547,99.11675262451172,98.80113220214844,50.744110107421875,22.80241584777832,81.19052124023438,75.7706069946289,61.03328323364258,data,99.11675262451172
qlib\qlib\data\dataset\processor.py,6.840548038482666,12.603471755981445,82.58846282958984,10.425562858581543,34.32478713989258,12.845499038696289,25.62370491027832,22.359336853027344,41.729591369628906,data,82.58846282958984
qlib\qlib\rl\data\__init__.py,0.0,5.186769008636475,66.71148681640625,89.55758666992188,4.169467926025391,0.0,4.169467926025391,6.576591968536377,6.9994587898254395,rl,89.55758666992188
qlib\qlib\contrib\model\pytorch_gru.py,5.918502330780029,69.07730865478516,93.3320083618164,40.714542388916016,51.81895446777344,22.85780906677246,89.3828353881836,72.55889129638672,57.44926071166992,data,93.3320083618164
qlib\qlib\data\dataset\storage.py,1.0208079814910889,10.002347946166992,76.48975372314453,2.032627582550049,17.089670181274414,15.556371688842773,8.83298110961914,11.36211109161377,28.3115291595459,data,76.48975372314453
qlib\qlib\contrib\data\utils\sepdf.py,2.805652141571045,58.33073043823242,66.8228759765625,6.90425443649292,17.499202728271484,10.739666938781738,12.140358924865723,74.47957611083984,14.449413299560547,utils,74.47957611083984
qlib\qlib\rl\contrib\utils.py,2.846208333969116,61.84660339355469,77.43810272216797,90.4499740600586,8.890420913696289,1.843599796295166,8.332128524780273,84.51347351074219,10.5662260055542,rl,90.4499740600586
qlib\qlib\backtest\backtest.py,110.92007446289062,10.458013534545898,69.21717071533203,6.397531986236572,12.31489372253418,130.28814697265625,9.568711280822754,14.054752349853516,34.40761184692383,strategy,130.28814697265625
qlib\qlib\rl\trainer\__init__.py,96.8683853149414,6.984259128570557,0.0,91.89276885986328,0.0,1.844562292098999,0.0,4.984259128570557,10.23192310333252,backtest,96.8683853149414
qlib\qlib\data\_libs\__init__.py,0.6414279341697693,3.471418619155884,66.71148681640625,0.6414279341697693,4.169467926025391,0.6414279341697693,4.810895919799805,4.861241340637207,8.28231430053711,data,66.71148681640625
qlib\qlib\utils\mod.py,2.9354088306427,15.911956787109375,22.514375686645508,52.8275260925293,12.453547477722168,12.374500274658203,9.942665100097656,100.64881134033203,14.47675895690918,utils,100.64881134033203
qlib\qlib\backtest\signal.py,103.43885803222656,11.852740287780762,69.8761215209961,4.748579502105713,4.939643859863281,9.496251106262207,27.944347381591797,13.666285514831543,33.47499465942383,backtest,103.43885803222656
qlib\qlib\rl\contrib\__init__.py,0.0,57.30183792114258,0.0,89.55758666992188,0.0,0.0,0.0,3.9755442142486572,0.050345562398433685,rl,89.55758666992188
qlib\qlib\data\storage\file_storage.py,11.909626007080078,26.94288444519043,102.7642593383789,32.49449920654297,39.01593780517578,17.585121154785156,29.75613021850586,32.768157958984375,34.8668327331543,data,102.7642593383789
qlib\qlib\model\riskmodel\structured.py,2.4298160076141357,20.11124038696289,14.055155754089355,3.162264108657837,19.929500579833984,4.847414493560791,5.0920867919921875,10.056245803833008,24.249134063720703,workflow,24.249134063720703
qlib\qlib\contrib\report\graph.py,3.988882303237915,64.92166900634766,83.7565689086914,5.710685729980469,23.72743034362793,10.37997055053711,13.07718563079834,18.786386489868164,26.560791015625,data,83.7565689086914
qlib\qlib\utils\resam.py,2.455411434173584,8.00162124633789,82.22540283203125,4.213746070861816,33.46649932861328,7.014709949493408,17.59680938720703,72.4172592163086,29.151411056518555,data,82.22540283203125
qlib\qlib\data\__init__.py,0.0,2.7821857929229736,66.63375854492188,0.0,4.102109909057617,0.0,4.102109909057617,4.1495561599731445,6.88429594039917,data,66.63375854492188
qlib\qlib\contrib\model\pytorch_tcts.py,14.816699981689453,70.30631256103516,98.6309585571289,43.75209045410156,54.56018829345703,22.628786087036133,106.22064971923828,82.52552795410156,65.102783203125,tests,106.22064971923828
qlib\qlib\model\riskmodel\__init__.py,0.4749712347984314,2.4750092029571533,0.0,0.35622841119766235,0.35622841119766235,2.6623992919921875,0.35622841119766235,2.0000381469726562,6.4936370849609375,workflow,6.4936370849609375
qlib\qlib\contrib\model\gbdt.py,10.317355155944824,67.65243530273438,80.0105972290039,9.656509399414062,20.719980239868164,14.491060256958008,85.77482604980469,17.369558334350586,50.964412689208984,tests,85.77482604980469
qlib\qlib\rl\__init__.py,0.0,2.3984029293060303,0.0,92.08592224121094,0.0,0.0,0.0,2.3984029293060303,2.7544708251953125,rl,92.08592224121094
qlib\qlib\utils\__init__.py,16.697696685791016,47.7197265625,144.4095001220703,89.05587005615234,116.59265899658203,36.73714065551758,44.722206115722656,102.0594711303711,99.96074676513672,data,144.4095001220703
qlib\qlib\model\base.py,0.9297977089881897,7.770534038543701,52.46467208862305,0.4148654043674469,3.6863951683044434,4.521135330200195,59.2623405456543,10.97853946685791,23.628042221069336,tests,59.2623405456543
qlib\qlib\contrib\report\analysis_position\risk_analysis.py,8.515759468078613,60.72509002685547,98.77861785888672,1.9279706478118896,12.550827026367188,5.190683364868164,13.20952320098877,14.230608940124512,30.731904983520508,data,98.77861785888672
qlib\qlib\data\inst_processor.py,0.0,8.390698432922363,67.2611312866211,0.0,4.14100456237793,1.412071943283081,5.755134105682373,4.441286563873291,12.805652618408203,data,67.2611312866211
qlib\qlib\contrib\model\pytorch_tcn.py,4.5177154541015625,68.322021484375,92.63253784179688,40.58317947387695,25.165523529052734,22.76138687133789,91.67510223388672,72.89447784423828,51.50213623046875,data,92.63253784179688
qlib\qlib\contrib\ops\__init__.py,0.0,54.9450569152832,0.7790043354034424,0.0,0.0,0.0,0.0,1.618765950202942,0.050345562398433685,contrib,54.9450569152832
qlib\qlib\log.py,5.366927623748779,13.276784896850586,10.051226615905762,27.842073440551758,5.614492416381836,14.295944213867188,25.41183853149414,11.63882827758789,30.833820343017578,workflow,30.833820343017578
qlib\qlib\model\meta\dataset.py,0.44565683603286743,7.349999904632568,60.40260314941406,1.9429794549942017,3.88016414642334,3.7094898223876953,57.33429718017578,8.046049118041992,28.161849975585938,data,60.40260314941406
qlib\qlib\workflow\online\__init__.py,2.6921513080596924,7.347909450531006,0.0,0.0,0.0,4.172783851623535,1.0,2.742496967315674,140.03219604492188,workflow,140.03219604492188
qlib\qlib\rl\utils\__init__.py,0.0,6.452880859375,48.0,88.79727172851562,3.0,0.0,3.0,79.83317565917969,5.04960298538208,rl,88.79727172851562
qlib\qlib\typehint.py,3.471508502960205,2.756700277328491,10.453046798706055,1.582863211631775,2.2361786365509033,5.535797119140625,2.2361786365509033,4.970397472381592,7.622356414794922,data,10.453046798706055
qlib\qlib\contrib\rolling\__main__.py,5.2000274658203125,70.3240737915039,3.5051207542419434,7.663362503051758,6.098478317260742,11.17512321472168,6.393842697143555,10.695755958557129,11.297438621520996,contrib,70.3240737915039
qlib\qlib\workflow\online\strategy.py,9.237540245056152,33.878597259521484,63.8949089050293,32.876708984375,37.931549072265625,114.7489013671875,88.97036743164062,24.655437469482422,235.813232421875,workflow,235.813232421875
qlib\qlib\rl\interpreter.py,4.793402194976807,5.177681922912598,0.7813909649848938,79.16459655761719,8.483114242553711,4.835679054260254,4.233346939086914,5.489072799682617,7.819809913635254,rl,79.16459655761719
qlib\qlib\backtest\executor.py,66.89805603027344,25.51107406616211,85.30155944824219,20.824172973632812,20.53343963623047,134.45880126953125,18.490795135498047,29.079866409301758,50.939476013183594,strategy,134.45880126953125
qlib\qlib\rl\strategy\single_order.py,3.8423023223876953,9.628334045410156,0.0,89.25865173339844,0.38492804765701294,98.71206665039062,1.1590560674667358,16.00798797607422,9.24068546295166,strategy,98.71206665039062
qlib\qlib\contrib\data\highfreq_processor.py,0.9965053796768188,53.99032974243164,87.60342407226562,1.6019387245178223,11.853984832763672,2.257784843444824,9.327876091003418,12.341531753540039,15.6082181930542,data,87.60342407226562
qlib\qlib\rl\order_execution\policy.py,7.758663654327393,13.832830429077148,26.53761100769043,112.03789520263672,64.0877685546875,16.043254852294922,10.908589363098145,17.42050552368164,38.1143684387207,rl,112.03789520263672
qlib\qlib\contrib\report\analysis_position\parse_position.py,5.02195405960083,60.65886306762695,103.17620849609375,8.281476020812988,42.43292236328125,10.137433052062988,10.932909965515137,13.441699028015137,40.5157470703125,data,103.17620849609375
qlib\qlib\data\dataset\loader.py,7.908661842346191,18.69376564025879,100.38853454589844,56.23239517211914,26.495662689208984,14.16198444366455,22.093305587768555,21.188011169433594,36.812538146972656,data,100.38853454589844
qlib\qlib\contrib\strategy\optimizer\__init__.py,2.598935842514038,57.44498062133789,0.0,2.33225417137146,0.0,98.16062927246094,0.0,4.214630126953125,5.24796724319458,strategy,98.16062927246094
qlib\qlib\strategy\base.py,8.317849159240723,13.509305000305176,70.06739807128906,41.430458068847656,10.702523231506348,151.58351135253906,7.72313117980957,15.952729225158691,30.42781639099121,strategy,151.58351135253906
qlib\qlib\data\base.py,0.8863308429718018,13.59882926940918,78.09590911865234,4.767394542694092,30.80315589904785,18.708078384399414,11.313272476196289,12.131196022033691,27.910207748413086,data,78.09590911865234
qlib\qlib\contrib\data\data.py,3.99946665763855,57.69638442993164,70.70120239257812,2.6468687057495117,10.60758113861084,1.8284332752227783,9.086420059204102,12.834193229675293,9.683454513549805,data,70.70120239257812
qlib\qlib\strategy\__init__.py,2.608920097351074,2.6593284606933594,0.0,0.0,0.0,96.53004455566406,0.0,2.6593284606933594,5.268248558044434,strategy,96.53004455566406
qlib\qlib\backtest\__init__.py,108.91374206542969,19.450969696044922,81.69166564941406,6.316578388214111,26.945768356323242,124.69159698486328,13.750471115112305,23.719696044921875,38.6814079284668,strategy,124.69159698486328
qlib\qlib\rl\trainer\vessel.py,7.872614860534668,21.520803451538086,69.04740905761719,83.66002655029297,81.91034698486328,13.687722206115723,61.44064712524414,19.378921508789062,52.71717071533203,rl,83.66002655029297
qlib\qlib\backtest\profit_attribution.py,68.51374816894531,9.97865104675293,109.2239990234375,5.753960132598877,43.96436309814453,12.632000923156738,13.118439674377441,17.933717727661133,25.445587158203125,data,109.2239990234375
qlib\qlib\data\client.py,5.116527080535889,14.207564353942871,68.03327178955078,26.914020538330078,25.86709976196289,8.97913932800293,11.146703720092773,18.813310623168945,39.766212463378906,data,68.03327178955078
qlib\qlib\utils\data.py,2.0309667587280273,7.236170768737793,67.57110595703125,2.0907130241394043,5.076112747192383,7.97181510925293,7.940144062042236,75.67826843261719,15.0198974609375,utils,75.67826843261719
qlib\qlib\backtest\decision.py,75.14894104003906,21.864025115966797,98.71916961669922,32.48237991333008,32.14585876464844,119.609130859375,16.17031478881836,28.019020080566406,41.76430892944336,strategy,119.609130859375
qlib\qlib\contrib\report\analysis_position\rank_label.py,7.570806980133057,61.777374267578125,99.131591796875,1.7107967138290405,22.412723541259766,4.246894836425781,9.562460899353027,14.193489074707031,25.688148498535156,data,99.131591796875
qlib\qlib\contrib\rolling\__init__.py,0.0,61.194618225097656,0.0,0.0,0.0,0.0,0.0,1.618765950202942,0.050345562398433685,contrib,61.194618225097656
qlib\qlib\model\interpret\base.py,0.5720558166503906,3.842432975769043,0.6473655104637146,0.4290418326854706,0.8241392374038696,4.269261837005615,2.062858819961548,3.994394540786743,11.033102035522461,workflow,11.033102035522461
qlib\qlib\contrib\report\data\__init__.py,0.0,60.466552734375,66.68817138671875,0.0,4.168010711669922,0.0,4.168010711669922,5.786005973815918,8.104035377502441,data,66.68817138671875
qlib\qlib\workflow\online\manager.py,40.34428405761719,33.887664794921875,63.5970344543457,17.062255859375,37.30846405029297,145.54013061523438,37.904972076416016,21.84320068359375,242.63009643554688,workflow,242.63009643554688
qlib\qlib\tests\config.py,8.942834854125977,86.66356658935547,91.52705383300781,38.61211013793945,14.670207977294922,19.9250431060791,115.32585906982422,22.647945404052734,190.63697814941406,workflow,190.63697814941406
qlib\qlib\contrib\ops\high_freq.py,2.051530122756958,54.15779113769531,91.714599609375,44.69010543823242,19.096193313598633,7.618023872375488,11.969947814941406,12.824646949768066,17.178661346435547,data,91.714599609375
qlib\qlib\utils\exceptions.py,1.0,3.073101043701172,0.0,2.5377328395843506,0.0,1.0,1.0,73.55853271484375,3.0,utils,73.55853271484375
qlib\qlib\workflow\online\utils.py,17.280874252319336,25.60881233215332,16.527875900268555,3.553992748260498,10.721467971801758,20.458158493041992,7.7609710693359375,75.00584411621094,204.1771240234375,workflow,204.1771240234375
qlib\qlib\contrib\meta\__init__.py,0.0,55.25907516479492,9.320865631103516,0.0,0.5825541019439697,0.0,0.5825541019439697,2.1990132331848145,1.0210813283920288,contrib,55.25907516479492
qlib\qlib\data\dataset\__init__.py,0.9656202793121338,14.63263988494873,97.17212677001953,2.9749252796173096,45.62726974487305,5.513695240020752,44.23837661743164,17.17688751220703,19.564863204956055,data,97.17212677001953
qlib\qlib\contrib\report\analysis_position\score_ic.py,7.3732404708862305,63.23429870605469,74.599853515625,1.0490113496780396,14.296658515930176,5.294623374938965,7.751915454864502,11.682290077209473,22.89073371887207,data,74.599853515625
qlib\qlib\cli\run.py,11.714055061340332,18.103113174438477,28.76976776123047,36.67298126220703,82.26078796386719,22.394784927368164,13.828452110290527,22.23969078063965,176.5658416748047,workflow,176.5658416748047
qlib\qlib\rl\contrib\train_onpolicy.py,119.2311019897461,78.62025451660156,113.98336029052734,84.4237060546875,95.1030044555664,22.626800537109375,52.0709114074707,38.48799133300781,154.79139709472656,workflow,154.79139709472656
qlib\qlib\contrib\model\pytorch_transformer.py,6.504859924316406,68.66455841064453,100.24790954589844,40.478431701660156,25.99679183959961,23.999818801879883,91.85836791992188,73.28126525878906,52.529170989990234,data,100.24790954589844
qlib\qlib\workflow\task\gen.py,4.7549638748168945,18.934186935424805,79.01638793945312,3.8688530921936035,32.66117858886719,19.832839965820312,84.47285461425781,14.126213073730469,138.34359741210938,workflow,138.34359741210938
qlib\qlib\contrib\online\online_model.py,0.8728740215301514,66.7965316772461,101.43592834472656,3.749131202697754,6.888637065887451,7.087677478790283,50.94752502441406,13.416741371154785,54.21507263183594,data,101.43592834472656
qlib\qlib\model\ens\__init__.py,0.477340966463089,2.4823684692382812,0.0,0.35800570249557495,0.35800570249557495,2.6706933975219727,0.35800570249557495,2.0050275325775146,6.5110673904418945,workflow,6.5110673904418945
qlib\qlib\contrib\model\pytorch_localformer_ts.py,6.213068962097168,70.32056427001953,106.47927856445312,70.32937622070312,46.72771453857422,24.28230857849121,81.38980865478516,74.36615753173828,62.09914779663086,data,106.47927856445312
qlib\qlib\constant.py,0.8737120628356934,0.8358058929443359,6.837041854858398,1.070451259613037,7.905054092407227,1.5186938047409058,0.37351667881011963,2.1461265087127686,0.8731098771095276,run,7.905054092407227
qlib\qlib\contrib\strategy\optimizer\base.py,2.5871171951293945,57.23674392700195,1.1026058197021484,1.3224067687988281,0.0,97.02318572998047,0.0,6.548386573791504,9.854584693908691,strategy,97.02318572998047
qlib\qlib\contrib\report\analysis_position\__init__.py,6.539357662200928,58.56288528442383,1.259270191192627,3.8150155544281006,7.462702751159668,1.0504419803619385,0.0,1.8146991729736328,15.862787246704102,contrib,58.56288528442383
qlib\qlib\contrib\online\__init__.py,0.0,58.06983947753906,0.0,0.0,0.0,0.0,0.0,1.618765950202942,28.17336654663086,contrib,58.06983947753906
qlib\qlib\contrib\model\pytorch_tcn_ts.py,4.303615570068359,69.57120513916016,99.5453109741211,71.35370635986328,18.313159942626953,22.901752471923828,81.82003784179688,74.52420806884766,60.212833404541016,data,99.5453109741211
qlib\qlib\contrib\evaluate.py,114.3446273803711,70.9613265991211,109.18887329101562,19.24808692932129,88.73969268798828,124.295654296875,24.268003463745117,26.511070251464844,60.78900146484375,strategy,124.295654296875
qlib\qlib\contrib\meta\data_selection\model.py,2.8423924446105957,69.44898223876953,89.89033508300781,38.58395004272461,78.31005859375,16.815427780151367,84.98371124267578,23.484752655029297,71.12033081054688,data,89.89033508300781
qlib\qlib\contrib\workflow\record_temp.py,19.737964630126953,70.73079681396484,78.3664321899414,6.187372207641602,16.110841751098633,23.32229995727539,28.340320587158203,19.726364135742188,184.88645935058594,workflow,184.88645935058594
qlib\qlib\contrib\workflow\__init__.py,4.68794059753418,59.06031799316406,0.0,0.0,0.0,4.164888381958008,1.0,4.305166721343994,112.73272705078125,workflow,112.73272705078125
qlib\qlib\contrib\data\highfreq_provider.py,105.30794525146484,63.86906433105469,112.08216857910156,32.2296257019043,22.56886100769043,20.65532684326172,156.60052490234375,29.837175369262695,46.36172866821289,tests,156.60052490234375
qlib\qlib\rl\trainer\api.py,89.31236267089844,7.903841018676758,4.3965253829956055,88.44343566894531,0.4672587513923645,2.1468780040740967,39.625118255615234,6.736306190490723,21.337772369384766,backtest,89.31236267089844
qlib\qlib\utils\paral.py,2.6953556537628174,14.426040649414062,69.78730773925781,7.822940826416016,82.81156921386719,10.094335556030273,28.08832550048828,76.42496490478516,34.93708038330078,run,82.81156921386719
qlib\qlib\contrib\model\pytorch_krnn.py,5.968809127807617,67.90957641601562,91.98571014404297,38.52299880981445,87.66651153564453,23.61091423034668,85.31124877929688,71.07957458496094,57.213836669921875,data,91.98571014404297
qlib\qlib\backtest\position.py,69.68280792236328,10.424220085144043,15.333622932434082,10.641417503356934,17.84953498840332,8.774906158447266,13.368785858154297,13.372303009033203,37.494956970214844,backtest,69.68280792236328
qlib\qlib\cli\data.py,3.0184521675109863,4.74725341796875,70.18514251708984,4.162832260131836,8.171582221984863,4.162832260131836,7.182114601135254,9.057161331176758,9.574934005737305,data,70.18514251708984
qlib\qlib\contrib\model\pytorch_tra.py,11.031417846679688,75.03455352783203,102.96407318115234,49.39825439453125,79.00581359863281,31.945301055908203,89.3045654296875,30.712921142578125,80.03334045410156,data,102.96407318115234
qlib\qlib\tests\__init__.py,7.26917839050293,18.058658599853516,116.39653778076172,26.746328353881836,28.815135955810547,17.051456451416016,105.69246673583984,32.543399810791016,33.344818115234375,data,116.39653778076172
qlib\qlib\data\dataset\handler.py,5.367807388305664,20.917346954345703,120.61502075195312,13.19525146484375,104.2815933227539,25.8267822265625,16.92893409729004,25.138017654418945,63.33140182495117,data,120.61502075195312
qlib\qlib\contrib\online\operator.py,20.327207565307617,69.95085144042969,124.28811645507812,21.211328506469727,70.39015197753906,130.8610382080078,24.501331329345703,26.78563117980957,94.9403076171875,strategy,130.8610382080078
qlib\qlib\model\interpret\__init__.py,0.477340966463089,2.4823684692382812,0.0,0.35800570249557495,0.35800570249557495,2.6706933975219727,0.35800570249557495,2.0050275325775146,6.5110673904418945,workflow,6.5110673904418945
qlib\qlib\contrib\model\pytorch_transformer_ts.py,6.432546138763428,70.03560638427734,107.31383514404297,71.68579864501953,24.884658813476562,24.314725875854492,82.38733673095703,75.26764678955078,61.0930290222168,data,107.31383514404297
qlib\qlib\rl\utils\data_queue.py,0.9481182098388672,14.725639343261719,74.59159851074219,82.38406372070312,67.95222473144531,13.09549331665039,11.366694450378418,91.82565307617188,35.670310974121094,utils,91.82565307617188
qlib\qlib\contrib\model\tcn.py,0.8035886287689209,59.403541564941406,73.61614990234375,1.9225248098373413,30.745206832885742,8.20534896850586,8.13398551940918,10.938817024230957,20.11424446105957,data,73.61614990234375
qlib\qlib\data\filter.py,4.3437089920043945,8.08999252319336,71.4137191772461,33.64879608154297,20.865436553955078,7.392444133758545,12.938024520874023,15.525513648986816,15.306632041931152,data,71.4137191772461
qlib\qlib\contrib\rolling\ddgda.py,6.0845947265625,70.15471649169922,122.74885559082031,54.46609878540039,67.05876159667969,19.551315307617188,77.6106185913086,53.77168273925781,82.75892639160156,data,122.74885559082031
qlib\qlib\model\riskmodel\poet.py,12.695133209228516,5.894153594970703,24.285154342651367,3.268157958984375,13.385710716247559,6.631310939788818,4.711576461791992,9.8241605758667,15.122257232666016,data,24.285154342651367
qlib\qlib\contrib\model\pytorch_hist.py,7.807281970977783,67.17388153076172,94.32730865478516,51.41991424560547,47.2768669128418,26.331443786621094,87.83353424072266,73.31376647949219,67.86940002441406,data,94.32730865478516
qlib\qlib\tests\data.py,11.026806831359863,18.645002365112305,96.48779296875,84.7000961303711,17.544286727905273,7.47787618637085,86.64830017089844,22.543176651000977,31.48323631286621,data,96.48779296875
qlib\qlib\contrib\meta\data_selection\net.py,4.105066299438477,62.52107238769531,87.07162475585938,4.613947868347168,9.163899421691895,8.606462478637695,50.306060791015625,17.954593658447266,25.159698486328125,data,87.07162475585938
qlib\qlib\contrib\model\double_ensemble.py,10.414505958557129,67.08489227294922,84.58828735351562,25.49492645263672,37.37263107299805,21.396324157714844,75.33942413330078,19.298927307128906,63.873008728027344,data,84.58828735351562
qlib\qlib\contrib\strategy\__init__.py,2.581273317337036,57.20808792114258,0.0,0.0,0.0,95.50711059570312,0.0,4.190165996551514,5.2120890617370605,strategy,95.50711059570312
qlib\qlib\contrib\meta\data_selection\__init__.py,0.0,57.98366165161133,75.89327239990234,0.0,4.7433295249938965,0.0,4.7433295249938965,6.358260631561279,7.955582618713379,data,75.89327239990234
qlib\qlib\model\meta\task.py,0.8164368271827698,7.474404811859131,64.42025756835938,0.704501211643219,4.92850399017334,4.226222991943359,45.42162322998047,10.575210571289062,41.58320999145508,data,64.42025756835938
qlib\qlib\backtest\high_performance_ds.py,74.73825073242188,17.85294532775879,82.16151428222656,11.469804763793945,38.99502182006836,14.87483024597168,32.65709686279297,26.99424171447754,63.337921142578125,data,82.16151428222656
qlib\qlib\contrib\__init__.py,0.0,54.969966888427734,0.0,0.0,0.0,0.0,0.0,1.61953866481781,0.050408437848091125,contrib,54.969966888427734
qlib\qlib\workflow\record_temp.py,136.036865234375,78.01747131347656,122.86578369140625,25.00679588317871,98.17366027832031,146.96791076660156,33.21089172363281,38.21878433227539,197.03253173828125,workflow,197.03253173828125
qlib\qlib\model\meta\__init__.py,0.476153165102005,2.867532253265381,9.332462310791016,0.35711485147476196,0.9403937458992004,2.6665360927581787,0.9403937458992004,2.5858054161071777,7.474462032318115,data,9.332462310791016
qlib\qlib\data\storage\storage.py,3.086794376373291,8.92888355255127,76.50750732421875,22.183015823364258,22.150405883789062,7.987851619720459,36.74346160888672,12.618539810180664,22.30000114440918,data,76.50750732421875
qlib\qlib\workflow\task\utils.py,8.072416305541992,20.356746673583984,80.02916717529297,24.049619674682617,38.77381134033203,16.441556930541992,56.50525665283203,84.40850830078125,147.27008056640625,workflow,147.27008056640625
qlib\qlib\model\trainer.py,9.434553146362305,28.88011360168457,54.47728729248047,21.52077293395996,85.38343048095703,23.237600326538086,44.78764724731445,22.260671615600586,172.7918701171875,workflow,172.7918701171875
qlib\qlib\contrib\report\analysis_position\report.py,8.721965789794922,66.72106170654297,88.28971862792969,2.8937036991119385,18.252342224121094,4.024117469787598,14.269034385681152,18.291667938232422,35.393611907958984,data,88.28971862792969
qlib\qlib\contrib\report\data\base.py,0.4520115852355957,61.05309295654297,69.37958526611328,2.1970841884613037,12.663345336914062,6.2111358642578125,8.261920928955078,8.526439666748047,15.376877784729004,data,69.37958526611328
qlib\qlib\rl\data\native.py,111.7964096069336,11.700485229492188,109.91141510009766,88.97203063964844,14.800830841064453,3.63824725151062,10.535480499267578,18.43720817565918,31.717031478881836,backtest,111.7964096069336
qlib\qlib\utils\pickle_utils.py,5.94122314453125,19.232484817504883,102.37885284423828,13.83977222442627,12.367997169494629,14.798556327819824,13.86762523651123,96.33667755126953,44.411869049072266,data,102.37885284423828
qlib\qlib\contrib\strategy\order_generator.py,2.6282596588134766,52.77684020996094,1.175133228302002,2.9907896518707275,0.5496662855148315,85.04943084716797,2.0766735076904297,8.664690017700195,17.30167579650879,strategy,85.04943084716797
qlib\qlib\contrib\model\pytorch_lstm_ts.py,5.739549160003662,70.17933654785156,99.1153335571289,98.7933120727539,41.27850341796875,22.76592445373535,81.18270111083984,75.49188232421875,60.454498291015625,data,99.1153335571289
qlib\qlib\contrib\eva\__init__.py,0.0,54.9450569152832,0.0,0.0,0.0,0.0,0.0,1.618765950202942,0.050345562398433685,contrib,54.9450569152832
qlib\qlib\rl\utils\finite_env.py,5.524288654327393,13.72253131866455,8.078536987304688,69.88013458251953,57.839805603027344,9.964442253112793,11.371211051940918,63.91151809692383,23.881366729736328,rl,69.88013458251953
qlib\qlib\contrib\online\utils.py,9.078399658203125,68.5783462524414,101.19214630126953,37.00565719604492,15.325479507446289,17.33424949645996,14.857009887695312,93.21001434326172,67.9623794555664,data,101.19214630126953
qlib\qlib\contrib\report\analysis_model\analysis_model_performance.py,15.266947746276855,63.23332977294922,118.32242584228516,6.97680139541626,53.833229064941406,10.942299842834473,16.822811126708984,22.0108642578125,47.67566680908203,data,118.32242584228516
qlib\qlib\contrib\tuner\config.py,97.45220184326172,75.10985565185547,84.39179992675781,6.82332706451416,15.804429054260254,17.6575984954834,11.590712547302246,19.482240676879883,46.764488220214844,backtest,97.45220184326172
qlib\qlib\rl\contrib\naive_config_parser.py,117.6556167602539,72.37372589111328,84.47740173339844,84.73261260986328,18.45935821533203,18.138671875,16.81597137451172,24.54559898376465,34.1690788269043,backtest,117.6556167602539
qlib\qlib\rl\seed.py,0.0,2.7007570266723633,0.0,89.42929077148438,0.0,0.34735482931137085,0.0,2.3534021377563477,0.0,rl,89.42929077148438
qlib\qlib\contrib\model\pytorch_alstm.py,5.732076168060303,68.55204010009766,107.2920150756836,40.063961029052734,58.72420883178711,23.52484703063965,92.06590270996094,72.63494873046875,59.087684631347656,data,107.2920150756836
qlib\qlib\workflow\online\update.py,16.445188522338867,20.00014305114746,116.3961410522461,9.207819938659668,19.70488929748535,21.323871612548828,47.6270866394043,23.964603424072266,174.7696533203125,workflow,174.7696533203125
qlib\qlib\model\ens\group.py,0.4059479236602783,10.018775939941406,1.0792220830917358,0.30446094274520874,9.987068176269531,4.205561637878418,3.743241310119629,6.61083984375,9.301810264587402,contrib,10.018775939941406
qlib\qlib\workflow\exp.py,7.336770534515381,24.434341430664062,5.807551860809326,39.30677795410156,81.50874328613281,18.12664794921875,10.520206451416016,16.69000816345215,150.29920959472656,workflow,150.29920959472656
qlib\qlib\workflow\recorder.py,10.66130256652832,25.416170120239258,94.36029815673828,25.966522216796875,89.95694732666016,20.458723068237305,30.07743263244629,80.3614730834961,159.31524658203125,workflow,159.31524658203125
qlib\qlib\contrib\model\highfreq_gdbt_model.py,20.592519760131836,65.43421936035156,91.15058135986328,42.31295394897461,31.62537384033203,15.443830490112305,74.65853118896484,17.831127166748047,55.64787673950195,data,91.15058135986328
qlib\qlib\cli\__init__.py,0.4281526207923889,0.47856104373931885,0.44642964005470276,0.4281526207923889,0.0,0.4281526207923889,0.4281526207923889,0.47856104373931885,0.9067136645317078,workflow,0.9067136645317078
qlib\qlib\contrib\online\user.py,12.443044662475586,68.5909652709961,72.55355072021484,12.772134780883789,8.901193618774414,139.3271942138672,10.933086395263672,12.485041618347168,87.14521026611328,strategy,139.3271942138672
qlib\qlib\model\ens\ensemble.py,0.799270510673523,10.794480323791504,49.95408248901367,2.916987180709839,17.511573791503906,12.691286087036133,7.669673442840576,12.392168998718262,29.929080963134766,data,49.95408248901367
qlib\qlib\contrib\meta\data_selection\dataset.py,13.364402770996094,86.95573425292969,120.4021987915039,44.54110336303711,36.51013946533203,30.428165435791016,128.90899658203125,36.00376510620117,185.15391540527344,workflow,185.15391540527344
qlib\qlib\rl\order_execution\utils.py,0.0,6.998244762420654,50.029014587402344,90.10037994384766,26.032554626464844,1.3830668926239014,7.165072441101074,77.12662506103516,12.772486686706543,rl,90.10037994384766
qlib\qlib\contrib\model\pytorch_igmtf.py,5.56278133392334,66.96090698242188,109.59896087646484,38.38412857055664,53.738487243652344,25.486562728881836,84.23238372802734,71.06007385253906,64.063720703125,data,109.59896087646484
qlib\qlib\contrib\model\pytorch_localformer.py,6.290091037750244,68.99050903320312,99.38561248779297,39.63218688964844,47.4294319152832,24.010814666748047,90.02861785888672,72.484375,53.89418029785156,data,99.38561248779297
qlib\qlib\rl\data\integration.py,9.420672416687012,15.725822448730469,114.15016174316406,94.06783294677734,21.52387046813965,14.434022903442383,16.693130493164062,23.404876708984375,27.073734283447266,data,114.15016174316406
qlib\qlib\contrib\online\manager.py,11.56887435913086,67.94068908691406,108.56928253173828,5.060049057006836,18.832592010498047,120.5392837524414,10.847086906433105,20.80112648010254,65.91212463378906,strategy,120.5392837524414
qlib\qlib\utils\time.py,0.5652782320976257,7.908895969390869,94.45413208007812,17.745742797851562,31.085973739624023,7.66382360458374,13.466094970703125,64.87164306640625,22.122343063354492,data,94.45413208007812
qlib\qlib\workflow\task\manage.py,8.47323226928711,18.828441619873047,5.540885925292969,24.512165069580078,81.63790893554688,16.377653121948242,42.17967224121094,20.20808219909668,134.232421875,workflow,134.232421875
qlib\qlib\contrib\data\highfreq_handler.py,7.7786102294921875,51.157325744628906,88.87957763671875,4.991045951843262,26.470823287963867,6.958736419677734,12.973149299621582,15.443904876708984,27.98822593688965,data,88.87957763671875
qlib\qlib\model\__init__.py,0.5401007533073425,2.6705851554870605,0.0,0.4050755500793457,0.4050755500793457,2.890352487564087,0.4050755500793457,2.1304843425750732,6.966013431549072,workflow,6.966013431549072
qlib\qlib\contrib\evaluate_portfolio.py,3.293292760848999,60.45948791503906,123.88035583496094,6.530416011810303,26.300086975097656,15.804574012756348,14.306034088134766,17.459823608398438,31.119340896606445,data,123.88035583496094
qlib\qlib\contrib\model\pytorch_alstm_ts.py,5.520761489868164,70.20047760009766,113.73685455322266,96.70674133300781,56.763885498046875,23.617218017578125,92.67327880859375,75.0628662109375,67.45510864257812,data,113.73685455322266
qlib\qlib\contrib\rolling\base.py,30.794124603271484,93.52104949951172,92.59190368652344,55.86948013305664,82.35985565185547,38.14392852783203,84.66887664794922,34.1604118347168,240.04443359375,workflow,240.04443359375
qlib\qlib\workflow\utils.py,3.2132301330566406,10.13101577758789,2.8211936950683594,3.129544258117676,4.153501510620117,10.742650985717773,3.2649435997009277,75.68165588378906,140.5902099609375,workflow,140.5902099609375
qlib\qlib\utils\file.py,3.4815456867218018,8.502180099487305,17.343692779541016,6.495632171630859,8.386764526367188,7.767443656921387,25.65027618408203,82.74258422851562,21.991613388061523,utils,82.74258422851562
qlib\qlib\contrib\report\analysis_model\__init__.py,14.010347366333008,60.19112777709961,0.0,0.40393543243408203,0.40393543243408203,2.8850319385528564,0.40393543243408203,3.692092180252075,14.082727432250977,contrib,60.19112777709961
qlib\qlib\contrib\data\dataset.py,8.73154067993164,65.51605987548828,104.34809112548828,8.689412117004395,44.288902282714844,17.835023880004883,42.57017135620117,27.093427658081055,36.448917388916016,data,104.34809112548828
qlib\qlib\contrib\data\loader.py,7.527105331420898,59.96846008300781,72.3564224243164,10.072164535522461,23.342147827148438,7.538219928741455,26.5946102142334,11.72530460357666,21.07166862487793,data,72.3564224243164
qlib\qlib\backtest\exchange.py,64.53221130371094,22.272090911865234,83.50041198730469,18.145362854003906,54.577701568603516,19.490816116333008,24.0764217376709,29.77360725402832,56.614742279052734,data,83.50041198730469
qlib\qlib\data\data.py,12.801225662231445,68.97679901123047,125.72900390625,31.840669631958008,57.6994514465332,34.57902526855469,39.657344818115234,45.004146575927734,85.66080474853516,data,125.72900390625
qlib\qlib\contrib\model\linear.py,5.090420722961426,62.35572814941406,80.44355773925781,10.069351196289062,12.160264015197754,13.196343421936035,70.04996490478516,18.39099884033203,30.343528747558594,data,80.44355773925781
qlib\qlib\contrib\data\handler.py,8.08329963684082,70.37725067138672,95.3929214477539,6.164335250854492,10.541909217834473,9.841984748840332,13.847041130065918,23.08294677734375,32.540218353271484,data,95.3929214477539
qlib\qlib\rl\order_execution\state.py,94.66974639892578,11.392204284667969,65.46793365478516,89.57466888427734,13.214553833007812,0.9357717037200928,4.506511688232422,13.618629455566406,17.16800880432129,backtest,94.66974639892578
qlib\qlib\config.py,15.423259735107422,35.484642028808594,110.26996612548828,47.42774200439453,36.31327819824219,28.652023315429688,27.611474990844727,33.93000030517578,149.18394470214844,workflow,149.18394470214844
qlib\qlib\rl\order_execution\strategy.py,116.84208679199219,24.537986755371094,82.75858306884766,88.64896392822266,42.53489685058594,105.75174713134766,17.122913360595703,34.978607177734375,60.7722282409668,backtest,116.84208679199219
qlib\qlib\contrib\strategy\cost_control.py,6.868057727813721,73.27732849121094,56.003631591796875,6.102828025817871,32.025169372558594,99.30325317382812,11.303818702697754,21.155149459838867,39.313255310058594,strategy,99.30325317382812
qlib\qlib\contrib\report\analysis_position\cumulative_return.py,6.518160343170166,64.99562072753906,99.80338287353516,6.114102363586426,26.799020767211914,5.210249423980713,8.885354042053223,14.261918067932129,34.2294921875,data,99.80338287353516
qlib\qlib\contrib\tuner\space.py,1.450761318206787,55.59001159667969,0.0,1.5294148921966553,0.0,1.7754340171813965,1.7190996408462524,2.5452957153320312,6.406991958618164,contrib,55.59001159667969
qlib\qlib\contrib\tuner\launcher.py,5.337440490722656,63.99162292480469,12.648394584655762,4.492564678192139,63.79319381713867,8.392094612121582,5.1662726402282715,12.607837677001953,15.413057327270508,contrib,63.99162292480469
qlib\qlib\contrib\tuner\tuner.py,21.905309677124023,79.6739273071289,92.16075134277344,24.492807388305664,20.69192886352539,123.52394104003906,41.76272964477539,44.15626907348633,65.33126068115234,strategy,123.52394104003906
qlib\qlib\rl\order_execution\reward.py,85.05313110351562,7.575915813446045,63.46428680419922,88.01443481445312,10.601937294006348,0.7285948395729065,6.9366350173950195,12.16007137298584,26.80829620361328,rl,88.01443481445312
qlib\qlib\data\dataset\utils.py,3.664642333984375,10.454140663146973,70.29901123046875,1.9929829835891724,10.332704544067383,1.4680168628692627,10.425525665283203,73.93601989746094,25.49114990234375,utils,73.93601989746094
qlib\qlib\model\utils.py,0.46123284101486206,6.991597652435303,53.53356170654297,0.962771475315094,20.0620174407959,3.484523296356201,3.3459246158599854,78.0923843383789,11.905895233154297,utils,78.0923843383789
qlib\qlib\__init__.py,9.596985816955566,30.520496368408203,93.41962432861328,32.76920700073242,92.5203857421875,19.467390060424805,40.35062026977539,37.07054138183594,42.6966552734375,data,93.41962432861328
qlib\qlib\data\dataset\weight.py,0.0,3.923614263534546,72.14236450195312,1.6408251523971558,4.311199188232422,0.6728663444519043,7.592849254608154,8.20276927947998,8.23481273651123,data,72.14236450195312
qlib\qlib\contrib\meta\data_selection\utils.py,3.89371657371521,64.22988891601562,107.23490142822266,3.858215570449829,25.026872634887695,9.702356338500977,11.563220024108887,77.76283264160156,23.260801315307617,data,107.23490142822266
qlib\qlib\contrib\model\pytorch_nn.py,8.565902709960938,76.0248794555664,107.35890197753906,61.73027038574219,61.0130729675293,25.343177795410156,79.09249114990234,48.98104476928711,50.559993743896484,data,107.35890197753906
qlib\qlib\rl\contrib\backtest.py,125.22654724121094,89.09671020507812,110.64108276367188,77.47252655029297,68.22725677490234,142.14178466796875,19.614076614379883,36.79951095581055,87.35394287109375,strategy,142.14178466796875
qlib\qlib\contrib\data\utils\__init__.py,0.0,59.780006408691406,66.68817138671875,0.0,4.168010711669922,0.0,4.168010711669922,78.6252670288086,6.996967792510986,utils,78.6252670288086
qlib\qlib\workflow\expm.py,12.39417839050293,25.019981384277344,17.086341857910156,12.562586784362793,71.9426498413086,16.12198257446289,36.63086700439453,20.22332191467285,157.14012145996094,workflow,157.14012145996094
qlib\qlib\workflow\__init__.py,9.17923355102539,21.78249168395996,23.29631805419922,7.337704658508301,74.91439056396484,11.123034477233887,38.09231185913086,25.024017333984375,141.3036346435547,workflow,141.3036346435547
qlib\qlib\rl\order_execution\simulator_qlib.py,7.639681339263916,17.94826889038086,100.32525634765625,97.62255859375,8.334921836853027,127.64545440673828,14.495899200439453,18.100711822509766,42.06275177001953,strategy,127.64545440673828
qlib\qlib\contrib\report\utils.py,0.0,57.98027420043945,3.4464731216430664,0.7561492323875427,9.898380279541016,4.791463375091553,1.3554656505584717,74.82954406738281,5.811733245849609,utils,74.82954406738281
qlib\qlib\contrib\model\pytorch_general_nn.py,7.446775913238525,79.96599578857422,101.25017547607422,126.48635864257812,40.799964904785156,25.704330444335938,97.22088623046875,77.51460266113281,62.56998825073242,rl,126.48635864257812
qlib\qlib\contrib\tuner\__init__.py,0.0,54.9450569152832,0.0,0.0,0.0,0.0,0.0,1.618765950202942,0.050345562398433685,contrib,54.9450569152832
qlib\qlib\workflow\task\__init__.py,2.6921513080596924,4.2231292724609375,0.0,0.0,0.0,4.172783851623535,2.004055976867676,2.742496967315674,127.9926528930664,workflow,127.9926528930664
qlib\qlib\contrib\strategy\signal_strategy.py,23.051015853881836,67.2239990234375,101.53616333007812,18.10171127319336,39.1145133972168,98.72439575195312,28.523115158081055,28.248472213745117,65.9662857055664,data,101.53616333007812
qlib\qlib\contrib\model\xgboost.py,0.9324160814285278,63.86001968383789,73.53374481201172,7.840909957885742,12.81336498260498,10.052419662475586,68.23179626464844,12.193102836608887,32.090492248535156,data,73.53374481201172
qlib\qlib\contrib\strategy\optimizer\optimizer.py,3.586193084716797,57.17631912231445,64.72541046142578,38.43324279785156,33.9157829284668,90.73649597167969,9.472180366516113,12.912076950073242,18.17486572265625,strategy,90.73649597167969
qlib\qlib\contrib\model\pytorch_utils.py,2.537301540374756,62.5020637512207,1.1704216003417969,2.363600730895996,4.417613506317139,9.55291748046875,3.2796757221221924,75.91097259521484,17.18815040588379,utils,75.91097259521484
qlib\qlib\utils\objm.py,2.877979278564453,7.09372615814209,15.036556243896484,22.847787857055664,3.926720142364502,6.515556812286377,5.897928237915039,75.57135009765625,24.215808868408203,utils,75.57135009765625
qlib\qlib\contrib\model\pytorch_sfm.py,6.447963714599609,63.93004608154297,84.87095642089844,61.97694396972656,26.574018478393555,20.683231353759766,79.32861328125,69.8025131225586,47.3853759765625,data,84.87095642089844
qlib\qlib\rl\order_execution\__init__.py,0.0,2.3728766441345215,1.165834665298462,93.48438262939453,0.0,0.0,0.0,2.3728766441345215,2.7963078022003174,rl,93.48438262939453
qlib\qlib\contrib\model\pytorch_sandwich.py,5.553025722503662,67.59866333007812,92.06446075439453,39.19405746459961,69.69025421142578,22.114036560058594,87.31922912597656,71.58051300048828,53.35601043701172,data,92.06446075439453
qlib\qlib\rl\order_execution\network.py,2.1856350898742676,11.636207580566406,85.00997161865234,78.64179992675781,78.48841094970703,6.590940475463867,10.948667526245117,14.34788703918457,36.128482818603516,data,85.00997161865234
qlib\qlib\contrib\strategy\rule_strategy.py,22.095184326171875,56.90937423706055,90.15409088134766,26.336626052856445,29.467308044433594,125.42231750488281,16.3585262298584,39.3430290222168,31.699827194213867,strategy,125.42231750488281
qlib\qlib\model\meta\model.py,0.5216943621635437,6.075404167175293,63.15335464477539,0.3912707567214966,4.408043384552002,4.375490188598633,5.010927200317383,9.733829498291016,30.194141387939453,data,63.15335464477539
