file_path,data,model,strategy,workflow,rl,run,tests,utils,contrib,best_module,best_likelihood
backtest\report.py,0.00,0.00,5.00,10.00,0.00,0.00,5.00,10.00,70.00,contrib,70.00
backtest\account.py,0.00,0.00,90.00,5.00,0.00,0.00,0.00,5.00,0.00,strategy,90.00
backtest\backtest.py,0.00,0.00,10.00,85.00,0.00,0.00,0.00,5.00,0.00,workflow,85.00
backtest\decision.py,1.00,1.00,95.00,1.00,0.00,0.00,0.00,1.00,1.00,strategy,95.00
backtest\high_performance_ds.py,90.00,0.00,1.00,0.00,0.00,1.00,0.00,7.00,1.00,data,90.00
backtest\exchange.py,2.00,0.00,90.00,5.00,0.00,0.00,0.00,3.00,0.00,strategy,90.00
backtest\signal.py,10.00,20.00,85.00,5.00,0.00,0.00,0.00,10.00,0.00,strategy,85.00
backtest\profit_attribution.py,10.00,0.00,20.00,40.00,0.00,0.00,5.00,10.00,85.00,contrib,85.00
backtest\utils.py,15.00,0.00,85.00,5.00,0.00,0.00,0.00,10.00,0.00,strategy,85.00
backtest\position.py,5.00,0.00,90.00,2.00,0.00,0.00,0.00,3.00,0.00,strategy,90.00
backtest\__init__.py,0.00,0.00,5.00,90.00,0.00,0.00,0.00,3.00,2.00,workflow,90.00
backtest\executor.py,0.00,0.00,10.00,5.00,0.00,0.00,0.00,5.00,0.00,None,10.00
contrib\data\utils\__init__.py,0.00,0.00,0.00,0.00,0.00,0.00,0.00,0.00,0.00,None,0.00
contrib\data\utils\sepdf.py,85.00,0.00,0.00,2.00,0.00,1.00,0.00,10.00,2.00,data,85.00
contrib\data\__init__.py,0.00,0.00,0.00,0.00,0.00,0.00,0.00,0.00,0.00,None,0.00
contrib\data\loader.py,98.00,0.00,0.00,0.00,0.00,0.00,0.00,0.00,2.00,data,98.00
contrib\data\data.py,95.00,0.00,0.00,0.00,0.00,0.00,0.00,1.00,4.00,data,95.00
contrib\data\highfreq_handler.py,95.00,0.00,0.00,1.00,0.00,0.00,0.00,0.00,4.00,data,95.00
contrib\data\processor.py,95.00,0.00,0.00,3.00,0.00,1.00,0.00,1.00,0.00,data,95.00
contrib\data\highfreq_processor.py,95.00,0.00,0.00,2.00,0.00,1.00,0.00,1.00,1.00,data,95.00
contrib\data\dataset.py,95.00,1.00,1.00,1.00,1.00,0.00,0.00,1.00,0.00,data,95.00
contrib\data\handler.py,70.00,0.00,0.00,0.00,0.00,0.00,0.00,0.00,30.00,data,70.00
contrib\data\highfreq_provider.py,85.00,0.00,0.00,5.00,0.00,2.00,0.00,3.00,5.00,data,85.00
contrib\eva\__init__.py,0.00,0.00,0.00,0.00,0.00,0.00,0.00,0.00,0.00,None,0.00
contrib\eva\alpha.py,0.00,0.00,5.00,10.00,0.00,0.00,0.00,5.00,80.00,contrib,80.00
contrib\meta\data_selection\model.py,10.00,85.00,0.00,3.00,0.00,0.00,0.00,1.00,1.00,model,85.00
contrib\meta\data_selection\__init__.py,85.00,10.00,0.00,5.00,0.00,0.00,0.00,0.00,0.00,data,85.00
contrib\meta\data_selection\dataset.py,10.00,25.00,0.00,85.00,0.00,0.00,0.00,10.00,15.00,workflow,85.00
contrib\meta\data_selection\utils.py,0.00,90.00,5.00,0.00,0.00,0.00,0.00,3.00,2.00,model,90.00
contrib\meta\data_selection\net.py,2.00,92.00,1.00,1.00,0.00,0.00,0.00,3.00,1.00,model,92.00
contrib\meta\__init__.py,95.00,2.00,1.00,1.00,0.00,0.00,0.00,1.00,0.00,data,95.00
contrib\model\pytorch_add.py,0.00,0.00,0.00,0.00,0.00,0.00,0.00,0.00,0.00,None,0.00
contrib\model\highfreq_gdbt_model.py,2.00,95.00,1.00,1.00,0.00,0.00,0.00,0.00,1.00,model,95.00
contrib\model\pytorch_alstm_ts.py,2.00,95.00,1.00,1.00,0.00,0.00,0.00,1.00,0.00,model,95.00
contrib\model\linear.py,2.00,95.00,1.00,1.00,0.00,0.00,0.00,0.00,1.00,model,95.00
contrib\model\double_ensemble.py,1.00,95.00,1.00,1.00,0.00,0.00,0.00,1.00,1.00,model,95.00
contrib\model\pytorch_general_nn.py,2.00,95.00,0.00,1.00,0.00,0.00,0.00,1.00,1.00,model,95.00
contrib\model\pytorch_adarnn.py,5.00,15.00,0.00,0.00,0.00,0.00,0.00,0.00,80.00,contrib,80.00
contrib\model\pytorch_gats_ts.py,5.00,10.00,0.00,0.00,0.00,0.00,0.00,0.00,85.00,contrib,85.00
contrib\model\pytorch_gats.py,5.00,30.00,0.00,0.00,0.00,0.00,0.00,0.00,95.00,contrib,95.00
contrib\model\gbdt.py,2.00,98.00,0.00,0.00,0.00,0.00,0.00,0.00,0.00,model,98.00
contrib\model\catboost_model.py,2.00,95.00,1.00,1.00,0.00,0.00,0.00,0.00,1.00,model,95.00
contrib\model\pytorch_alstm.py,5.00,95.00,0.00,1.00,0.00,0.00,0.00,1.00,3.00,model,95.00
contrib\model\pytorch_localformer_ts.py,5.00,90.00,1.00,1.00,0.00,0.00,0.00,1.00,2.00,model,90.00
contrib\model\pytorch_gru_ts.py,5.00,90.00,1.00,1.00,0.00,0.00,0.00,1.00,2.00,model,90.00
contrib\model\pytorch_gru.py,2.00,95.00,1.00,1.00,0.00,0.00,0.00,0.00,1.00,model,95.00
contrib\model\pytorch_localformer.py,5.00,90.00,2.00,1.00,1.00,0.00,0.00,1.00,0.00,model,90.00
contrib\model\pytorch_krnn.py,5.00,95.00,2.00,1.00,0.00,0.00,0.00,1.00,10.00,model,95.00
contrib\model\pytorch_hist.py,0.00,10.00,0.00,0.00,0.00,0.00,0.00,0.00,90.00,contrib,90.00
contrib\model\pytorch_lstm_ts.py,2.00,95.00,1.00,1.00,0.00,0.00,0.00,0.00,1.00,model,95.00
contrib\model\pytorch_nn.py,5.00,85.00,0.00,0.00,0.00,0.00,0.00,0.00,75.00,model,85.00
contrib\model\pytorch_igmtf.py,5.00,85.00,2.00,1.00,0.00,0.00,0.00,1.00,40.00,model,85.00
contrib\model\pytorch_sandwich.py,2.00,85.00,0.00,1.00,0.00,0.00,0.00,1.00,11.00,model,85.00
contrib\model\pytorch_sfm.py,5.00,90.00,2.00,1.00,0.00,0.00,0.00,1.00,1.00,model,90.00
contrib\model\pytorch_lstm.py,5.00,90.00,0.00,0.00,0.00,0.00,0.00,0.00,5.00,model,90.00
contrib\model\__init__.py,0.00,0.00,0.00,0.00,0.00,0.00,0.00,0.00,0.00,None,0.00
contrib\model\pytorch_tabnet.py,5.00,95.00,0.00,0.00,0.00,0.00,0.00,0.00,10.00,model,95.00
contrib\model\pytorch_tcn_ts.py,5.00,95.00,1.00,2.00,0.00,0.00,0.00,1.00,10.00,model,95.00
contrib\model\pytorch_utils.py,0.00,5.00,0.00,0.00,0.00,0.00,0.00,95.00,0.00,utils,95.00
contrib\model\pytorch_transformer_ts.py,5.00,90.00,0.00,2.00,0.00,0.00,0.00,1.00,2.00,model,90.00
contrib\model\pytorch_tcts.py,0.00,95.00,0.00,2.00,0.00,0.00,0.00,0.00,3.00,model,95.00
contrib\model\pytorch_transformer.py,1.00,95.00,1.00,1.00,0.00,0.00,0.00,1.00,1.00,model,95.00
contrib\model\pytorch_tra.py,0.00,85.00,0.00,0.00,0.00,0.00,0.00,0.00,95.00,contrib,95.00
contrib\model\pytorch_tcn.py,0.00,90.00,0.00,0.00,0.00,0.00,0.00,2.00,8.00,model,90.00
contrib\model\tcn.py,0.00,85.00,0.00,0.00,2.00,0.00,0.00,1.00,12.00,model,85.00
contrib\model\xgboost.py,2.00,95.00,0.00,0.00,0.00,0.00,0.00,0.00,3.00,model,95.00
contrib\online\manager.py,5.00,2.00,3.00,85.00,1.00,2.00,1.00,10.00,5.00,workflow,85.00
contrib\online\__init__.py,5.00,85.00,2.00,7.00,0.00,0.00,0.00,1.00,0.00,model,85.00
contrib\online\utils.py,15.00,0.00,0.00,10.00,0.00,5.00,0.00,70.00,0.00,utils,70.00
contrib\online\user.py,5.00,5.00,10.00,40.00,0.00,0.00,0.00,10.00,30.00,None,40.00
contrib\online\operator.py,5.00,3.00,10.00,85.00,0.00,5.00,2.00,5.00,10.00,workflow,85.00
contrib\online\online_model.py,5.00,90.00,2.00,1.00,0.00,0.00,1.00,1.00,0.00,model,90.00
contrib\ops\__init__.py,0.00,0.00,0.00,0.00,0.00,0.00,0.00,0.00,0.00,None,0.00
contrib\ops\high_freq.py,95.00,0.00,0.00,0.00,0.00,0.00,1.00,3.00,1.00,data,95.00
contrib\report\analysis_model\__init__.py,0.00,5.00,0.00,85.00,0.00,0.00,0.00,0.00,10.00,workflow,85.00
contrib\report\analysis_model\analysis_model_performance.py,0.00,0.00,0.00,10.00,0.00,0.00,0.00,15.00,75.00,contrib,75.00
contrib\report\analysis_position\__init__.py,5.00,2.00,3.00,80.00,0.00,0.00,1.00,1.00,8.00,workflow,80.00
contrib\report\analysis_position\risk_analysis.py,10.00,0.00,0.00,15.00,0.00,0.00,0.00,5.00,70.00,contrib,70.00
contrib\report\analysis_position\score_ic.py,5.00,10.00,5.00,70.00,0.00,0.00,0.00,5.00,5.00,workflow,70.00
contrib\report\analysis_position\cumulative_return.py,5.00,0.00,5.00,10.00,0.00,0.00,0.00,5.00,75.00,contrib,75.00
contrib\report\analysis_position\rank_label.py,2.00,1.00,3.00,45.00,0.00,0.00,0.00,2.00,47.00,None,47.00
contrib\report\analysis_position\report.py,5.00,0.00,0.00,10.00,0.00,0.00,0.00,5.00,80.00,contrib,80.00
contrib\report\analysis_position\parse_position.py,85.00,0.00,5.00,3.00,0.00,2.00,0.00,4.00,1.00,data,85.00
contrib\report\data\__init__.py,90.00,10.00,5.00,15.00,2.00,20.00,5.00,25.00,10.00,data,90.00
contrib\report\data\base.py,5.00,0.00,0.00,5.00,0.00,0.00,0.00,5.00,85.00,contrib,85.00
contrib\report\data\ana.py,5.00,0.00,0.00,0.00,0.00,0.00,0.00,3.00,92.00,contrib,92.00
contrib\report\graph.py,0.00,0.00,0.00,5.00,0.00,0.00,0.00,10.00,85.00,contrib,85.00
contrib\report\utils.py,2.00,1.00,1.00,3.00,1.00,1.00,2.00,85.00,4.00,utils,85.00
contrib\report\__init__.py,10.00,2.00,3.00,4.00,1.00,5.00,3.00,65.00,7.00,utils,65.00
contrib\rolling\__init__.py,5.00,3.00,2.00,4.00,0.00,1.00,1.00,20.00,64.00,contrib,64.00
contrib\rolling\ddgda.py,5.00,10.00,3.00,7.00,0.00,0.00,0.00,2.00,95.00,contrib,95.00
contrib\rolling\__main__.py,0.00,0.00,0.00,5.00,0.00,5.00,0.00,5.00,85.00,contrib,85.00
contrib\rolling\base.py,5.00,10.00,3.00,85.00,0.00,2.00,0.00,5.00,15.00,workflow,85.00
contrib\strategy\optimizer\optimizer.py,0.00,0.00,90.00,0.00,0.00,0.00,0.00,5.00,5.00,strategy,90.00
contrib\strategy\optimizer\__init__.py,0.00,0.00,90.00,5.00,0.00,0.00,0.00,0.00,5.00,strategy,90.00
contrib\strategy\optimizer\base.py,0.00,0.00,0.00,0.00,85.00,0.00,0.00,10.00,5.00,rl,85.00
contrib\strategy\optimizer\enhanced_indexing.py,0.00,0.00,95.00,0.00,0.00,0.00,0.00,0.00,5.00,strategy,95.00
contrib\strategy\signal_strategy.py,0.00,0.00,90.00,0.00,0.00,0.00,0.00,0.00,10.00,strategy,90.00
contrib\strategy\__init__.py,0.00,0.00,95.00,2.00,0.00,0.00,0.00,0.00,3.00,strategy,95.00
contrib\strategy\cost_control.py,0.00,2.00,90.00,1.00,1.00,0.00,0.00,1.00,5.00,strategy,90.00
contrib\strategy\order_generator.py,0.00,0.00,90.00,5.00,0.00,0.00,0.00,0.00,5.00,strategy,90.00
contrib\strategy\rule_strategy.py,0.00,0.00,99.00,0.00,0.00,0.00,0.00,0.00,1.00,strategy,99.00
contrib\tuner\__init__.py,0.00,0.00,0.00,0.00,0.00,0.00,0.00,0.00,0.00,None,0.00
contrib\tuner\space.py,2.00,3.00,2.00,5.00,3.00,0.00,2.00,5.00,80.00,contrib,80.00
contrib\tuner\launcher.py,0.00,0.00,0.00,5.00,0.00,30.00,0.00,0.00,65.00,contrib,65.00
contrib\tuner\pipeline.py,5.00,10.00,5.00,80.00,0.00,2.00,0.00,3.00,5.00,workflow,80.00
contrib\tuner\tuner.py,0.00,0.00,0.00,5.00,0.00,0.00,0.00,5.00,90.00,contrib,90.00
contrib\tuner\config.py,0.00,0.00,0.00,20.00,0.00,0.00,0.00,10.00,70.00,contrib,70.00
contrib\workflow\record_temp.py,5.00,3.00,2.00,90.00,0.00,0.00,0.00,2.00,8.00,workflow,90.00
contrib\workflow\__init__.py,2.00,1.00,1.00,90.00,1.00,1.00,2.00,1.00,1.00,workflow,90.00
contrib\__init__.py,0.00,0.00,0.00,0.00,0.00,0.00,0.00,0.00,0.00,None,0.00
contrib\torch.py,10.00,2.00,1.00,1.00,5.00,1.00,1.00,85.00,15.00,utils,85.00
contrib\evaluate_portfolio.py,5.00,0.00,10.00,0.00,0.00,0.00,0.00,20.00,65.00,contrib,65.00
contrib\evaluate.py,5.00,0.00,10.00,75.00,0.00,5.00,0.00,0.00,5.00,workflow,75.00
data\dataset\handler.py,95.00,0.00,0.00,2.00,0.00,0.00,0.00,1.00,2.00,data,95.00
data\dataset\utils.py,35.00,0.00,0.00,0.00,0.00,0.00,0.00,60.00,5.00,utils,60.00
data\dataset\__init__.py,95.00,0.00,0.00,2.00,0.00,1.00,0.00,1.00,1.00,data,95.00
data\dataset\processor.py,92.00,0.00,0.00,1.00,0.00,0.00,0.00,5.00,2.00,data,92.00
data\dataset\loader.py,95.00,0.00,0.00,2.00,0.00,0.00,0.00,3.00,0.00,data,95.00
data\dataset\storage.py,90.00,0.00,0.00,2.00,0.00,1.00,0.00,5.00,2.00,data,90.00
data\dataset\weight.py,85.00,0.00,0.00,1.00,0.00,0.00,0.00,8.00,6.00,data,85.00
data\storage\__init__.py,95.00,0.00,0.00,0.00,0.00,5.00,0.00,0.00,0.00,data,95.00
data\storage\file_storage.py,100.00,0.00,0.00,0.00,0.00,0.00,0.00,0.00,0.00,data,100.00
data\storage\storage.py,95.00,0.00,0.00,1.00,0.00,0.00,0.00,4.00,0.00,data,95.00
data\_libs\__init__.py,0.00,0.00,0.00,0.00,0.00,0.00,0.00,0.00,0.00,None,0.00
data\inst_processor.py,0.00,0.00,0.00,0.00,0.00,0.00,0.00,0.00,0.00,None,0.00
data\pit.py,98.00,0.00,0.00,1.00,0.00,0.00,0.00,1.00,0.00,data,98.00
data\__init__.py,95.00,0.00,0.00,0.00,0.00,2.00,0.00,1.00,2.00,data,95.00
data\cache.py,95.00,0.00,0.00,0.00,0.00,1.00,0.00,4.00,0.00,data,95.00
data\base.py,95.00,1.00,1.00,1.00,0.00,0.00,0.00,1.00,1.00,data,95.00
data\ops.py,92.00,1.00,1.00,1.00,0.00,0.00,0.00,4.00,1.00,data,92.00
data\client.py,2.00,1.00,1.00,92.00,1.00,1.00,1.00,1.00,0.00,workflow,92.00
data\data.py,95.00,0.00,0.00,2.00,0.00,1.00,0.00,2.00,0.00,data,95.00
data\filter.py,90.00,0.00,0.00,2.00,0.00,1.00,0.00,5.00,2.00,data,90.00
model\ens\__init__.py,0.00,0.00,0.00,0.00,0.00,0.00,0.00,0.00,0.00,None,0.00
model\ens\group.py,2.00,90.00,1.00,2.00,0.00,0.00,0.00,3.00,2.00,model,90.00
model\ens\ensemble.py,5.00,80.00,10.00,5.00,0.00,0.00,0.00,5.00,5.00,model,80.00
model\interpret\base.py,5.00,75.00,3.00,2.00,1.00,0.00,0.00,3.00,11.00,model,75.00
model\interpret\__init__.py,11.00,11.00,11.00,11.00,11.00,11.00,11.00,11.00,11.00,None,11.00
model\meta\task.py,10.00,0.00,0.00,85.00,0.00,0.00,0.00,5.00,0.00,workflow,85.00
model\meta\__init__.py,30.00,0.00,0.00,65.00,0.00,0.00,0.00,5.00,0.00,workflow,65.00
model\meta\dataset.py,80.00,10.00,0.00,5.00,0.00,1.00,0.00,3.00,1.00,data,80.00
model\meta\model.py,2.00,95.00,1.00,1.00,2.00,0.00,0.00,1.00,3.00,model,95.00
model\riskmodel\base.py,0.00,95.00,0.00,0.00,0.00,0.00,0.00,0.00,5.00,model,95.00
model\riskmodel\structured.py,0.00,95.00,2.00,1.00,0.00,0.00,0.00,1.00,1.00,model,95.00
model\riskmodel\shrink.py,0.00,95.00,2.00,0.00,0.00,0.00,0.00,1.00,2.00,model,95.00
model\riskmodel\__init__.py,5.00,85.00,10.00,3.00,0.00,0.00,0.00,2.00,15.00,model,85.00
model\riskmodel\poet.py,0.00,95.00,2.00,0.00,0.00,0.00,0.00,1.00,2.00,model,95.00
model\utils.py,95.00,0.00,0.00,2.00,0.00,1.00,1.00,1.00,0.00,data,95.00
model\trainer.py,0.00,2.00,0.00,98.00,0.00,0.00,0.00,0.00,0.00,workflow,98.00
model\base.py,2.00,95.00,1.00,1.00,0.00,0.00,0.00,1.00,0.00,model,95.00
model\__init__.py,0.00,95.00,0.00,0.00,0.00,0.00,0.00,0.00,5.00,model,95.00
rl\contrib\__init__.py,0.00,0.00,0.00,0.00,0.00,0.00,0.00,0.00,0.00,None,0.00
rl\contrib\backtest.py,0.00,0.00,5.00,3.00,92.00,0.00,0.00,0.00,0.00,rl,92.00
rl\contrib\train_onpolicy.py,5.00,0.00,0.00,3.00,98.00,2.00,0.00,1.00,4.00,rl,98.00
rl\contrib\utils.py,85.00,0.00,1.00,2.00,0.00,5.00,0.00,5.00,2.00,data,85.00
rl\contrib\naive_config_parser.py,5.00,0.00,0.00,20.00,0.00,5.00,0.00,85.00,5.00,utils,85.00
rl\data\integration.py,5.00,2.00,2.00,10.00,0.00,8.00,0.00,10.00,63.00,contrib,63.00
rl\data\__init__.py,10.00,0.00,0.00,0.00,0.00,5.00,0.00,85.00,0.00,utils,85.00
rl\data\base.py,95.00,0.00,0.00,1.00,0.00,1.00,0.00,2.00,1.00,data,95.00
rl\data\native.py,95.00,0.00,1.00,1.00,0.00,0.00,0.00,2.00,1.00,data,95.00
rl\data\pickle_styled.py,15.00,0.00,0.00,0.00,95.00,0.00,0.00,10.00,5.00,rl,95.00
rl\order_execution\utils.py,5.00,0.00,10.00,5.00,0.00,0.00,0.00,80.00,0.00,utils,80.00
rl\order_execution\network.py,0.00,10.00,5.00,0.00,85.00,0.00,0.00,0.00,0.00,rl,85.00
rl\order_execution\state.py,0.00,0.00,5.00,0.00,90.00,0.00,0.00,5.00,0.00,rl,90.00
rl\order_execution\simulator_simple.py,0.00,0.00,2.00,0.00,98.00,0.00,0.00,0.00,0.00,rl,98.00
rl\order_execution\simulator_qlib.py,0.00,0.00,5.00,0.00,95.00,0.00,0.00,0.00,0.00,rl,95.00
rl\order_execution\reward.py,0.00,0.00,0.00,0.00,98.00,0.00,0.00,0.00,2.00,rl,98.00
rl\order_execution\interpreter.py,0.00,0.00,1.00,0.00,98.00,0.00,0.00,1.00,0.00,rl,98.00
rl\order_execution\strategy.py,0.00,0.00,10.00,0.00,90.00,0.00,0.00,0.00,0.00,rl,90.00
rl\order_execution\__init__.py,0.00,0.00,10.00,0.00,90.00,0.00,0.00,0.00,0.00,rl,90.00
rl\order_execution\policy.py,0.00,0.00,0.00,0.00,98.00,0.00,0.00,2.00,0.00,rl,98.00
rl\strategy\__init__.py,0.00,0.00,95.00,2.00,2.00,0.00,0.00,0.00,1.00,strategy,95.00
rl\strategy\single_order.py,0.00,0.00,95.00,2.00,0.00,0.00,0.00,0.00,3.00,strategy,95.00
rl\trainer\trainer.py,0.00,0.00,0.00,0.00,99.00,0.00,0.00,1.00,0.00,rl,99.00
rl\trainer\__init__.py,2.00,3.00,2.00,90.00,0.00,1.00,0.00,2.00,0.00,workflow,90.00
rl\trainer\vessel.py,0.00,0.00,0.00,0.00,99.00,0.00,0.00,1.00,0.00,rl,99.00
rl\trainer\api.py,0.00,0.00,0.00,5.00,95.00,0.00,0.00,0.00,0.00,rl,95.00
rl\trainer\callbacks.py,0.00,0.00,0.00,1.00,99.00,0.00,0.00,0.00,0.00,rl,99.00
rl\utils\env_wrapper.py,0.00,0.00,0.00,0.00,99.00,0.00,0.00,1.00,0.00,rl,99.00
rl\utils\finite_env.py,0.00,0.00,0.00,0.00,98.00,0.00,0.00,2.00,0.00,rl,98.00
rl\utils\log.py,0.00,0.00,0.00,0.00,95.00,0.00,0.00,5.00,0.00,rl,95.00
rl\utils\data_queue.py,85.00,0.00,0.00,2.00,0.00,1.00,0.00,10.00,2.00,data,85.00
rl\utils\__init__.py,0.00,0.00,0.00,0.00,95.00,0.00,0.00,0.00,5.00,rl,95.00
rl\interpreter.py,0.00,0.00,1.00,0.00,98.00,0.00,0.00,1.00,0.00,rl,98.00
rl\__init__.py,0.00,0.00,0.00,0.00,95.00,0.00,0.00,0.00,5.00,rl,95.00
rl\aux_info.py,0.00,0.00,0.00,0.00,90.00,0.00,0.00,5.00,5.00,rl,90.00
rl\reward.py,0.00,0.00,2.00,0.00,98.00,0.00,0.00,0.00,0.00,rl,98.00
rl\seed.py,5.00,2.00,10.00,3.00,75.00,1.00,1.00,2.00,1.00,rl,75.00
rl\simulator.py,0.00,0.00,0.00,5.00,95.00,0.00,0.00,0.00,0.00,rl,95.00
strategy\__init__.py,0.00,0.00,0.00,0.00,0.00,0.00,0.00,0.00,0.00,None,0.00
strategy\base.py,0.00,0.00,90.00,0.00,8.00,0.00,0.00,2.00,0.00,strategy,90.00
utils\data.py,10.00,0.00,0.00,0.00,0.00,5.00,0.00,90.00,5.00,utils,90.00
utils\paral.py,5.00,0.00,0.00,10.00,0.00,0.00,0.00,95.00,10.00,utils,95.00
utils\exceptions.py,10.00,5.00,5.00,40.00,0.00,5.00,5.00,70.00,10.00,utils,70.00
utils\time.py,2.00,1.00,1.00,3.00,1.00,4.00,2.00,96.00,3.00,utils,96.00
utils\objm.py,10.00,0.00,0.00,15.00,0.00,0.00,0.00,90.00,5.00,utils,90.00
utils\mod.py,0.00,0.00,0.00,5.00,0.00,0.00,0.00,95.00,0.00,utils,95.00
utils\serial.py,5.00,2.00,1.00,3.00,0.00,0.00,1.00,96.00,2.00,utils,96.00
utils\__init__.py,10.00,0.00,0.00,5.00,0.00,0.00,0.00,95.00,3.00,utils,95.00
utils\file.py,5.00,0.00,0.00,2.00,0.00,3.00,1.00,88.00,1.00,utils,88.00
utils\resam.py,30.00,0.00,0.00,0.00,0.00,5.00,0.00,95.00,10.00,utils,95.00
utils\index_data.py,90.00,0.00,0.00,1.00,0.00,0.00,0.00,8.00,1.00,data,90.00
workflow\online\__init__.py,0.00,0.00,0.00,0.00,0.00,0.00,0.00,0.00,0.00,None,0.00
workflow\online\strategy.py,0.00,0.00,5.00,90.00,0.00,0.00,0.00,0.00,5.00,workflow,90.00
workflow\online\utils.py,0.00,0.00,0.00,99.00,0.00,0.00,0.00,1.00,0.00,workflow,99.00
workflow\online\update.py,5.00,3.00,2.00,95.00,0.00,0.00,0.00,4.00,1.00,workflow,95.00
workflow\online\manager.py,0.00,5.00,10.00,95.00,0.00,0.00,0.00,2.00,3.00,workflow,95.00
workflow\task\__init__.py,0.00,0.00,0.00,98.00,0.00,2.00,0.00,0.00,0.00,workflow,98.00
workflow\task\gen.py,0.00,0.00,0.00,95.00,0.00,0.00,0.00,5.00,0.00,workflow,95.00
workflow\task\utils.py,5.00,0.00,0.00,85.00,0.00,0.00,0.00,10.00,0.00,workflow,85.00
workflow\task\collect.py,0.00,0.00,0.00,95.00,0.00,0.00,0.00,5.00,0.00,workflow,95.00
workflow\task\manage.py,5.00,2.00,3.00,90.00,1.00,4.00,2.00,8.00,5.00,workflow,90.00
workflow\__init__.py,0.00,0.00,0.00,95.00,0.00,0.00,0.00,5.00,0.00,workflow,95.00
workflow\utils.py,0.00,0.00,0.00,95.00,0.00,2.00,1.00,2.00,0.00,workflow,95.00
workflow\recorder.py,0.00,0.00,0.00,95.00,0.00,0.00,0.00,3.00,2.00,workflow,95.00
workflow\expm.py,0.00,0.00,0.00,95.00,0.00,0.00,0.00,3.00,2.00,workflow,95.00
workflow\exp.py,0.00,0.00,0.00,95.00,0.00,0.00,0.00,0.00,5.00,workflow,95.00
workflow\record_temp.py,5.00,3.00,4.00,50.00,0.00,0.00,0.00,2.00,36.00,workflow,50.00
