file_path,backtest,contrib,model,rl,run,strategy,tests,utils,workflow,best_module,best_likelihood
qlib\qlib\contrib\strategy\optimizer\enhanced_indexing.py,5.209280490875244,58.2281494140625,13.646708488464355,9.404363632202148,10.937054634094238,84.27680969238281,7.443924903869629,10.269105911254883,20.656591415405273,strategy,84.27680969238281
qlib\qlib\rl\reward.py,7.501636505126953,3.331927537918091,0.9302036166191101,90.44818115234375,0.0,1.7544368505477905,0.0,4.374569416046143,12.335664749145508,rl,90.44818115234375
qlib\qlib\contrib\model\pytorch_lstm.py,5.9763689041137695,68.81784057617188,92.09252166748047,40.57832717895508,43.0426139831543,22.189857482910156,91.82560729980469,73.23780059814453,53.088462829589844,model,92.09252166748047
qlib\qlib\workflow\task\collect.py,7.547471523284912,11.329771041870117,13.841636657714844,9.291739463806152,22.911334991455078,14.29072093963623,10.870989799499512,17.641199111938477,148.91787719726562,workflow,148.91787719726562
qlib\qlib\rl\utils\log.py,3.8546106815338135,13.142729759216309,11.675311088562012,70.02484893798828,22.39508628845215,13.570147514343262,11.341714859008789,67.36060333251953,39.38736343383789,rl,70.02484893798828
qlib\qlib\backtest\report.py,63.78797912597656,19.73284149169922,24.388275146484375,23.977510452270508,36.49211883544922,25.72756576538086,51.6737060546875,29.30763053894043,46.195945739746094,backtest,63.78797912597656
qlib\qlib\contrib\data\__init__.py,0.0,57.72470474243164,0.0,0.0,4.169467926025391,0.0,4.169467926025391,5.788233757019043,6.9994587898254395,contrib,57.72470474243164
qlib\qlib\rl\order_execution\simulator_simple.py,108.04438018798828,11.560873985290527,6.8707594871521,71.49897003173828,39.2017936706543,4.929234981536865,11.822301864624023,22.2821102142334,32.917598724365234,backtest,108.04438018798828
qlib\qlib\data\cache.py,15.313411712646484,24.911422729492188,45.0899772644043,87.26254272460938,76.91398620605469,26.74213981628418,33.80643844604492,39.92479705810547,69.2026596069336,rl,87.26254272460938
qlib\qlib\contrib\report\data\ana.py,2.3314242362976074,57.25823974609375,8.188371658325195,5.26024866104126,35.50220489501953,9.687042236328125,11.183786392211914,11.652997970581055,16.49695587158203,contrib,57.25823974609375
qlib\qlib\contrib\data\processor.py,2.477681875228882,56.681610107421875,3.142029285430908,4.457415580749512,22.234302520751953,6.4318389892578125,11.911191940307617,11.224455833435059,19.615047454833984,contrib,56.681610107421875
qlib\qlib\rl\strategy\__init__.py,2.6049113273620605,5.010282516479492,0.0,89.49335479736328,0.0,96.38172149658203,0.0,5.010282516479492,5.260105609893799,strategy,96.38172149658203
qlib\qlib\rl\data\pickle_styled.py,103.31329345703125,13.391865730285645,8.341312408447266,71.52220153808594,29.74378776550293,4.8069353103637695,13.458649635314941,23.806604385375977,43.34125900268555,backtest,103.31329345703125
qlib\qlib\model\riskmodel\base.py,2.653651714324951,18.34120750427246,65.06187438964844,5.019756317138672,26.9829158782959,8.418625831604004,10.550019264221191,17.268142700195312,44.50958251953125,model,65.06187438964844
qlib\qlib\contrib\torch.py,0.0,56.81856155395508,1.3683840036392212,0.0,4.494837284088135,0.0,5.419328689575195,6.296151161193848,8.728026390075684,contrib,56.81856155395508
qlib\qlib\backtest\account.py,84.1953125,15.715034484863281,28.09923553466797,16.356367111206055,29.543262481689453,25.14244270324707,15.360760688781738,15.600382804870605,48.56912612915039,backtest,84.1953125
qlib\qlib\rl\order_execution\interpreter.py,3.230112314224243,9.620929718017578,6.608034133911133,75.09989929199219,47.29120635986328,5.046159267425537,9.245158195495605,19.763864517211914,33.192012786865234,rl,75.09989929199219
qlib\qlib\contrib\model\pytorch_gats.py,5.955926418304443,68.3259506225586,103.14617919921875,40.00587463378906,52.816368103027344,24.674375534057617,90.30403137207031,73.17503356933594,65.81503295898438,model,103.14617919921875
qlib\qlib\backtest\utils.py,77.15509796142578,13.677908897399902,3.535085916519165,5.572929382324219,55.89794921875,7.669295310974121,13.89861011505127,77.2720718383789,22.578245162963867,utils,77.2720718383789
qlib\qlib\contrib\model\pytorch_adarnn.py,9.748086929321289,68.35960388183594,97.06478881835938,52.005855560302734,66.61150360107422,23.446767807006836,81.38604736328125,77.2152099609375,64.52873229980469,model,97.06478881835938
qlib\qlib\rl\simulator.py,4.602781295776367,3.796318769454956,0.0,87.69795227050781,0.0,0.2035588026046753,0.0,4.059909343719482,3.3039636611938477,rl,87.69795227050781
qlib\qlib\contrib\tuner\pipeline.py,109.451904296875,64.90059661865234,23.521419525146484,6.142455577850342,63.64442443847656,10.644757270812988,41.430850982666016,24.11412239074707,49.48174285888672,backtest,109.451904296875
qlib\qlib\contrib\model\catboost_model.py,3.115591287612915,64.96625518798828,78.09663391113281,9.467947006225586,13.673537254333496,11.478439331054688,86.3796615600586,14.509026527404785,49.22563934326172,tests,86.3796615600586
qlib\qlib\contrib\eva\alpha.py,0.25745469331741333,60.03419494628906,11.842596054077148,4.669781684875488,20.103961944580078,7.734642028808594,8.296673774719238,14.938675880432129,17.644784927368164,contrib,60.03419494628906
qlib\qlib\contrib\model\pytorch_add.py,4.847519874572754,65.2842788696289,107.06758880615234,37.71380615234375,66.33782196044922,24.37101173400879,77.05953216552734,67.34668731689453,72.54742431640625,model,107.06758880615234
qlib\qlib\contrib\model\pytorch_tabnet.py,12.649341583251953,64.01344299316406,97.04573059082031,39.60309982299805,42.12492370605469,25.293739318847656,84.58831024169922,72.28221130371094,55.729679107666016,model,97.04573059082031
qlib\qlib\contrib\model\__init__.py,2.085648536682129,60.04320526123047,85.12554931640625,1.769075870513916,16.030467987060547,7.420422077178955,2.3001549243927,6.5112786293029785,15.363485336303711,model,85.12554931640625
qlib\qlib\utils\index_data.py,4.354100227355957,14.150134086608887,5.13441801071167,5.213676929473877,50.43742752075195,6.646049499511719,21.328989028930664,74.14814758300781,27.949846267700195,utils,74.14814758300781
qlib\qlib\data\ops.py,9.73611068725586,26.047510147094727,20.078542709350586,180.44705200195312,57.27374267578125,23.634511947631836,36.008399963378906,18.560684204101562,44.68513488769531,rl,180.44705200195312
qlib\qlib\data\storage\__init__.py,0.4663867950439453,2.8238255977630615,0.0,0.0,4.160780906677246,0.0,5.160780906677246,4.210752487182617,10.415253639221191,workflow,10.415253639221191
qlib\qlib\utils\serial.py,5.337789058685303,10.454839706420898,5.325010776519775,28.148418426513672,2.5057241916656494,9.30531120300293,5.599910259246826,72.85144805908203,12.343646049499512,utils,72.85144805908203
qlib\qlib\rl\utils\env_wrapper.py,1.89320969581604,12.511185646057129,15.358672142028809,85.9976806640625,59.44679260253906,9.319869995117188,6.830270767211914,85.32151794433594,18.67402458190918,rl,85.9976806640625
qlib\qlib\model\riskmodel\shrink.py,2.407864570617676,6.84135103225708,53.439579010009766,5.479406356811523,18.491968154907227,6.799017906188965,9.640390396118164,9.361900329589844,18.030187606811523,model,53.439579010009766
qlib\qlib\rl\trainer\trainer.py,7.520981788635254,13.247184753417969,15.514665603637695,79.99109649658203,76.88465118408203,17.62708854675293,50.66252517700195,18.58194923400879,45.24110794067383,rl,79.99109649658203
qlib\qlib\contrib\report\__init__.py,14.835598945617676,60.72219467163086,64.07256317138672,4.157607078552246,7.715994834899902,3.8814239501953125,1.363356590270996,4.104698657989502,23.020328521728516,model,64.07256317138672
qlib\qlib\data\pit.py,0.9059677720069885,12.011421203613281,16.128660202026367,7.925398349761963,29.755542755126953,12.10533618927002,14.7215576171875,12.831215858459473,18.926410675048828,run,29.755542755126953
qlib\qlib\contrib\model\pytorch_gats_ts.py,5.726037979125977,68.22380828857422,101.20199584960938,69.3727798461914,54.208980560302734,24.283845901489258,82.94721221923828,73.13330841064453,72.07209777832031,model,101.20199584960938
qlib\qlib\rl\data\base.py,0.0,7.535872936248779,4.054570198059082,86.58802795410156,13.024039268493652,1.4392708539962769,5.898874282836914,12.878724098205566,15.520914077758789,rl,86.58802795410156
qlib\qlib\rl\trainer\callbacks.py,6.470485210418701,18.858882904052734,83.21466827392578,79.26421356201172,20.439088821411133,14.174603462219238,82.69123840332031,18.472728729248047,64.74241638183594,model,83.21466827392578
qlib\qlib\rl\aux_info.py,7.772327423095703,3.511399745941162,0.0,87.69795227050781,7.3281168937683105,2.757160186767578,0.0,3.7595415115356445,7.699906349182129,rl,87.69795227050781
qlib\qlib\contrib\model\pytorch_gru_ts.py,5.749975204467773,70.46678924560547,92.02839660644531,98.80113220214844,50.744110107421875,22.255462646484375,81.19052124023438,75.7706069946289,61.87281036376953,rl,98.80113220214844
qlib\qlib\data\dataset\processor.py,6.840548038482666,12.692060470581055,17.615345001220703,10.425562858581543,35.11186599731445,12.845499038696289,25.62370491027832,23.302946090698242,41.12295913696289,workflow,41.12295913696289
qlib\qlib\rl\data\__init__.py,0.0,5.186769008636475,0.0,89.55758666992188,4.169467926025391,0.0,4.169467926025391,6.576591968536377,6.9994587898254395,rl,89.55758666992188
qlib\qlib\contrib\model\pytorch_gru.py,5.918502330780029,69.07730865478516,92.10542297363281,40.714542388916016,51.81895446777344,22.322996139526367,89.3828353881836,72.55889129638672,58.26511001586914,model,92.10542297363281
qlib\qlib\data\dataset\storage.py,1.0208079814910889,10.002347946166992,18.621482849121094,2.032627582550049,17.089670181274414,15.556371688842773,8.83298110961914,11.94467830657959,28.3115291595459,workflow,28.3115291595459
qlib\qlib\contrib\data\utils\sepdf.py,2.805652141571045,58.33073043823242,4.843925952911377,6.90425443649292,18.86046600341797,10.739666938781738,12.140358924865723,74.47957611083984,14.449413299560547,utils,74.47957611083984
qlib\qlib\rl\contrib\utils.py,2.846208333969116,61.84660339355469,2.7860770225524902,90.4499740600586,7.4664106369018555,1.843599796295166,8.332128524780273,84.51347351074219,10.5662260055542,rl,90.4499740600586
qlib\qlib\backtest\backtest.py,110.92007446289062,10.458013534545898,8.188080787658691,6.397531986236572,12.31489372253418,129.8229217529297,9.568711280822754,14.690271377563477,34.40761184692383,strategy,129.8229217529297
qlib\qlib\rl\trainer\__init__.py,96.8683853149414,6.984259128570557,0.0,91.89276885986328,0.0,1.844562292098999,0.0,4.984259128570557,10.23192310333252,backtest,96.8683853149414
qlib\qlib\data\_libs\__init__.py,0.6414279341697693,3.471418619155884,0.6414279341697693,0.6414279341697693,4.169467926025391,0.6414279341697693,4.810895919799805,4.861241340637207,8.28231430053711,workflow,8.28231430053711
qlib\qlib\utils\mod.py,2.9354088306427,15.911956787109375,34.816829681396484,52.8275260925293,11.421993255615234,12.374500274658203,9.942665100097656,100.64881134033203,13.966503143310547,utils,100.64881134033203
qlib\qlib\backtest\signal.py,103.43885803222656,11.852740287780762,74.6777572631836,4.748579502105713,4.939643859863281,9.496251106262207,27.944347381591797,14.299153327941895,33.47499465942383,backtest,103.43885803222656
qlib\qlib\rl\contrib\__init__.py,0.0,57.30183792114258,0.0,89.55758666992188,0.0,0.0,0.0,3.9755442142486572,0.050345562398433685,rl,89.55758666992188
qlib\qlib\data\storage\file_storage.py,11.909626007080078,27.56109619140625,33.378204345703125,32.49449920654297,38.0050163269043,17.585121154785156,29.75613021850586,32.768157958984375,34.80366516113281,run,38.0050163269043
qlib\qlib\model\riskmodel\structured.py,2.4298160076141357,20.11124038696289,69.57035064697266,3.162264108657837,20.622053146362305,4.847414493560791,5.0920867919921875,10.056245803833008,24.249134063720703,model,69.57035064697266
qlib\qlib\contrib\report\graph.py,3.988882303237915,65.32939147949219,33.67631149291992,5.710685729980469,24.629180908203125,10.539663314819336,13.07718563079834,18.786386489868164,27.22256088256836,contrib,65.32939147949219
qlib\qlib\utils\resam.py,2.455411434173584,8.00162124633789,4.798190116882324,4.213746070861816,33.46649932861328,7.014709949493408,17.59680938720703,73.04332733154297,28.410036087036133,utils,73.04332733154297
qlib\qlib\data\__init__.py,0.0,2.7821857929229736,2.0,0.0,4.102109909057617,0.0,4.102109909057617,4.1495561599731445,6.88429594039917,workflow,6.88429594039917
qlib\qlib\contrib\model\pytorch_tcts.py,14.816699981689453,71.0187759399414,116.52339172363281,43.75209045410156,55.20186996459961,22.10769271850586,105.8774185180664,82.52552795410156,65.78411865234375,model,116.52339172363281
qlib\qlib\model\riskmodel\__init__.py,0.4749712347984314,2.4750092029571533,59.79861831665039,0.35622841119766235,0.35622841119766235,2.6623992919921875,0.35622841119766235,2.0000381469726562,6.4936370849609375,model,59.79861831665039
qlib\qlib\contrib\model\gbdt.py,10.317355155944824,67.65243530273438,84.72599792480469,9.656509399414062,20.214710235595703,14.491060256958008,85.77482604980469,17.369558334350586,50.964412689208984,tests,85.77482604980469
qlib\qlib\rl\__init__.py,0.0,2.3984029293060303,0.0,92.08592224121094,0.0,0.0,0.0,2.3984029293060303,2.7544708251953125,rl,92.08592224121094
qlib\qlib\utils\__init__.py,16.697696685791016,47.43978500366211,48.54389572143555,89.05587005615234,116.63492584228516,36.54054260253906,44.722206115722656,102.41541290283203,99.45381927490234,run,116.63492584228516
qlib\qlib\model\base.py,0.9297977089881897,7.770534038543701,85.27406311035156,0.4148654043674469,3.6863951683044434,4.521135330200195,59.2623405456543,10.97853946685791,23.628042221069336,model,85.27406311035156
qlib\qlib\contrib\report\analysis_position\risk_analysis.py,8.515759468078613,61.19768524169922,14.747097969055176,1.9279706478118896,12.550827026367188,5.190683364868164,13.20952320098877,14.230608940124512,30.731904983520508,contrib,61.19768524169922
qlib\qlib\data\inst_processor.py,0.0,8.390698432922363,0.803276538848877,0.0,4.14100456237793,1.412071943283081,5.755134105682373,4.441286563873291,12.805652618408203,workflow,12.805652618408203
qlib\qlib\contrib\model\pytorch_tcn.py,4.5177154541015625,68.322021484375,93.20329284667969,40.58317947387695,25.165523529052734,22.214435577392578,91.67510223388672,72.89447784423828,51.50213623046875,model,93.20329284667969
qlib\qlib\contrib\ops\__init__.py,0.0,54.9450569152832,0.0,0.0,0.0,0.0,0.0,1.618765950202942,0.050345562398433685,contrib,54.9450569152832
qlib\qlib\log.py,5.366927623748779,13.276784896850586,26.89081382751465,27.842073440551758,6.385890483856201,14.295944213867188,25.41183853149414,12.291050910949707,30.833820343017578,workflow,30.833820343017578
qlib\qlib\model\meta\dataset.py,0.44565683603286743,7.349999904632568,61.03450393676758,1.9429794549942017,3.88016414642334,3.7094898223876953,57.33429718017578,8.046049118041992,28.161849975585938,model,61.03450393676758
qlib\qlib\workflow\online\__init__.py,2.6921513080596924,7.347909450531006,0.0,0.0,0.0,4.172783851623535,1.0,2.742496967315674,140.03219604492188,workflow,140.03219604492188
qlib\qlib\rl\utils\__init__.py,0.0,6.452880859375,0.0,88.79727172851562,3.0,0.0,3.0,79.83317565917969,5.04960298538208,rl,88.79727172851562
qlib\qlib\typehint.py,3.471508502960205,2.756700277328491,15.050782203674316,1.582863211631775,2.2361786365509033,5.535797119140625,2.2361786365509033,4.970397472381592,7.622356414794922,model,15.050782203674316
qlib\qlib\contrib\rolling\__main__.py,5.2000274658203125,70.3240737915039,20.764249801635742,7.580551624298096,6.098478317260742,11.09231185913086,6.393842697143555,11.177552223205566,11.214628219604492,contrib,70.3240737915039
qlib\qlib\workflow\online\strategy.py,9.237540245056152,33.676456451416016,103.53760528564453,32.876708984375,38.66203689575195,114.31047821044922,88.97036743164062,25.251375198364258,234.9512481689453,workflow,234.9512481689453
qlib\qlib\rl\interpreter.py,4.793402194976807,5.177681922912598,1.0509490966796875,79.16459655761719,8.483114242553711,4.835679054260254,4.233346939086914,5.489072799682617,7.819809913635254,rl,79.16459655761719
qlib\qlib\backtest\executor.py,66.89805603027344,25.51107406616211,19.84061622619629,20.824172973632812,21.172164916992188,134.0027618408203,18.490795135498047,29.73031997680664,50.939476013183594,strategy,134.0027618408203
qlib\qlib\rl\strategy\single_order.py,3.8423023223876953,9.628334045410156,14.999855041503906,89.25865173339844,0.38492804765701294,98.71206665039062,1.1590560674667358,16.00798797607422,9.24068546295166,strategy,98.71206665039062
qlib\qlib\contrib\data\highfreq_processor.py,0.9965053796768188,53.99032974243164,5.816010475158691,1.6019387245178223,11.853984832763672,2.257784843444824,9.327876091003418,12.9556884765625,15.6082181930542,contrib,53.99032974243164
qlib\qlib\rl\order_execution\policy.py,7.758663654327393,13.832830429077148,87.15770721435547,112.03789520263672,63.667877197265625,15.669445991516113,10.908589363098145,17.42050552368164,38.1143684387207,rl,112.03789520263672
qlib\qlib\contrib\report\analysis_position\parse_position.py,5.02195405960083,60.469058990478516,15.311236381530762,8.281476020812988,42.43292236328125,10.137433052062988,10.932909965515137,13.969926834106445,40.5157470703125,contrib,60.469058990478516
qlib\qlib\data\dataset\loader.py,7.908661842346191,18.69376564025879,18.216598510742188,56.23239517211914,28.8315486907959,14.16198444366455,22.093305587768555,21.84162139892578,36.812538146972656,rl,56.23239517211914
qlib\qlib\contrib\strategy\optimizer\__init__.py,2.598935842514038,57.44498062133789,1.0,2.33225417137146,0.0,98.16062927246094,0.0,4.214630126953125,5.24796724319458,strategy,98.16062927246094
qlib\qlib\strategy\base.py,8.317849159240723,13.509305000305176,7.065648078918457,41.430458068847656,10.702523231506348,151.16897583007812,7.72313117980957,15.952729225158691,30.42781639099121,strategy,151.16897583007812
qlib\qlib\data\base.py,0.8863308429718018,13.419097900390625,22.329975128173828,4.767394542694092,30.80315589904785,18.708078384399414,11.313272476196289,12.631389617919922,27.910207748413086,run,30.80315589904785
qlib\qlib\contrib\data\data.py,3.99946665763855,57.69638442993164,2.2244861125946045,2.6468687057495117,10.60758113861084,1.8284332752227783,9.086420059204102,13.481962203979492,9.683454513549805,contrib,57.69638442993164
qlib\qlib\strategy\__init__.py,2.608920097351074,2.6593284606933594,0.0,0.0,0.0,96.53004455566406,0.0,2.6593284606933594,5.268248558044434,strategy,96.53004455566406
qlib\qlib\backtest\__init__.py,108.91374206542969,19.78052520751953,29.628862380981445,6.316578388214111,26.945768356323242,125.16095733642578,13.750471115112305,24.374540328979492,38.6814079284668,strategy,125.16095733642578
qlib\qlib\rl\trainer\vessel.py,7.872614860534668,22.112897872924805,25.57137107849121,83.66002655029297,81.91034698486328,13.687722206115723,61.44064712524414,19.56329345703125,54.717403411865234,rl,83.66002655029297
qlib\qlib\backtest\profit_attribution.py,68.51374816894531,9.97865104675293,19.556596755981445,5.753960132598877,45.93606948852539,12.632000923156738,13.118439674377441,18.408790588378906,25.32421875,backtest,68.51374816894531
qlib\qlib\data\client.py,5.116527080535889,14.207564353942871,16.387468338012695,26.914020538330078,25.86709976196289,8.97913932800293,11.146703720092773,18.813310623168945,38.354923248291016,workflow,38.354923248291016
qlib\qlib\utils\data.py,2.0309667587280273,7.236170768737793,7.426481246948242,2.0907130241394043,5.076112747192383,7.97181510925293,7.940144062042236,75.67826843261719,15.0198974609375,utils,75.67826843261719
qlib\qlib\backtest\decision.py,75.14894104003906,21.864025115966797,27.42341423034668,32.48237991333008,32.14585876464844,119.609130859375,16.17031478881836,28.676719665527344,41.76430892944336,strategy,119.609130859375
qlib\qlib\contrib\report\analysis_position\rank_label.py,7.570806980133057,62.357688903808594,16.996305465698242,1.7107967138290405,22.412723541259766,4.246894836425781,9.562460899353027,14.193489074707031,25.688148498535156,contrib,62.357688903808594
qlib\qlib\contrib\rolling\__init__.py,0.0,61.194618225097656,0.0,0.0,0.0,0.0,0.0,1.618765950202942,0.050345562398433685,contrib,61.194618225097656
qlib\qlib\model\interpret\base.py,0.5720558166503906,3.842432975769043,67.0959243774414,0.4290418326854706,0.8241392374038696,4.269261837005615,2.062858819961548,3.994394540786743,11.033102035522461,model,67.0959243774414
qlib\qlib\contrib\report\data\__init__.py,0.0,60.466552734375,0.0,0.0,4.168010711669922,0.0,4.168010711669922,5.786005973815918,8.104035377502441,contrib,60.466552734375
qlib\qlib\workflow\online\manager.py,40.34428405761719,33.660789489746094,102.3750228881836,17.062255859375,37.30846405029297,145.54013061523438,37.904972076416016,22.49418830871582,242.0508270263672,workflow,242.0508270263672
qlib\qlib\tests\config.py,8.942834854125977,86.66356658935547,92.68136596679688,38.61211013793945,14.670207977294922,19.9250431060791,115.32585906982422,23.289833068847656,190.63697814941406,workflow,190.63697814941406
qlib\qlib\contrib\ops\high_freq.py,2.051530122756958,54.467308044433594,2.327352285385132,44.69010543823242,19.096193313598633,7.618023872375488,11.969947814941406,13.574925422668457,17.178661346435547,contrib,54.467308044433594
qlib\qlib\utils\exceptions.py,1.0,3.073101043701172,1.0,2.5377328395843506,0.0,1.0,1.0,73.55853271484375,3.0,utils,73.55853271484375
qlib\qlib\workflow\online\utils.py,17.280874252319336,25.60881233215332,98.86075592041016,3.553992748260498,10.721467971801758,20.458158493041992,7.7609710693359375,75.00584411621094,204.1771240234375,workflow,204.1771240234375
qlib\qlib\contrib\meta\__init__.py,0.0,55.25907516479492,0.0,0.0,0.5825541019439697,0.0,0.5825541019439697,2.1990132331848145,1.0210813283920288,contrib,55.25907516479492
qlib\qlib\data\dataset\__init__.py,0.9656202793121338,14.63263988494873,6.313575744628906,2.9749252796173096,47.60541915893555,5.513695240020752,44.23837661743164,17.702465057373047,18.99610137939453,run,47.60541915893555
qlib\qlib\contrib\report\analysis_position\score_ic.py,7.3732404708862305,63.855037689208984,17.472593307495117,1.0490113496780396,14.296658515930176,5.294623374938965,7.751915454864502,11.682290077209473,22.89073371887207,contrib,63.855037689208984
qlib\qlib\cli\run.py,11.714055061340332,18.103113174438477,22.11994171142578,36.6039924621582,81.21009826660156,21.862993240356445,13.828452110290527,22.641054153442383,178.47509765625,workflow,178.47509765625
qlib\qlib\rl\contrib\train_onpolicy.py,119.2311019897461,79.1229019165039,37.9329948425293,84.4237060546875,93.91524505615234,22.091989517211914,52.0709114074707,39.113712310791016,157.0748748779297,workflow,157.0748748779297
qlib\qlib\contrib\model\pytorch_transformer.py,6.504859924316406,68.66455841064453,95.04248046875,40.478431701660156,25.99679183959961,23.631261825561523,91.85836791992188,73.28126525878906,52.529170989990234,model,95.04248046875
qlib\qlib\workflow\task\gen.py,4.7549638748168945,18.934186935424805,18.56641387939453,3.8688530921936035,32.66117858886719,19.449617385864258,84.47285461425781,14.722732543945312,137.48617553710938,workflow,137.48617553710938
qlib\qlib\contrib\online\online_model.py,0.8728740215301514,66.7965316772461,68.24812316894531,3.749131202697754,6.888637065887451,7.087677478790283,50.94752502441406,13.416741371154785,54.08170700073242,model,68.24812316894531
qlib\qlib\model\ens\__init__.py,0.477340966463089,2.4823684692382812,59.9123649597168,0.35800570249557495,0.35800570249557495,2.6706933975219727,0.35800570249557495,2.0050275325775146,6.5110673904418945,model,59.9123649597168
qlib\qlib\contrib\model\pytorch_localformer_ts.py,6.213068962097168,70.32056427001953,102.73861694335938,70.32937622070312,46.72771453857422,23.923032760620117,81.38980865478516,74.36615753173828,62.89262008666992,model,102.73861694335938
qlib\qlib\constant.py,0.8737120628356934,0.8358058929443359,0.0,1.070451259613037,7.905054092407227,1.5186938047409058,0.37351667881011963,2.1461265087127686,0.8731098771095276,run,7.905054092407227
qlib\qlib\contrib\strategy\optimizer\base.py,2.5871171951293945,57.23674392700195,2.0077648162841797,1.3224067687988281,0.0,97.02318572998047,0.0,6.548386573791504,9.854584693908691,strategy,97.02318572998047
qlib\qlib\contrib\report\analysis_position\__init__.py,6.539357662200928,58.56288528442383,1.0504419803619385,3.8150155544281006,7.462702751159668,1.0504419803619385,0.0,1.8146991729736328,15.862787246704102,contrib,58.56288528442383
qlib\qlib\contrib\online\__init__.py,0.0,58.06983947753906,0.0,0.0,0.0,0.0,0.0,1.618765950202942,28.17336654663086,contrib,58.06983947753906
qlib\qlib\contrib\model\pytorch_tcn_ts.py,4.303615570068359,69.57120513916016,93.17129516601562,71.35370635986328,18.313159942626953,22.34209632873535,81.82003784179688,74.52420806884766,60.212833404541016,model,93.17129516601562
qlib\qlib\contrib\evaluate.py,114.3446273803711,72.1030044555664,54.13501739501953,19.24808692932129,90.05193328857422,125.03728485107422,24.268003463745117,27.125993728637695,61.636566162109375,strategy,125.03728485107422
qlib\qlib\contrib\meta\data_selection\model.py,2.8423924446105957,69.44898223876953,78.801513671875,38.58395004272461,78.31005859375,16.815427780151367,84.98371124267578,24.063922882080078,73.0621109008789,tests,84.98371124267578
qlib\qlib\contrib\workflow\record_temp.py,19.737964630126953,70.73079681396484,90.8564453125,6.187372207641602,16.110841751098633,23.32229995727539,28.340320587158203,19.726364135742188,184.88645935058594,workflow,184.88645935058594
qlib\qlib\contrib\workflow\__init__.py,4.68794059753418,59.06031799316406,0.0,0.0,0.0,4.164888381958008,1.0,4.305166721343994,112.73272705078125,workflow,112.73272705078125
qlib\qlib\contrib\data\highfreq_provider.py,105.30794525146484,64.00870513916016,26.647098541259766,32.2296257019043,23.593839645385742,20.65532684326172,156.60052490234375,30.63665199279785,43.72285461425781,tests,156.60052490234375
qlib\qlib\rl\trainer\api.py,89.31236267089844,7.903841018676758,3.099743127822876,88.44343566894531,0.4672587513923645,2.1468780040740967,39.625118255615234,6.736306190490723,21.337772369384766,backtest,89.31236267089844
qlib\qlib\utils\paral.py,2.6953556537628174,14.426040649414062,10.716647148132324,7.822940826416016,82.81156921386719,10.094335556030273,28.08832550048828,76.42496490478516,35.70657730102539,run,82.81156921386719
qlib\qlib\contrib\model\pytorch_krnn.py,5.968809127807617,67.90957641601562,93.75421142578125,38.52299880981445,87.66651153564453,23.12952423095703,85.31124877929688,71.07957458496094,58.646610260009766,model,93.75421142578125
qlib\qlib\backtest\position.py,69.68280792236328,10.424220085144043,20.432401657104492,10.641417503356934,18.375595092773438,8.774906158447266,13.368785858154297,13.935511589050293,37.494956970214844,backtest,69.68280792236328
qlib\qlib\cli\data.py,3.0184521675109863,4.74725341796875,2.0870182514190674,4.0790300369262695,8.171582221984863,4.0790300369262695,7.182114601135254,9.544724464416504,9.491131782531738,utils,9.544724464416504
qlib\qlib\contrib\model\pytorch_tra.py,11.031417846679688,75.40853118896484,113.21913146972656,49.39825439453125,79.63691711425781,31.333826065063477,89.3045654296875,30.712921142578125,81.2242431640625,model,113.21913146972656
qlib\qlib\tests\__init__.py,7.26917839050293,18.058658599853516,29.150503158569336,26.746328353881836,29.222412109375,17.051456451416016,105.69246673583984,33.100948333740234,33.344818115234375,tests,105.69246673583984
qlib\qlib\data\dataset\handler.py,5.367807388305664,20.723087310791016,26.41425895690918,13.19525146484375,104.2815933227539,25.54842185974121,16.92893409729004,25.738868713378906,64.06558227539062,run,104.2815933227539
qlib\qlib\contrib\online\operator.py,20.327207565307617,69.95085144042969,79.64276123046875,21.15888214111328,70.77328491210938,131.8443603515625,24.501331329345703,27.341840744018555,96.08523559570312,strategy,131.8443603515625
qlib\qlib\model\interpret\__init__.py,0.477340966463089,2.4823684692382812,59.9123649597168,0.35800570249557495,0.35800570249557495,2.6706933975219727,0.35800570249557495,2.0050275325775146,6.5110673904418945,model,59.9123649597168
qlib\qlib\contrib\model\pytorch_transformer_ts.py,6.432546138763428,70.03560638427734,95.7868423461914,71.68579864501953,24.884658813476562,23.936420440673828,82.38733673095703,75.26764678955078,61.0930290222168,model,95.7868423461914
qlib\qlib\rl\utils\data_queue.py,0.9481182098388672,14.725639343261719,19.08864402770996,82.38406372070312,67.95222473144531,12.06812858581543,11.366694450378418,92.1996841430664,35.670310974121094,utils,92.1996841430664
qlib\qlib\contrib\model\tcn.py,0.8035886287689209,59.403541564941406,71.53648376464844,1.9225248098373413,30.745206832885742,8.20534896850586,8.13398551940918,10.938817024230957,20.11424446105957,model,71.53648376464844
qlib\qlib\data\filter.py,4.3437089920043945,7.889651775360107,7.554135799407959,33.64879608154297,21.775531768798828,7.392444133758545,12.938024520874023,16.188854217529297,15.306632041931152,rl,33.64879608154297
qlib\qlib\contrib\rolling\ddgda.py,6.0845947265625,70.6573715209961,90.93582153320312,54.46609878540039,67.35946655273438,19.551315307617188,77.6106185913086,53.77168273925781,84.1186752319336,model,90.93582153320312
qlib\qlib\model\riskmodel\poet.py,12.695133209228516,5.894153594970703,59.82529067993164,3.268157958984375,13.385710716247559,6.631310939788818,4.711576461791992,9.8241605758667,15.122257232666016,model,59.82529067993164
qlib\qlib\contrib\model\pytorch_hist.py,7.807281970977783,67.17388153076172,100.99664306640625,51.41991424560547,46.60894012451172,26.134843826293945,87.57402801513672,73.31376647949219,68.59188842773438,model,100.99664306640625
qlib\qlib\tests\data.py,11.026806831359863,18.645002365112305,20.947877883911133,84.7000961303711,16.11374282836914,7.47787618637085,86.64830017089844,22.543176651000977,31.48323631286621,tests,86.64830017089844
qlib\qlib\contrib\meta\data_selection\net.py,4.105066299438477,62.52107238769531,16.975223541259766,4.613947868347168,9.764004707336426,8.606462478637695,50.306060791015625,18.6092529296875,25.159698486328125,contrib,62.52107238769531
qlib\qlib\contrib\model\double_ensemble.py,10.414505958557129,67.29446411132812,105.18852996826172,25.49492645263672,37.37263107299805,21.396324157714844,75.33942413330078,19.508493423461914,63.873008728027344,model,105.18852996826172
qlib\qlib\contrib\strategy\__init__.py,2.581273317337036,57.20808792114258,0.0,0.0,0.0,95.50711059570312,0.0,4.190165996551514,5.2120890617370605,strategy,95.50711059570312
qlib\qlib\contrib\meta\data_selection\__init__.py,0.0,57.98366165161133,0.0,0.0,4.7433295249938965,0.0,4.7433295249938965,6.358260631561279,7.955582618713379,contrib,57.98366165161133
qlib\qlib\model\meta\task.py,0.8164368271827698,8.35348129272461,83.53648376464844,0.704501211643219,4.92850399017334,4.226222991943359,45.42162322998047,10.575210571289062,41.58320999145508,model,83.53648376464844
qlib\qlib\backtest\high_performance_ds.py,74.73825073242188,17.85294532775879,21.241086959838867,11.469804763793945,39.89775466918945,14.87483024597168,32.65709686279297,27.580034255981445,62.54745101928711,backtest,74.73825073242188
qlib\qlib\contrib\__init__.py,0.0,54.969966888427734,0.0,0.0,0.0,0.0,0.0,1.61953866481781,0.050408437848091125,contrib,54.969966888427734
qlib\qlib\workflow\record_temp.py,136.036865234375,78.01747131347656,89.90251159667969,25.00679588317871,98.4339828491211,146.96791076660156,33.21089172363281,38.758018493652344,199.63548278808594,workflow,199.63548278808594
qlib\qlib\model\meta\__init__.py,0.476153165102005,2.867532253265381,59.855350494384766,0.35711485147476196,0.9403937458992004,2.6665360927581787,0.9403937458992004,2.5858054161071777,7.474462032318115,model,59.855350494384766
qlib\qlib\data\storage\storage.py,3.086794376373291,8.92888355255127,15.567728042602539,22.183015823364258,22.150405883789062,7.987851619720459,36.74346160888672,12.618539810180664,22.30000114440918,tests,36.74346160888672
qlib\qlib\workflow\task\utils.py,8.072416305541992,20.356746673583984,22.687034606933594,24.049619674682617,41.20672607421875,16.441556930541992,56.50525665283203,85.05827331542969,146.56117248535156,workflow,146.56117248535156
qlib\qlib\model\trainer.py,9.434553146362305,28.88011360168457,105.68476867675781,21.52077293395996,86.37242126464844,23.237600326538086,44.78764724731445,22.260671615600586,174.1246795654297,workflow,174.1246795654297
qlib\qlib\contrib\report\analysis_position\report.py,8.721965789794922,67.30623626708984,18.91960334777832,2.8937036991119385,20.07872772216797,4.024117469787598,14.269034385681152,18.291667938232422,35.393611907958984,contrib,67.30623626708984
qlib\qlib\contrib\report\data\base.py,0.4520115852355957,61.05309295654297,7.8667311668396,2.1970841884613037,12.663345336914062,5.641400337219238,8.261920928955078,8.526439666748047,15.376877784729004,contrib,61.05309295654297
qlib\qlib\rl\data\native.py,111.7964096069336,11.700485229492188,8.40700912475586,88.97203063964844,14.800830841064453,3.63824725151062,10.535480499267578,19.074630737304688,31.717031478881836,backtest,111.7964096069336
qlib\qlib\utils\pickle_utils.py,5.94122314453125,19.232484817504883,47.644039154052734,13.83977222442627,11.077882766723633,14.798556327819824,13.86762523651123,96.76641845703125,44.411869049072266,utils,96.76641845703125
qlib\qlib\contrib\strategy\order_generator.py,2.6282596588134766,52.77684020996094,7.973078727722168,2.9907896518707275,0.5496662855148315,84.65630340576172,2.0766735076904297,9.32684326171875,17.30167579650879,strategy,84.65630340576172
qlib\qlib\contrib\model\pytorch_lstm_ts.py,5.739549160003662,70.17933654785156,91.53710174560547,98.7933120727539,41.27850341796875,22.218971252441406,81.18270111083984,75.49188232421875,61.29402542114258,rl,98.7933120727539
qlib\qlib\contrib\eva\__init__.py,0.0,54.9450569152832,0.0,0.0,0.0,0.0,0.0,1.618765950202942,0.050345562398433685,contrib,54.9450569152832
qlib\qlib\rl\utils\finite_env.py,5.524288654327393,13.72253131866455,8.453582763671875,69.88013458251953,59.12779998779297,9.631521224975586,11.371211051940918,63.91151809692383,23.881366729736328,rl,69.88013458251953
qlib\qlib\contrib\online\utils.py,9.078399658203125,68.5783462524414,18.462966918945312,37.00565719604492,13.929783821105957,18.290245056152344,14.857009887695312,93.72509002685547,67.7862777709961,utils,93.72509002685547
qlib\qlib\contrib\report\analysis_model\analysis_model_performance.py,15.266947746276855,63.72219467163086,76.63007354736328,6.97680139541626,55.4693603515625,10.942299842834473,16.822811126708984,22.0108642578125,47.67566680908203,model,76.63007354736328
qlib\qlib\contrib\tuner\config.py,97.45220184326172,75.10985565185547,85.09164428710938,6.82332706451416,15.804429054260254,17.6575984954834,11.590712547302246,19.972980499267578,46.764488220214844,backtest,97.45220184326172
qlib\qlib\rl\contrib\naive_config_parser.py,117.6556167602539,72.37372589111328,31.585153579711914,84.73261260986328,17.059526443481445,18.138671875,16.81597137451172,24.54559898376465,34.1690788269043,backtest,117.6556167602539
qlib\qlib\rl\seed.py,0.0,2.7007570266723633,0.0,89.42929077148438,0.0,0.34735482931137085,0.0,2.3534021377563477,0.0,rl,89.42929077148438
qlib\qlib\contrib\model\pytorch_alstm.py,5.732076168060303,68.55204010009766,98.09776306152344,40.063961029052734,58.72420883178711,23.012765884399414,92.06590270996094,72.63494873046875,60.4140739440918,model,98.09776306152344
qlib\qlib\workflow\online\update.py,16.445188522338867,20.00014305114746,91.90528869628906,9.207819938659668,19.70488929748535,21.323871612548828,47.6270866394043,24.59501838684082,174.62782287597656,workflow,174.62782287597656
qlib\qlib\model\ens\group.py,0.4059479236602783,10.018775939941406,56.66618347167969,0.30446094274520874,9.987068176269531,4.205561637878418,3.743241310119629,6.61083984375,8.400934219360352,model,56.66618347167969
qlib\qlib\workflow\exp.py,7.336770534515381,24.434341430664062,14.041939735412598,39.30677795410156,82.2831802368164,18.12664794921875,10.520206451416016,16.69000816345215,153.91726684570312,workflow,153.91726684570312
qlib\qlib\workflow\recorder.py,10.66130256652832,25.416170120239258,27.78171157836914,25.966522216796875,89.0345230102539,21.511463165283203,30.07743263244629,80.96070861816406,161.71275329589844,workflow,161.71275329589844
qlib\qlib\contrib\model\highfreq_gdbt_model.py,20.592519760131836,65.76312255859375,83.71639251708984,42.31295394897461,33.34003829956055,15.443830490112305,74.65853118896484,18.160032272338867,55.64787673950195,model,83.71639251708984
qlib\qlib\cli\__init__.py,0.4281526207923889,0.47856104373931885,0.4281526207923889,0.4281526207923889,0.0,0.4281526207923889,0.4281526207923889,0.47856104373931885,0.9067136645317078,workflow,0.9067136645317078
qlib\qlib\contrib\online\user.py,12.443044662475586,68.5909652709961,80.86244201660156,12.772134780883789,8.901193618774414,139.3271942138672,10.933086395263672,12.485041618347168,87.14521026611328,strategy,139.3271942138672
qlib\qlib\model\ens\ensemble.py,0.799270510673523,10.794480323791504,72.68682861328125,2.916987180709839,17.511573791503906,12.691286087036133,7.669673442840576,12.392168998718262,29.929080963134766,model,72.68682861328125
qlib\qlib\contrib\meta\data_selection\dataset.py,13.364402770996094,87.72886657714844,93.73538208007812,44.54110336303711,37.766597747802734,30.16446876525879,128.90899658203125,36.58955764770508,184.61691284179688,workflow,184.61691284179688
qlib\qlib\rl\order_execution\utils.py,0.0,6.998244762420654,2.187195301055908,90.10037994384766,26.032554626464844,1.3830668926239014,7.165072441101074,77.12662506103516,12.772486686706543,rl,90.10037994384766
qlib\qlib\contrib\model\pytorch_igmtf.py,5.56278133392334,66.96090698242188,102.53443908691406,38.38412857055664,53.738487243652344,25.04079246520996,84.23238372802734,71.06007385253906,64.86640167236328,model,102.53443908691406
qlib\qlib\contrib\model\pytorch_localformer.py,6.290091037750244,68.99050903320312,102.00141906738281,39.63218688964844,47.4294319152832,23.660383224487305,90.02861785888672,72.484375,54.666465759277344,model,102.00141906738281
qlib\qlib\rl\data\integration.py,9.420672416687012,16.00409698486328,25.732189178466797,94.06783294677734,20.34773826599121,14.434022903442383,16.693130493164062,23.683151245117188,27.073734283447266,rl,94.06783294677734
qlib\qlib\contrib\online\manager.py,11.56887435913086,67.77381134033203,70.34088134765625,5.060049057006836,17.43263053894043,121.72660064697266,10.847086906433105,20.80112648010254,65.91212463378906,strategy,121.72660064697266
qlib\qlib\utils\time.py,0.5652782320976257,7.908895969390869,5.689140319824219,17.745742797851562,31.848217010498047,7.66382360458374,13.466094970703125,65.5343017578125,21.769968032836914,utils,65.5343017578125
qlib\qlib\workflow\task\manage.py,8.47323226928711,18.828441619873047,21.17554473876953,24.458194732666016,83.8627700805664,16.32368278503418,42.17967224121094,20.783248901367188,135.65286254882812,workflow,135.65286254882812
qlib\qlib\contrib\data\highfreq_handler.py,7.7786102294921875,51.3386116027832,8.599031448364258,4.991045951843262,26.470823287963867,6.958736419677734,12.973149299621582,16.269947052001953,27.98822593688965,contrib,51.3386116027832
qlib\qlib\model\__init__.py,0.5401007533073425,2.6705851554870605,62.924835205078125,0.4050755500793457,0.4050755500793457,2.890352487564087,0.4050755500793457,2.1304843425750732,6.966013431549072,model,62.924835205078125
qlib\qlib\contrib\evaluate_portfolio.py,3.293292760848999,60.45948791503906,7.10355281829834,6.530416011810303,25.51224708557129,15.804574012756348,14.306034088134766,18.05414390563965,31.119340896606445,contrib,60.45948791503906
qlib\qlib\contrib\model\pytorch_alstm_ts.py,5.520761489868164,70.20047760009766,98.36082458496094,96.70674133300781,56.763885498046875,23.10513687133789,92.67327880859375,75.0628662109375,68.78150177001953,model,98.36082458496094
qlib\qlib\contrib\rolling\base.py,30.794124603271484,93.52104949951172,103.72247314453125,55.807403564453125,82.97998046875,37.70804214477539,84.66887664794922,34.95498275756836,241.59176635742188,workflow,241.59176635742188
qlib\qlib\workflow\utils.py,3.2132301330566406,10.13101577758789,15.369812965393066,3.129544258117676,5.865901947021484,10.742650985717773,3.2649435997009277,75.68165588378906,140.5902099609375,workflow,140.5902099609375
qlib\qlib\utils\file.py,3.4815456867218018,8.502180099487305,16.7635498046875,6.495632171630859,6.938399314880371,7.767443656921387,25.65027618408203,82.74258422851562,21.991613388061523,utils,82.74258422851562
qlib\qlib\contrib\report\analysis_model\__init__.py,14.010347366333008,60.19112777709961,62.851863861083984,0.40393543243408203,0.40393543243408203,2.8850319385528564,0.40393543243408203,3.692092180252075,14.082727432250977,model,62.851863861083984
qlib\qlib\contrib\data\dataset.py,8.73154067993164,66.15570831298828,37.55204772949219,8.689412117004395,44.288902282714844,17.835023880004883,42.57017135620117,27.093427658081055,36.448917388916016,contrib,66.15570831298828
qlib\qlib\contrib\data\loader.py,7.527105331420898,59.96846008300781,5.644682884216309,10.072164535522461,23.342147827148438,6.7488532066345215,26.5946102142334,11.72530460357666,21.07166862487793,contrib,59.96846008300781
qlib\qlib\backtest\exchange.py,64.53221130371094,22.936704635620117,36.14541244506836,18.145362854003906,54.28784942626953,20.013769149780273,24.0764217376709,30.430042266845703,56.614742279052734,backtest,64.53221130371094
qlib\qlib\data\data.py,12.801225662231445,68.80443572998047,45.27224349975586,31.840669631958008,58.95942687988281,34.24461364746094,39.657344818115234,45.66371536254883,85.2145004272461,workflow,85.2145004272461
qlib\qlib\contrib\model\linear.py,5.090420722961426,62.35572814941406,84.85055541992188,10.069351196289062,12.160264015197754,13.196343421936035,70.04996490478516,18.39099884033203,30.343528747558594,model,84.85055541992188
qlib\qlib\contrib\data\handler.py,8.08329963684082,70.37725067138672,26.891061782836914,6.164335250854492,11.346758842468262,9.841984748840332,13.847041130065918,23.742412567138672,32.540218353271484,contrib,70.37725067138672
qlib\qlib\rl\order_execution\state.py,94.66974639892578,11.195413589477539,4.012181758880615,89.57466888427734,13.214553833007812,0.9357717037200928,4.506511688232422,14.078838348388672,17.16800880432129,backtest,94.66974639892578
qlib\qlib\config.py,15.423259735107422,36.1894645690918,89.74529266357422,47.42774200439453,35.80490493774414,28.363670349121094,27.611474990844727,33.93000030517578,148.83323669433594,workflow,148.83323669433594
qlib\qlib\rl\order_execution\strategy.py,116.84208679199219,24.365129470825195,19.717243194580078,88.64896392822266,43.20692825317383,105.34452819824219,17.122913360595703,35.57749557495117,60.7722282409668,backtest,116.84208679199219
qlib\qlib\contrib\strategy\cost_control.py,6.868057727813721,73.05143737792969,84.62544250488281,6.102828025817871,32.86677551269531,98.67015075683594,11.303818702697754,21.645889282226562,39.313255310058594,strategy,98.67015075683594
qlib\qlib\contrib\report\analysis_position\cumulative_return.py,6.518160343170166,65.56219482421875,17.9969539642334,6.114102363586426,27.700773239135742,5.210249423980713,8.885354042053223,14.261918067932129,34.2294921875,contrib,65.56219482421875
qlib\qlib\contrib\tuner\space.py,1.450761318206787,55.59001159667969,1.9265559911727905,1.5294148921966553,0.0,1.7754340171813965,1.7190996408462524,2.5452957153320312,6.406991958618164,contrib,55.59001159667969
qlib\qlib\contrib\tuner\launcher.py,5.337440490722656,63.99162292480469,17.548458099365234,4.492564678192139,63.79319381713867,8.392094612121582,5.1662726402282715,12.607837677001953,17.507526397705078,contrib,63.99162292480469
qlib\qlib\contrib\tuner\tuner.py,21.905309677124023,79.6739273071289,88.29472351074219,24.492807388305664,20.107393264770508,123.52394104003906,41.76272964477539,44.679176330566406,65.33126068115234,strategy,123.52394104003906
qlib\qlib\rl\order_execution\reward.py,85.05313110351562,7.431087017059326,2.4638075828552246,88.01443481445312,10.601937294006348,0.7285948395729065,6.9366350173950195,12.76762866973877,26.80829620361328,rl,88.01443481445312
qlib\qlib\data\dataset\utils.py,3.664642333984375,10.454140663146973,3.2549540996551514,1.9929829835891724,10.332704544067383,1.4680168628692627,10.425525665283203,73.93601989746094,25.49114990234375,utils,73.93601989746094
qlib\qlib\model\utils.py,0.46123284101486206,6.991597652435303,64.92610168457031,0.962771475315094,20.0620174407959,3.484523296356201,3.3459246158599854,78.0923843383789,11.905895233154297,utils,78.0923843383789
qlib\qlib\__init__.py,9.596985816955566,30.302438735961914,28.000776290893555,32.76920700073242,91.673828125,20.30101203918457,40.35062026977539,37.07054138183594,44.137691497802734,run,91.673828125
qlib\qlib\data\dataset\weight.py,0.0,3.923614263534546,2.5889506340026855,1.6408251523971558,4.311199188232422,0.6728663444519043,7.592849254608154,8.20276927947998,8.23481273651123,workflow,8.23481273651123
qlib\qlib\contrib\meta\data_selection\utils.py,3.89371657371521,64.22988891601562,20.351268768310547,3.858215570449829,27.409095764160156,9.702356338500977,11.563220024108887,77.76283264160156,23.260801315307617,utils,77.76283264160156
qlib\qlib\contrib\model\pytorch_nn.py,8.565902709960938,76.4545669555664,107.91537475585938,61.73027038574219,60.85895538330078,24.880281448364258,79.09249114990234,48.98104476928711,50.559993743896484,model,107.91537475585938
qlib\qlib\rl\contrib\backtest.py,125.22654724121094,89.25206756591797,39.5147819519043,77.47252655029297,67.22747802734375,142.2244415283203,19.614076614379883,37.42604064941406,87.35394287109375,strategy,142.2244415283203
qlib\qlib\contrib\data\utils\__init__.py,0.0,59.780006408691406,0.0,0.0,4.168010711669922,0.0,4.168010711669922,78.6252670288086,6.996967792510986,utils,78.6252670288086
qlib\qlib\workflow\expm.py,12.39417839050293,25.019981384277344,21.38003921508789,12.562586784362793,72.02519989013672,16.12198257446289,36.63086700439453,20.22332191467285,159.67860412597656,workflow,159.67860412597656
qlib\qlib\workflow\__init__.py,9.17923355102539,21.990676879882812,8.629317283630371,7.337704658508301,74.91439056396484,11.123034477233887,38.09231185913086,25.23220443725586,142.9686279296875,workflow,142.9686279296875
qlib\qlib\rl\order_execution\simulator_qlib.py,7.639681339263916,17.94826889038086,22.373764038085938,97.62255859375,8.334921836853027,127.07022094726562,14.495899200439453,18.729373931884766,42.06275177001953,strategy,127.07022094726562
qlib\qlib\contrib\report\utils.py,0.0,57.98027420043945,2.9298036098480225,0.7561492323875427,9.898380279541016,4.2659912109375,1.3554656505584717,74.82954406738281,5.811733245849609,utils,74.82954406738281
qlib\qlib\contrib\model\pytorch_general_nn.py,7.446775913238525,80.29780578613281,100.01687622070312,126.48635864257812,40.799964904785156,26.233869552612305,97.22088623046875,77.51460266113281,62.56998825073242,rl,126.48635864257812
qlib\qlib\contrib\tuner\__init__.py,0.0,54.9450569152832,0.0,0.0,0.0,0.0,0.0,1.618765950202942,0.050345562398433685,contrib,54.9450569152832
qlib\qlib\workflow\task\__init__.py,2.6921513080596924,4.2231292724609375,0.34011149406433105,0.0,0.0,4.172783851623535,2.004055976867676,2.742496967315674,127.9926528930664,workflow,127.9926528930664
qlib\qlib\contrib\strategy\signal_strategy.py,23.051015853881836,67.02183532714844,93.45301818847656,18.10171127319336,39.999847412109375,97.89110565185547,28.523115158081055,28.903488159179688,65.9662857055664,strategy,97.89110565185547
qlib\qlib\contrib\model\xgboost.py,0.9324160814285278,63.86001968383789,73.19351959228516,7.840909957885742,12.81336498260498,10.052419662475586,68.23179626464844,12.193102836608887,32.090492248535156,model,73.19351959228516
qlib\qlib\contrib\strategy\optimizer\optimizer.py,3.586193084716797,57.17631912231445,1.9265868663787842,38.43324279785156,33.9157829284668,90.73649597167969,9.472180366516113,12.912076950073242,17.369274139404297,strategy,90.73649597167969
qlib\qlib\contrib\model\pytorch_utils.py,2.537301540374756,62.5020637512207,95.9991683959961,2.363600730895996,4.417613506317139,9.55291748046875,3.2796757221221924,75.91097259521484,17.18815040588379,model,95.9991683959961
qlib\qlib\utils\objm.py,2.877979278564453,7.09372615814209,3.558319330215454,22.847787857055664,2.9892385005950928,6.515556812286377,5.897928237915039,75.57135009765625,24.215808868408203,utils,75.57135009765625
qlib\qlib\contrib\model\pytorch_sfm.py,6.447963714599609,63.93004608154297,87.03829956054688,61.97694396972656,26.067384719848633,20.337432861328125,79.32861328125,70.31653594970703,47.3853759765625,model,87.03829956054688
qlib\qlib\rl\order_execution\__init__.py,0.0,2.3728766441345215,0.0,93.48438262939453,0.0,0.0,0.0,2.3728766441345215,2.7963078022003174,rl,93.48438262939453
qlib\qlib\contrib\model\pytorch_sandwich.py,5.553025722503662,67.59866333007812,90.4072036743164,39.19405746459961,69.69025421142578,21.60195541381836,87.31922912597656,71.58051300048828,54.79730224609375,model,90.4072036743164
qlib\qlib\rl\order_execution\network.py,2.1856350898742676,11.42687702178955,19.135263442993164,78.64179992675781,77.85431671142578,6.590940475463867,10.948667526245117,14.34788703918457,37.571781158447266,rl,78.64179992675781
qlib\qlib\contrib\strategy\rule_strategy.py,22.095184326171875,56.90937423706055,15.875299453735352,26.336626052856445,28.65411376953125,125.42231750488281,16.3585262298584,39.99767303466797,31.699827194213867,strategy,125.42231750488281
qlib\qlib\model\meta\model.py,0.5216943621635437,6.075404167175293,66.45341491699219,0.3912707567214966,4.408043384552002,4.375490188598633,5.010927200317383,9.733829498291016,30.194141387939453,model,66.45341491699219
