file_path,Recommender,Registry,Image,best_module,best_likelihood
services\tools.descartes.teastore.auth\src\main\java\tools\descartes\teastore\auth\rest\AuthCartRest.java,5.00,0.00,0.00,None,5.00
services\tools.descartes.teastore.auth\src\main\java\tools\descartes\teastore\auth\rest\AuthUserActionsRest.java,0.00,0.00,0.00,None,0.00
services\tools.descartes.teastore.auth\src\main\java\tools\descartes\teastore\auth\rest\ReadyRest.java,0.00,95.00,0.00,Registry,95.00
services\tools.descartes.teastore.auth\src\main\java\tools\descartes\teastore\auth\security\ISessionIdGenerator.java,0.00,0.00,0.00,None,0.00
services\tools.descartes.teastore.auth\src\main\java\tools\descartes\teastore\auth\security\ShaSecurityProvider.java,0.00,0.00,0.00,None,0.00
services\tools.descartes.teastore.auth\src\main\java\tools\descartes\teastore\auth\security\IKeyProvider.java,0.00,0.00,0.00,None,0.00
services\tools.descartes.teastore.auth\src\main\java\tools\descartes\teastore\auth\security\ConstantKeyProvider.java,0.00,0.00,0.00,None,0.00
services\tools.descartes.teastore.auth\src\main\java\tools\descartes\teastore\auth\security\RandomSessionIdGenerator.java,0.00,0.00,0.00,None,0.00
services\tools.descartes.teastore.auth\src\main\java\tools\descartes\teastore\auth\security\ISecurityProvider.java,0.00,0.00,0.00,None,0.00
services\tools.descartes.teastore.auth\src\main\java\tools\descartes\teastore\auth\security\BCryptProvider.java,0.00,0.00,0.00,None,0.00
services\tools.descartes.teastore.auth\src\main\java\tools\descartes\teastore\auth\startup\AuthStartup.java,0.00,90.00,0.00,Registry,90.00
services\tools.descartes.teastore.persistence\src\main\java\tools\descartes\teastore\persistence\daemons\InitialDataGenerationDaemon.java,0.00,0.00,0.00,None,0.00
services\tools.descartes.teastore.persistence\src\main\java\tools\descartes\teastore\persistence\domain\converters\LocalDateAttributeConverter.java,0.00,0.00,0.00,None,0.00
services\tools.descartes.teastore.persistence\src\main\java\tools\descartes\teastore\persistence\domain\converters\LocalDateTimeAttributeConverter.java,0.00,0.00,0.00,None,0.00
services\tools.descartes.teastore.persistence\src\main\java\tools\descartes\teastore\persistence\domain\OrderItemRepository.java,0.00,0.00,0.00,None,0.00
services\tools.descartes.teastore.persistence\src\main\java\tools\descartes\teastore\persistence\domain\CategoryRepository.java,0.00,0.00,0.00,None,0.00
services\tools.descartes.teastore.persistence\src\main\java\tools\descartes\teastore\persistence\domain\ProductRepository.java,10.00,0.00,0.00,None,10.00
services\tools.descartes.teastore.persistence\src\main\java\tools\descartes\teastore\persistence\domain\UserRepository.java,5.00,3.00,0.00,None,5.00
services\tools.descartes.teastore.persistence\src\main\java\tools\descartes\teastore\persistence\domain\PersistenceOrderItem.java,30.00,0.00,0.00,None,30.00
services\tools.descartes.teastore.persistence\src\main\java\tools\descartes\teastore\persistence\domain\OrderRepository.java,85.00,0.00,0.00,Recommender,85.00
services\tools.descartes.teastore.persistence\src\main\java\tools\descartes\teastore\persistence\domain\PersistenceUser.java,15.00,0.00,0.00,None,15.00
services\tools.descartes.teastore.persistence\src\main\java\tools\descartes\teastore\persistence\domain\PersistenceOrder.java,5.00,0.00,0.00,None,5.00
services\tools.descartes.teastore.persistence\src\main\java\tools\descartes\teastore\persistence\domain\PersistenceProduct.java,70.00,0.00,10.00,Recommender,70.00
services\tools.descartes.teastore.persistence\src\main\java\tools\descartes\teastore\persistence\domain\PersistenceCategory.java,0.00,0.00,0.00,None,0.00
services\tools.descartes.teastore.persistence\src\main\java\tools\descartes\teastore\persistence\repository\DataGenerator.java,0.00,0.00,0.00,None,0.00
services\tools.descartes.teastore.persistence\src\main\java\tools\descartes\teastore\persistence\repository\DatabaseManagementEntity.java,5.00,10.00,5.00,None,10.00
services\tools.descartes.teastore.persistence\src\main\java\tools\descartes\teastore\persistence\repository\CacheManager.java,5.00,5.00,90.00,Image,90.00
services\tools.descartes.teastore.persistence\src\main\java\tools\descartes\teastore\persistence\repository\EMFManager.java,10.00,0.00,0.00,None,10.00
services\tools.descartes.teastore.persistence\src\main\java\tools\descartes\teastore\persistence\repository\AbstractPersistenceRepository.java,33.00,33.00,33.00,None,33.00
services\tools.descartes.teastore.persistence\src\main\java\tools\descartes\teastore\persistence\rest\UserEndpoint.java,0.00,0.00,0.00,None,0.00
services\tools.descartes.teastore.persistence\src\main\java\tools\descartes\teastore\persistence\rest\OrderItemEndpoint.java,0.00,0.00,0.00,None,0.00
services\tools.descartes.teastore.persistence\src\main\java\tools\descartes\teastore\persistence\rest\ProductEndpoint.java,0.00,0.00,0.00,None,0.00
services\tools.descartes.teastore.persistence\src\main\java\tools\descartes\teastore\persistence\rest\DatabaseGenerationEndpoint.java,0.00,0.00,0.00,None,0.00
services\tools.descartes.teastore.persistence\src\main\java\tools\descartes\teastore\persistence\rest\OrderEndpoint.java,5.00,0.00,0.00,None,5.00
services\tools.descartes.teastore.persistence\src\main\java\tools\descartes\teastore\persistence\rest\CategoryEndpoint.java,0.00,0.00,0.00,None,0.00
services\tools.descartes.teastore.persistence\src\main\java\tools\descartes\teastore\persistence\rest\CacheManagerEndpoint.java,0.00,0.00,100.00,Image,100.00
services\tools.descartes.teastore.persistence\src\main\java\tools\descartes\teastore\persistence\servlet\IndexServlet.java,0.00,0.00,0.00,None,0.00
services\tools.descartes.teastore.recommender\src\main\java\tools\descartes\teastore\recommender\algorithm\impl\UseFallBackException.java,100.00,0.00,0.00,Recommender,100.00
services\tools.descartes.teastore.recommender\src\main\java\tools\descartes\teastore\recommender\algorithm\IRecommender.java,100.00,0.00,0.00,Recommender,100.00
services\tools.descartes.teastore.recommender\src\main\java\tools\descartes\teastore\recommender\algorithm\AbstractRecommender.java,100.00,0.00,0.00,Recommender,100.00
services\tools.descartes.teastore.recommender\src\main\java\tools\descartes\teastore\recommender\algorithm\RecommenderSelector.java,100.00,0.00,0.00,Recommender,100.00
services\tools.descartes.teastore.recommender\src\main\java\tools\descartes\teastore\recommender\algorithm\OrderItemSet.java,100.00,0.00,0.00,Recommender,100.00
services\tools.descartes.teastore.recommender\src\main\java\tools\descartes\teastore\recommender\rest\TrainEndpoint.java,99.00,1.00,0.00,Recommender,99.00
services\tools.descartes.teastore.recommender\src\main\java\tools\descartes\teastore\recommender\rest\RecommendSingleEndpoint.java,99.00,1.00,0.00,Recommender,99.00
services\tools.descartes.teastore.recommender\src\main\java\tools\descartes\teastore\recommender\rest\RecommendEndpoint.java,99.00,1.00,0.00,Recommender,99.00
services\tools.descartes.teastore.recommender\src\main\java\tools\descartes\teastore\recommender\servlet\TrainingSynchronizer.java,99.00,1.00,0.00,Recommender,99.00
services\tools.descartes.teastore.recommender\src\main\java\tools\descartes\teastore\recommender\servlet\RecommenderStartup.java,99.00,1.00,0.00,Recommender,99.00
services\tools.descartes.teastore.recommender\src\main\java\tools\descartes\teastore\recommender\servlet\RetrainDaemon.java,100.00,0.00,0.00,Recommender,100.00
services\tools.descartes.teastore.recommender\src\main\java\tools\descartes\teastore\recommender\servlet\IndexServlet.java,100.00,0.00,0.00,Recommender,100.00
services\tools.descartes.teastore.registry\src\main\java\tools\descartes\teastore\registry\rest\Registry.java,0.00,100.00,0.00,Registry,100.00
services\tools.descartes.teastore.registry\src\main\java\tools\descartes\teastore\registry\rest\RegistryStartup.java,0.00,99.00,1.00,Registry,99.00
services\tools.descartes.teastore.registry\src\main\java\tools\descartes\teastore\registry\rest\RegistryREST.java,0.00,100.00,0.00,Registry,100.00
services\tools.descartes.teastore.registry\src\main\java\tools\descartes\teastore\registry\rest\HeartbeatInfo.java,0.00,100.00,0.00,Registry,100.00
services\tools.descartes.teastore.registry\src\main\java\tools\descartes\teastore\registry\servlet\IndexServlet.java,0.00,99.00,1.00,Registry,99.00
services\tools.descartes.teastore.webui\src\main\java\tools\descartes\teastore\webui\rest\ReadyRest.java,0.00,95.00,0.00,Registry,95.00
services\tools.descartes.teastore.webui\src\main\java\tools\descartes\teastore\webui\servlet\elhelper\ELHelperUtils.java,0.00,0.00,0.00,None,0.00
services\tools.descartes.teastore.webui\src\main\java\tools\descartes\teastore\webui\servlet\OrderServlet.java,0.00,0.00,0.00,None,0.00
services\tools.descartes.teastore.webui\src\main\java\tools\descartes\teastore\webui\servlet\ErrorServlet.java,0.00,0.00,0.00,None,0.00
services\tools.descartes.teastore.webui\src\main\java\tools\descartes\teastore\webui\servlet\LoginActionServlet.java,0.00,0.00,0.00,None,0.00
services\tools.descartes.teastore.webui\src\main\java\tools\descartes\teastore\webui\servlet\AboutUsServlet.java,0.00,0.00,0.00,None,0.00
services\tools.descartes.teastore.webui\src\main\java\tools\descartes\teastore\webui\servlet\CartServlet.java,60.00,0.00,0.00,Recommender,60.00
services\tools.descartes.teastore.webui\src\main\java\tools\descartes\teastore\webui\servlet\LoginServlet.java,0.00,0.00,5.00,None,5.00
services\tools.descartes.teastore.webui\src\main\java\tools\descartes\teastore\webui\servlet\CartActionServlet.java,10.00,0.00,0.00,None,10.00
services\tools.descartes.teastore.webui\src\main\java\tools\descartes\teastore\webui\servlet\DataBaseServlet.java,0.00,0.00,10.00,None,10.00
services\tools.descartes.teastore.webui\src\main\java\tools\descartes\teastore\webui\servlet\CategoryServlet.java,0.00,0.00,0.00,None,0.00
services\tools.descartes.teastore.webui\src\main\java\tools\descartes\teastore\webui\servlet\DataBaseActionServlet.java,0.00,0.00,0.00,None,0.00
services\tools.descartes.teastore.webui\src\main\java\tools\descartes\teastore\webui\servlet\IndexServlet.java,0.00,0.00,15.00,None,15.00
services\tools.descartes.teastore.webui\src\main\java\tools\descartes\teastore\webui\servlet\AbstractUIServlet.java,0.00,0.00,10.00,None,10.00
services\tools.descartes.teastore.webui\src\main\java\tools\descartes\teastore\webui\servlet\ProductServlet.java,5.00,0.00,30.00,None,30.00
services\tools.descartes.teastore.webui\src\main\java\tools\descartes\teastore\webui\servlet\StatusServlet.java,5.00,90.00,5.00,Registry,90.00
services\tools.descartes.teastore.webui\src\main\java\tools\descartes\teastore\webui\servlet\ProfileServlet.java,15.00,0.00,0.00,None,15.00
services\tools.descartes.teastore.webui\src\main\java\tools\descartes\teastore\webui\startup\WebuiStartup.java,0.00,0.00,0.00,None,0.00
