file_path,CameraDataPostProcess,CameraDataPreProcess,CameraDataProcessCommon,CameraServiceCommon,ChannelCommon,ChannelSource,DistributedCameraSinkMgr,DistributedCameraSourceMgr,VirtualCameraHdf,utils,best_module,best_likelihood
distributed_camera\services\cameraservice\sourceservice\src\distributedcameramgr\dcameradata\dcamera_stream_data_process_pipeline_listener.cpp,13.853285789489746,6.808166980743408,8.263079643249512,6.736591339111328,4.744002342224121,1.1704853773117065,6.677208423614502,10.788657188415527,6.915585517883301,9.772706985473633,CameraDataPostProcess,13.853285789489746
distributed_camera\services\cameraservice\sourceservice\include\distributedcameramgr\dcamerastate\dcamera_source_init_state.h,5.52146053314209,1.5852535963058472,2.483808994293213,8.720841407775879,1.9307745695114136,1.195489525794983,4.784017562866211,9.05463695526123,4.51613712310791,3.29301118850708,DistributedCameraSourceMgr,9.05463695526123
distributed_camera\camera_hdf\hdi_impl\src\dstream_operator\doffline_stream_operator.cpp,3.342200517654419,1.18358314037323,0.0,3.317234754562378,0.02496572583913803,1.1960660219192505,1.6887589693069458,9.357973098754883,11.16091251373291,9.513050079345703,VirtualCameraHdf,11.16091251373291
distributed_camera\camera_hdf\interfaces\hdi_ipc\client\provider\dcamera_provider_proxy.h,5.424890518188477,1.3424108028411865,3.9293854236602783,13.513288497924805,5.7517170906066895,1.3588998317718506,8.139187812805176,11.219773292541504,18.813405990600586,12.085858345031738,VirtualCameraHdf,18.813405990600586
distributed_camera\services\cameraservice\sinkservice\test\unittest\common\distributedcameramgr\dcamera_sink_data_process_test.cpp,17.105546951293945,9.529335975646973,14.221760749816895,12.347949981689453,10.952118873596191,4.193521499633789,9.262168884277344,9.217854499816895,9.732093811035156,8.589132308959961,CameraDataPostProcess,17.105546951293945
distributed_camera\camera_hdf\interfaces\hdi_ipc\server\provider\dcamera_provider_stub.cpp,12.980021476745605,9.448240280151367,11.457530975341797,12.767279624938965,7.879654407501221,2.8391916751861572,12.860838890075684,13.331398010253906,16.47678565979004,16.9778995513916,utils,16.9778995513916
distributed_camera\services\data_process\include\pipeline\dcamera_pipeline_sink.h,16.823549270629883,8.942436218261719,12.353407859802246,7.797950267791748,7.232503414154053,0.27880680561065674,7.494217395782471,8.445259094238281,2.4319403171539307,4.759674549102783,CameraDataPostProcess,16.823549270629883
distributed_camera\interfaces\inner_kits\native_cpp\camera_source\include\distributed_camera_source_proxy.h,6.765078067779541,1.209184169769287,3.979039192199707,10.556654930114746,5.9014105796813965,1.2258728742599487,3.472651958465576,8.906228065490723,8.375907897949219,6.284794807434082,CameraServiceCommon,10.556654930114746
distributed_camera\camera_hdf\interfaces\hdi_ipc\server\device\dcamera_device_stub.cpp,11.473138809204102,8.398709297180176,9.080141067504883,11.03276538848877,5.931960105895996,2.391857147216797,8.568437576293945,11.961885452270508,15.063170433044434,14.987302780151367,VirtualCameraHdf,15.063170433044434
distributed_camera\camera_hdf\hdi_impl\include\dstream_operator\dbuffer_manager.h,6.136875629425049,2.173957109451294,1.5677727460861206,4.531249046325684,1.033536434173584,2.190725326538086,3.0105369091033936,7.433468818664551,8.962722778320312,7.569890975952148,VirtualCameraHdf,8.962722778320312
distributed_camera\camera_hdf\interfaces\hdi_ipc\client\operator\dstream_operator_callback.cpp,3.326737403869629,3.5804247856140137,1.9032459259033203,6.411111831665039,3.838880777359009,1.1957577466964722,2.8814809322357178,11.858930587768555,11.842713356018066,7.913922309875488,DistributedCameraSourceMgr,11.858930587768555
distributed_camera\camera_hdf\hdi_impl\include\dstream_operator\doffline_stream_operator.h,3.341463088989258,1.183187484741211,0.0,3.3165512084960938,0.024911921471357346,1.195643424987793,1.441459059715271,8.935967445373535,10.905728340148926,6.68399715423584,VirtualCameraHdf,10.905728340148926
distributed_camera\services\cameraservice\sinkservice\include\distributedcameramgr\interface\icamera_sink_access_control.h,3.9110116958618164,3.273796319961548,6.188366889953613,7.462027072906494,7.117171764373779,4.4901509284973145,10.032721519470215,4.819802761077881,5.503580570220947,3.262660503387451,DistributedCameraSinkMgr,10.032721519470215
distributed_camera\services\data_process\src\pipeline\dcamera_pipeline_sink.cpp,22.651851654052734,16.201696395874023,25.050203323364258,10.329065322875977,9.64018726348877,1.0254979133605957,14.14782428741455,17.14438819885254,5.126266956329346,13.070834159851074,CameraDataProcessCommon,25.050203323364258
distributed_camera\services\cameraservice\sinkservice\src\distributedcameramgr\callback\dcamera_sink_output_result_callback.cpp,10.739252090454102,5.201132774353027,5.010517120361328,7.7526021003723145,3.077496290206909,1.2241053581237793,10.637093544006348,7.796109676361084,4.705480575561523,7.8946332931518555,CameraDataPostProcess,10.739252090454102
distributed_camera\interfaces\inner_kits\native_cpp\camera_source\include\idistributed_camera_source.h,8.328659057617188,1.6210827827453613,4.867068290710449,12.869906425476074,7.553495407104492,1.237949013710022,3.196559429168701,10.583065032958984,14.316080093383789,7.714565277099609,VirtualCameraHdf,14.316080093383789
distributed_camera\services\channel\include\dcamera_softbus_adapter.h,11.244367599487305,6.2368669509887695,10.047279357910156,12.352922439575195,20.059858322143555,7.600663661956787,8.734410285949707,8.413653373718262,4.7653093338012695,7.831859111785889,ChannelCommon,20.059858322143555
distributed_camera\services\channel\include\dcamera_channel_source_impl.h,7.012719631195068,2.968095302581787,5.652132511138916,8.827153205871582,14.335830688476562,4.402425765991211,4.512329578399658,6.686296463012695,5.218947887420654,6.59749174118042,ChannelCommon,14.335830688476562
distributed_camera\services\cameraservice\cameraoperator\client\include\callback\dcamera_video_callback.h,4.330333232879639,1.1984368562698364,0.6468170881271362,6.400928974151611,0.06654059141874313,1.2317070960998535,2.5436410903930664,9.996346473693848,4.504340648651123,6.998542308807373,DistributedCameraSourceMgr,9.996346473693848
distributed_camera\camera_hdf\interfaces\hdi_ipc\server\provider\dcamera_provider_callback_proxy.h,3.5486392974853516,1.2912013530731201,3.665283203125,10.593685150146484,5.560844421386719,1.308082938194275,5.996931552886963,9.09427261352539,10.517849922180176,9.941825866699219,CameraServiceCommon,10.593685150146484
distributed_camera\camera_hdf\interfaces\hdi_ipc\client\operator\dstream_operator_callback_stub.h,9.311981201171875,4.882091522216797,8.101161003112793,5.267282009124756,5.690464973449707,1.2309101819992065,6.590869426727295,9.584827423095703,9.946785926818848,9.577468872070312,VirtualCameraHdf,9.946785926818848
distributed_camera\services\cameraservice\sourceservice\include\distributedcameramgr\dcameradata\dcamera_source_data_process.h,11.369935035705566,4.324857711791992,6.642472267150879,7.598241806030273,3.504088878631592,1.1695646047592163,5.964597225189209,10.525184631347656,6.321845531463623,7.764668941497803,CameraDataPostProcess,11.369935035705566
distributed_camera\camera_hdf\hdi_impl\include\dcamera_provider\dcamera_provider.h,3.524627685546875,1.2793922424316406,1.6071839332580566,8.92990779876709,1.641340732574463,1.2964706420898438,5.809599876403809,8.06274127960205,9.365453720092773,11.29910659790039,utils,11.29910659790039
distributed_camera\interfaces\inner_kits\native_cpp\camera_source\include\callback\idcamera_source_callback.h,11.199434280395508,4.746575355529785,10.025160789489746,8.320392608642578,9.31196403503418,1.296913981437683,4.993544101715088,10.110257148742676,5.618484020233154,7.019601345062256,CameraDataPostProcess,11.199434280395508
distributed_camera\services\data_process\include\pipeline_node\fpscontroller\fps_controller_process.h,19.896034240722656,7.635825157165527,11.213581085205078,8.629348754882812,4.733261585235596,6.226312637329102,17.755786895751953,20.647377014160156,2.3739449977874756,4.298060417175293,DistributedCameraSourceMgr,20.647377014160156
distributed_camera\services\cameraservice\sinkservice\src\distributedcameramgr\listener\dcamera_sink_controller_channel_listener.cpp,11.512663841247559,5.139033794403076,6.653911590576172,13.329005241394043,10.541755676269531,12.45232105255127,24.669538497924805,21.029813766479492,4.668814659118652,7.172364234924316,DistributedCameraSinkMgr,24.669538497924805
distributed_camera\services\cameraservice\sinkservice\include\distributedcameramgr\listener\dcamera_sink_data_process_listener.h,10.09330940246582,6.573762893676758,7.023075103759766,7.828398704528809,6.169220447540283,1.2339072227478027,7.919124126434326,7.469671249389648,4.50415563583374,6.745414733886719,CameraDataPostProcess,10.09330940246582
distributed_camera\services\cameraservice\base\include\dcamera_protocol.h,4.223957061767578,1.210952639579773,1.4157679080963135,14.272558212280273,5.2184672355651855,3.820186138153076,2.840952157974243,10.01276969909668,8.822649002075195,8.53146743774414,CameraServiceCommon,14.272558212280273
distributed_camera\services\data_process\include\interfaces\idata_process_pipeline.h,12.330256462097168,6.812745094299316,11.878127098083496,6.452898025512695,9.261344909667969,0.04628078266978264,5.618407249450684,6.648984909057617,2.2399370670318604,3.1310982704162598,CameraDataPostProcess,12.330256462097168
distributed_camera\services\cameraservice\sourceservice\include\distributedcameramgr\dcameradata\dcamera_source_input_channel_listener.h,8.540791511535645,5.242567539215088,5.557537078857422,9.882025718688965,9.527867317199707,3.3862390518188477,5.474618911743164,12.807573318481445,5.486571311950684,7.256649017333984,DistributedCameraSourceMgr,12.807573318481445
distributed_camera\services\cameraservice\base\src\dcamera_channel_info_cmd.cpp,9.450535774230957,4.680919647216797,8.833236694335938,13.131364822387695,10.705233573913574,5.713202476501465,8.567084312438965,8.437596321105957,5.681365966796875,7.100378036499023,CameraServiceCommon,13.131364822387695
distributed_camera\services\cameraservice\cameraoperator\client\include\callback\dcamera_preview_callback.h,4.292965412139893,1.1610689163208008,0.0,5.7541117668151855,0.029172701761126518,1.1756553649902344,2.487589120864868,10.88895320892334,4.504340648651123,6.998542308807373,DistributedCameraSourceMgr,10.88895320892334
distributed_camera\interfaces\inner_kits\native_cpp\camera_sink\src\dcamera_sink_handler.cpp,4.562024116516113,4.005758285522461,3.956164836883545,8.9160795211792,5.78448486328125,1.396604299545288,4.908535957336426,5.860018253326416,7.642261028289795,3.9424898624420166,CameraServiceCommon,8.9160795211792
distributed_camera\common\include\utils\dcamera_index.h,1.292771339416504,0.16228124499320984,4.753209114074707,1.2609803676605225,2.408395528793335,0.17817679047584534,0.17817679047584534,1.292771339416504,3.3189444541931152,118.27013397216797,utils,118.27013397216797
distributed_camera\services\cameraservice\sourceservice\src\distributedcameramgr\dcamerastate\dcamera_source_init_state.cpp,6.398297309875488,2.0929453372955322,3.002781629562378,9.078429222106934,2.2496182918548584,1.567781925201416,5.964240550994873,9.520548820495605,4.745678901672363,3.895521402359009,DistributedCameraSourceMgr,9.520548820495605
distributed_camera\camera_hdf\interfaces\hdi_ipc\client\device\dcamera_device_callback_stub.cpp,9.653168678283691,6.627620220184326,8.979499816894531,7.871149063110352,5.6163763999938965,1.399054765701294,6.749838352203369,9.560748100280762,11.159900665283203,12.186575889587402,utils,12.186575889587402
distributed_camera\interfaces\inner_kits\native_cpp\camera_source\src\distributed_camera_source_proxy.cpp,13.42601490020752,5.335660457611084,9.153290748596191,11.86827278137207,7.635644435882568,1.3623628616333008,7.500362396240234,12.362696647644043,12.169206619262695,9.256422996520996,CameraDataPostProcess,13.42601490020752
distributed_camera\services\cameraservice\sourceservice\src\distributedcamera\distributed_camera_source_service.cpp,8.288437843322754,2.623549699783325,3.2422101497650146,11.422320365905762,5.8299407958984375,2.1038331985473633,5.993310451507568,13.441742897033691,15.038724899291992,6.366470813751221,VirtualCameraHdf,15.038724899291992
distributed_camera\camera_hdf\hdi_impl\include\dstream_operator\dcamera_steam.h,4.1710405349731445,1.8136216402053833,0.3093424439430237,5.126138210296631,0.3307880163192749,1.3150335550308228,2.533733606338501,8.123798370361328,10.260570526123047,8.675228118896484,VirtualCameraHdf,10.260570526123047
distributed_camera\camera_hdf\interfaces\hdi_ipc\client\device\dcamera_device_proxy.h,4.905066013336182,2.263195514678955,2.697319507598877,10.851407051086426,4.591089248657227,2.2980871200561523,4.505997657775879,11.098167419433594,13.638617515563965,11.633389472961426,VirtualCameraHdf,13.638617515563965
distributed_camera\services\cameraservice\sourceservice\src\distributedcameramgr\dcameradata\dcamera_stream_data_process_producer.cpp,13.040445327758789,5.030067443847656,10.65286922454834,7.97803258895874,4.9932475090026855,2.0149126052856445,9.146334648132324,13.47726058959961,11.300228118896484,13.547243118286133,utils,13.547243118286133
distributed_camera\camera_hdf\hdi_impl\include\dcamera_host\dcamera_host.h,3.8149948120117188,1.424466609954834,0.0,6.840243816375732,0.033938657492399216,1.4414360523223877,1.6411889791488647,5.9924468994140625,6.400602340698242,6.577696800231934,CameraServiceCommon,6.840243816375732
distributed_camera\services\cameraservice\base\include\dcamera_capture_info_cmd.h,7.732543468475342,3.154087543487549,5.301044940948486,8.705327987670898,3.6706979274749756,2.654268980026245,6.28692626953125,10.225839614868164,5.464906692504883,6.0903730392456055,DistributedCameraSourceMgr,10.225839614868164
distributed_camera\services\cameraservice\cameraoperator\client\src\dcamera_client.cpp,13.75503158569336,6.161549091339111,6.201330661773682,12.785130500793457,4.1479291915893555,2.005199432373047,9.026483535766602,19.852537155151367,9.386019706726074,9.054774284362793,DistributedCameraSourceMgr,19.852537155151367
distributed_camera\interfaces\inner_kits\native_cpp\camera_sink\include\dcamera_sink_handler.h,4.824126243591309,3.5901832580566406,4.172942161560059,9.322315216064453,6.184359550476074,1.3914729356765747,4.230441093444824,4.237276554107666,4.81576681137085,3.55983304977417,CameraServiceCommon,9.322315216064453
distributed_camera\camera_hdf\interfaces\hdi_ipc\client\host\dcamera_host_proxy.h,4.348823547363281,1.4855659008026123,1.8488141298294067,8.87201976776123,3.7295403480529785,1.5015219449996948,3.82094407081604,8.276803970336914,8.280522346496582,7.99550724029541,CameraServiceCommon,8.87201976776123
distributed_camera\services\cameraservice\sourceservice\src\distributedcamera\dcamera_service_state_listener.cpp,12.242818832397461,4.678919792175293,6.6861677169799805,5.7458415031433105,4.622683525085449,1.2120752334594727,6.290403842926025,12.123610496520996,6.338251113891602,6.740555286407471,CameraDataPostProcess,12.242818832397461
distributed_camera\camera_hdf\interfaces\hdi_ipc\client\device\dcamera_device_callback.h,3.6604883670806885,1.3427270650863647,2.6339309215545654,7.0436248779296875,3.9719159603118896,1.3552099466323853,3.0942494869232178,7.65240478515625,10.16660213470459,7.176445960998535,VirtualCameraHdf,10.16660213470459
distributed_camera\services\cameraservice\sinkservice\src\distributedcameramgr\eventbus\dcamera_frame_trigger_event.cpp,5.276923656463623,2.1620380878448486,1.0,8.239595413208008,1.0292835235595703,2.1709020137786865,6.011484146118164,5.035579681396484,4.754998207092285,3.2655091285705566,CameraServiceCommon,8.239595413208008
distributed_camera\services\cameraservice\sourceservice\include\distributedcameramgr\dcameracontrol\dcamera_source_controller_channel_listener.h,11.827532768249512,3.1600027084350586,6.57054328918457,13.179424285888672,10.56548023223877,11.764921188354492,20.393835067749023,21.615310668945312,4.490536212921143,6.2671427726745605,DistributedCameraSourceMgr,21.615310668945312
distributed_camera\camera_hdf\interfaces\hdi_ipc\client\provider\dcamera_provider_callback.h,3.5486392974853516,1.2912013530731201,3.665283203125,10.593685150146484,5.560844421386719,1.308082938194275,5.729019641876221,8.826359748840332,10.249937057495117,9.941825866699219,CameraServiceCommon,10.593685150146484
distributed_camera\services\cameraservice\sourceservice\include\distributedcamera\dcamera_source_callback_proxy.h,10.810562133789062,4.639449119567871,7.155890464782715,6.4410810470581055,3.708487033843994,1.1754510402679443,6.232985496520996,11.104429244995117,5.644686222076416,6.661181449890137,DistributedCameraSourceMgr,11.104429244995117
distributed_camera\services\data_process\src\pipeline_node\multimedia_codec\encode_video_callback.cpp,11.236913681030273,8.195371627807617,9.762619018554688,4.018786430358887,1.6868411302566528,0.1902545839548111,5.616186618804932,9.787757873535156,6.507331371307373,11.284540176391602,utils,11.284540176391602
distributed_camera\services\cameraservice\cameraoperator\client\include\callback\dcamera_session_callback.h,3.2972657680511475,1.1633491516113281,0.0,5.76423454284668,2.7024483680725098,1.178065538406372,2.494777202606201,7.699209690093994,4.511971950531006,7.019737720489502,DistributedCameraSourceMgr,7.699209690093994
distributed_camera\services\cameraservice\sinkservice\include\distributedcameramgr\interface\icamera_sink_output.h,6.398819923400879,3.675513744354248,2.888563632965088,8.624601364135742,3.795409679412842,1.2286986112594604,7.090137004852295,6.23198938369751,4.491697788238525,5.256603240966797,CameraServiceCommon,8.624601364135742
distributed_camera\camera_hdf\interfaces\hdi_ipc\server\host\dcamera_host_stub.cpp,11.955557823181152,9.117717742919922,7.960548400878906,10.375540733337402,5.235821723937988,2.633150100708008,8.227187156677246,14.666372299194336,14.251601219177246,14.855083465576172,utils,14.855083465576172
distributed_camera\camera_hdf\interfaces\hdi_ipc\server\operator\doffline_stream_operator_stub.h,9.275752067565918,4.861384868621826,8.10454273223877,5.2951788902282715,5.724471092224121,1.2348532676696777,6.587771892547607,9.169126510620117,11.229001998901367,9.186429023742676,VirtualCameraHdf,11.229001998901367
distributed_camera\services\cameraservice\sourceservice\include\distributedcameramgr\dcamera_source_dev.h,7.457771301269531,2.772963285446167,2.6440577507019043,15.548209190368652,3.4507408142089844,6.617802143096924,15.754693031311035,18.893857955932617,6.335898399353027,6.312602519989014,DistributedCameraSourceMgr,18.893857955932617
distributed_camera\interfaces\inner_kits\native_cpp\camera_source\src\dcamera_source_handler.cpp,6.286765098571777,1.7992528676986694,3.463050365447998,9.494306564331055,6.1289591789245605,1.7774723768234253,2.5002682209014893,10.09907054901123,8.0822172164917,6.481217861175537,DistributedCameraSourceMgr,10.09907054901123
distributed_camera\services\cameraservice\sourceservice\src\distributedcameramgr\dcamerastate\dcamera_source_capture_state.cpp,6.417258262634277,1.9160487651824951,2.672727108001709,12.385116577148438,5.21151065826416,3.2735836505889893,5.906996250152588,12.850839614868164,6.222945690155029,8.966567993164062,DistributedCameraSourceMgr,12.850839614868164
distributed_camera\services\channel\src\dcamera_softbus_adapter.cpp,13.337297439575195,7.5874505043029785,11.717841148376465,12.610296249389648,18.691679000854492,7.618852138519287,10.531466484069824,9.987698554992676,5.461572170257568,11.198046684265137,ChannelCommon,18.691679000854492
distributed_camera\camera_hdf\hdi_impl\test\dcamera_hdi_sample.cpp,11.485994338989258,2.4847843647003174,3.139882802963257,10.525032997131348,3.5130765438079834,3.125560760498047,3.7959022521972656,21.294822692871094,11.985206604003906,12.159080505371094,DistributedCameraSourceMgr,21.294822692871094
distributed_camera\camera_hdf\interfaces\hdi_ipc\server\operator\dstream_operator_callback_proxy.cpp,11.705592155456543,5.683623790740967,9.41223430633545,7.45192813873291,5.932473659515381,1.312432885169983,8.052591323852539,16.568744659423828,12.208409309387207,14.475868225097656,DistributedCameraSourceMgr,16.568744659423828
distributed_camera\camera_hdf\interfaces\hdi_ipc\server\device\dcamera_device_callback_proxy.cpp,10.339875221252441,5.071471214294434,8.918547630310059,9.084710121154785,5.543962001800537,1.3821825981140137,7.532864570617676,9.491333961486816,12.344970703125,11.635313034057617,VirtualCameraHdf,12.344970703125
distributed_camera\services\cameraservice\sinkservice\test\unittest\common\distributedcameramgr\dcamera_sink_access_control_test.cpp,7.932186126708984,4.12177848815918,12.011402130126953,8.549483299255371,8.743170738220215,5.636229991912842,13.120107650756836,7.43241024017334,8.518729209899902,5.7250213623046875,DistributedCameraSinkMgr,13.120107650756836
distributed_camera\services\cameraservice\cameraoperator\client\include\callback\dcamera_photo_callback.h,4.283029556274414,1.1557948589324951,0.0,5.73065710067749,0.02856004238128662,1.1700748205184937,2.4709842205047607,12.613870620727539,4.486725330352783,6.143924236297607,DistributedCameraSourceMgr,12.613870620727539
distributed_camera\services\cameraservice\sinkservice\src\distributedcameramgr\listener\dcamera_sink_output_channel_listener.cpp,11.072854042053223,5.12225866317749,6.344598770141602,9.74736499786377,9.481100082397461,3.3145389556884766,11.559905052185059,9.090307235717773,5.658931255340576,8.15285587310791,DistributedCameraSinkMgr,11.559905052185059
distributed_camera\services\cameraservice\sinkservice\src\distributedcameramgr\callback\dcamera_sink_controller_state_callback.cpp,8.488500595092773,3.2197892665863037,3.63685941696167,12.23836612701416,3.0941221714019775,10.321699142456055,23.88412857055664,21.718589782714844,4.716532230377197,5.822893142700195,DistributedCameraSinkMgr,23.88412857055664
distributed_camera\services\cameraservice\sinkservice\test\unittest\common\distributedcameramgr\mock_camera_channel.h,6.672842979431152,4.352122783660889,8.651450157165527,9.314179420471191,11.880903244018555,3.5691587924957275,5.6650261878967285,6.1398749351501465,4.875434875488281,9.796326637268066,ChannelCommon,11.880903244018555
distributed_camera\common\src\utils\data_buffer.cpp,9.26560115814209,4.601499080657959,11.203461647033691,2.690316677093506,4.75481653213501,0.24668624997138977,6.323108673095703,4.87194299697876,2.4744768142700195,105.36966705322266,utils,105.36966705322266
distributed_camera\camera_hdf\interfaces\hdi_ipc\server\device\dcamera_device_callback_proxy.h,3.649740695953369,1.3370893001556396,2.5993876457214355,7.005748748779297,3.930227279663086,1.3493082523345947,3.3573496341705322,7.888925075531006,10.390439987182617,7.133648872375488,VirtualCameraHdf,10.390439987182617
distributed_camera\camera_hdf\interfaces\hdi_ipc\ipc_data_utils.h,10.26878833770752,4.4739274978637695,7.584840774536133,8.456706047058105,5.158500671386719,1.6151458024978638,7.175719261169434,8.28780460357666,7.843479633331299,94.81831359863281,utils,94.81831359863281
distributed_camera\services\cameraservice\cameraoperator\client\src\listener\dcamera_photo_surface_listener_common.cpp,9.593279838562012,5.995578765869141,11.32878303527832,7.085046291351318,7.722417831420898,2.2596826553344727,7.506643772125244,10.806673049926758,4.624901294708252,9.88454818725586,CameraDataProcessCommon,11.32878303527832
distributed_camera\camera_hdf\interfaces\hdi_ipc\client\operator\doffline_stream_operator_proxy.h,3.3859446048736572,1.204938292503357,1.93316650390625,6.102701187133789,5.505309581756592,2.0244264602661133,3.206460952758789,12.303839683532715,12.947541236877441,7.0280046463012695,VirtualCameraHdf,12.947541236877441
distributed_camera\services\cameraservice\sinkservice\test\unittest\common\distributedcameramgr\mock_dcamera_sink_output.h,6.431489944458008,3.6794302463531494,6.648599147796631,7.850325107574463,4.401009559631348,1.2750239372253418,7.054874897003174,6.297928810119629,4.580567359924316,7.662966251373291,CameraServiceCommon,7.850325107574463
distributed_camera\services\cameraservice\base\include\dcamera_channel_info_cmd.h,7.8014044761657715,3.159238576889038,6.395541667938232,12.003180503845215,9.181867599487305,4.921774387359619,6.379077911376953,8.113373756408691,5.483410358428955,6.135150909423828,CameraServiceCommon,12.003180503845215
distributed_camera\services\cameraservice\cameraoperator\client\include\icamera_operator.h,6.270772933959961,3.5517218112945557,3.0,8.642096519470215,1.0331028699874878,1.1684892177581787,6.370954990386963,9.885371208190918,6.966033458709717,6.968329429626465,DistributedCameraSourceMgr,9.885371208190918
distributed_camera\services\cameraservice\sinkservice\test\unittest\common\distributedcameramgr\mock_dcamera_sink_data_process.h,9.902032852172852,6.443748950958252,11.40478801727295,11.914525032043457,10.312674522399902,3.4373040199279785,10.602248191833496,8.45715618133545,4.558816909790039,9.004878044128418,CameraServiceCommon,11.914525032043457
distributed_camera\services\cameraservice\sourceservice\include\distributedcameramgr\dcamerahdf\dcamera_provider_callback_impl.h,4.261186122894287,1.1476426124572754,2.4244918823242188,10.261080741882324,2.4585907459259033,1.1646919250488281,5.040255069732666,9.49973201751709,9.107133865356445,9.256536483764648,CameraServiceCommon,10.261080741882324
distributed_camera\services\cameraservice\sinkservice\include\distributedcameramgr\eventbus\dcamera_frame_trigger_event.h,5.284151077270508,2.164407968521118,1.0,8.190347671508789,1.0310750007629395,2.0930240154266357,5.700493335723877,4.793262481689453,4.510626792907715,3.2666659355163574,CameraServiceCommon,8.190347671508789
distributed_camera\services\cameraservice\sourceservice\include\distributedcamera\distributed_camera_source_stub.h,12.544429779052734,4.911689281463623,8.14424991607666,7.744210720062256,3.816828727722168,1.2321804761886597,6.228163242340088,9.861313819885254,7.112541198730469,8.138020515441895,CameraDataPostProcess,12.544429779052734
distributed_camera\interfaces\inner_kits\native_cpp\camera_source\include\callback\dcamera_source_callback_stub.h,11.599076271057129,4.9758195877075195,10.20116901397705,7.595216751098633,7.847128391265869,1.3654756546020508,5.2396955490112305,9.582987785339355,4.802012920379639,8.919833183288574,CameraDataPostProcess,11.599076271057129
distributed_camera\services\data_process\include\eventbus\dcamera_codec_event.h,6.96156120300293,3.2488555908203125,5.899492263793945,6.268149375915527,1.5851577520370483,1.1003236770629883,6.768803596496582,5.224728584289551,2.4321136474609375,4.019629001617432,CameraDataPostProcess,6.96156120300293
distributed_camera\services\cameraservice\sinkservice\src\distributedcameramgr\listener\dcamera_sink_data_process_listener.cpp,10.646675109863281,6.439521789550781,6.862997531890869,7.760043144226074,6.032658100128174,1.2245891094207764,8.767986297607422,7.626192569732666,4.710780620574951,7.644481182098389,CameraDataPostProcess,10.646675109863281
distributed_camera\services\cameraservice\base\include\dcamera_event_cmd.h,3.823669672012329,1.1624969244003296,2.4664440155029297,9.716960906982422,2.8600010871887207,2.7691783905029297,6.45054817199707,5.144872665405273,4.49699068069458,4.16874885559082,CameraServiceCommon,9.716960906982422
distributed_camera\services\cameraservice\sourceservice\src\distributedcameramgr\dcamerastate\dcamera_source_opened_state.cpp,6.502649784088135,1.9664405584335327,2.757169246673584,12.542197227478027,5.366928577423096,3.348419189453125,5.995532512664795,11.192317008972168,7.0969719886779785,10.495340347290039,CameraServiceCommon,12.542197227478027
distributed_camera\services\cameraservice\sinkservice\src\distributedcameramgr\eventbus\dcamera_photo_output_event.cpp,8.840667724609375,4.160748481750488,4.0,9.448127746582031,2.0291359424591064,2.166796922683716,10.54905891418457,8.812756538391113,4.748556137084961,4.263225078582764,DistributedCameraSinkMgr,10.54905891418457
distributed_camera\services\data_process\include\pipeline_node\multimedia_codec\encode_data_process.h,17.412429809570312,7.5626139640808105,10.315386772155762,6.960180759429932,3.488534450531006,0.24127505719661713,7.509342670440674,9.819769859313965,5.634645938873291,6.671537399291992,CameraDataPostProcess,17.412429809570312
distributed_camera\camera_hdf\interfaces\hdi_ipc\server\host\dcamera_host_stub.h,10.170252799987793,5.480299472808838,7.321708679199219,6.786574840545654,5.489365577697754,1.450568437576294,7.138646125793457,9.653943061828613,7.470730304718018,9.44939136505127,CameraDataPostProcess,10.170252799987793
distributed_camera\services\cameraservice\sinkservice\src\distributedcamera\distributed_camera_sink_service.cpp,6.3233537673950195,4.771321773529053,3.4629504680633545,11.300922393798828,4.86227560043335,3.211629629135132,6.72639274597168,10.359782218933105,13.511052131652832,6.792783737182617,VirtualCameraHdf,13.511052131652832
distributed_camera\services\data_process\include\interfaces\data_process_listener.h,12.998881340026855,6.444216251373291,10.149467468261719,6.106391906738281,7.898403167724609,0.037287525832653046,5.870193958282471,5.274807453155518,2.2379050254821777,4.593889236450195,CameraDataPostProcess,12.998881340026855
distributed_camera\camera_hdf\interfaces\hdi_ipc\client\operator\doffline_stream_operator_proxy.cpp,9.960724830627441,4.890440940856934,8.099885940551758,5.616427421569824,6.670005798339844,1.8570011854171753,7.3349080085754395,13.15742301940918,11.79092025756836,11.218977928161621,DistributedCameraSourceMgr,13.15742301940918
distributed_camera\services\data_process\src\pipeline_node\multimedia_codec\encode_data_process.cpp,27.488910675048828,14.329427719116211,18.941801071166992,9.998360633850098,5.791693687438965,2.2389371395111084,16.45113182067871,17.778188705444336,9.415671348571777,15.008626937866211,CameraDataPostProcess,27.488910675048828
distributed_camera\services\cameraservice\sourceservice\include\distributedcameramgr\dcamerastate\dcamera_source_state_factory.h,5.627420902252197,1.1636804342269897,2.6497573852539062,7.764267444610596,2.028033971786499,1.1784155368804932,2.495821714401245,8.880558013916016,4.5130815505981445,3.268420457839966,DistributedCameraSourceMgr,8.880558013916016
distributed_camera\camera_hdf\interfaces\hdi_ipc\client\provider\dcamera_provider_proxy.cpp,14.186291694641113,7.838204860687256,11.201059341430664,16.190095901489258,7.499271392822266,3.008077621459961,14.943204879760742,15.533652305603027,18.606136322021484,17.572952270507812,VirtualCameraHdf,18.606136322021484
distributed_camera\camera_hdf\interfaces\hdi_ipc\client\host\dcamera_host_callback.h,3.9249026775360107,1.4778920412063599,1.9672082662582397,6.675875186920166,3.9652979373931885,1.4933326244354248,5.245921611785889,8.106443405151367,7.654788494110107,5.59374475479126,DistributedCameraSourceMgr,8.106443405151367
distributed_camera\camera_hdf\interfaces\hdi_ipc\client\host\dcamera_host_callback_stub.cpp,9.966460227966309,6.877749443054199,8.226359367370605,6.609245300292969,5.535142421722412,1.5441532135009766,9.044756889343262,10.067139625549316,7.511085033416748,10.49859619140625,utils,10.49859619140625
distributed_camera\services\cameraservice\sourceservice\include\distributedcameramgr\dcamerastate\dcamera_source_state_machine.h,5.618892192840576,1.1844245195388794,2.5904650688171387,8.712275505065918,1.9943794012069702,1.2002763748168945,4.690438747406006,12.874917030334473,4.54295539855957,3.30544114112854,DistributedCameraSourceMgr,12.874917030334473
distributed_camera\camera_hdf\interfaces\hdi_ipc\server\provider\dcamera_provider_stub.h,9.593626976013184,5.4220757484436035,9.946064949035645,8.48085880279541,7.510425090789795,1.36910080909729,9.592245101928711,7.48347806930542,9.407944679260254,8.910150527954102,CameraDataProcessCommon,9.946064949035645
distributed_camera\common\include\constants\distributed_camera_constants.h,20.134395599365234,7.94571590423584,13.642993927001953,18.270212173461914,14.705113410949707,3.8586230278015137,11.943315505981445,23.849546432495117,16.871910095214844,19.192203521728516,DistributedCameraSourceMgr,23.849546432495117
distributed_camera\services\cameraservice\sinkservice\include\distributedcameramgr\interface\icamera_sink_data_process.h,10.10032844543457,6.5775065422058105,7.893036842346191,8.695586204528809,5.521982192993164,1.2317070960998535,7.92271089553833,7.471035480499268,4.504340648651123,4.914313316345215,CameraDataPostProcess,10.10032844543457
distributed_camera\services\cameraservice\sinkservice\test\unittest\common\distributedcameramgr\mock_camera_operator.h,3.6685893535614014,2.7505080699920654,5.507296562194824,11.305871963500977,3.2865073680877686,1.3671536445617676,3.648197650909424,9.283187866210938,7.366811752319336,9.662551879882812,CameraServiceCommon,11.305871963500977
distributed_camera\services\cameraservice\cameraoperator\client\include\callback\dcamera_input_callback.h,3.2954070568084717,3.057530164718628,0.0,5.759861469268799,0.029320696368813515,1.177024245262146,2.491670608520508,9.587394714355469,4.508673191070557,7.010586261749268,DistributedCameraSourceMgr,9.587394714355469
distributed_camera\services\cameraservice\sinkservice\src\distributedcameramgr\dcamera_sink_output.cpp,17.347145080566406,9.244706153869629,10.599870681762695,13.127256393432617,15.639121055603027,7.771673202514648,12.85170841217041,16.281021118164062,7.272773742675781,12.205000877380371,CameraDataPostProcess,17.347145080566406
distributed_camera\services\cameraservice\sinkservice\test\unittest\common\distributedcameramgr\dcamera_sink_controller_test.cpp,15.52269458770752,8.542742729187012,14.109404563903809,20.45979118347168,17.206478118896484,16.37421989440918,29.415363311767578,26.269683837890625,11.78197956085205,11.378040313720703,DistributedCameraSinkMgr,29.415363311767578
distributed_camera\services\cameraservice\cameraoperator\client\src\callback\dcamera_preview_callback.cpp,5.2469096183776855,1.7830594778060913,0.4470517337322235,7.136942386627197,0.4770514667034149,1.798059344291687,5.625488758087158,11.301763534545898,5.065703392028809,7.541557788848877,DistributedCameraSourceMgr,11.301763534545898
distributed_camera\services\cameraservice\sourceservice\include\distributedcameramgr\dcamerainterface\icamera_input.h,4.274372577667236,3.371938943862915,1.0,8.910019874572754,1.0329526662826538,1.1701390743255615,2.455617666244507,9.941258430480957,5.464694023132324,7.39155912399292,DistributedCameraSourceMgr,9.941258430480957
distributed_camera\services\cameraservice\sourceservice\src\distributedcameramgr\dcameradata\dcamera_source_input_channel_listener.cpp,9.266329765319824,5.36184024810791,5.54852819442749,9.662882804870605,9.121662139892578,3.265559434890747,6.445897579193115,13.129424095153809,5.658931255340576,8.15285587310791,DistributedCameraSourceMgr,13.129424095153809
distributed_camera\services\cameraservice\base\src\dcamera_event_cmd.cpp,5.612720489501953,2.604717493057251,4.487375259399414,11.049615859985352,4.967928886413574,3.561173439025879,8.636155128479004,5.199382305145264,4.708226203918457,5.157946586608887,CameraServiceCommon,11.049615859985352
distributed_camera\camera_hdf\interfaces\hdi_ipc\client\host\dcamera_host_proxy.cpp,11.309261322021484,7.270346164703369,8.986820220947266,9.88179874420166,5.372655391693115,2.8021252155303955,8.318166732788086,10.948147773742676,11.489702224731445,12.482624053955078,utils,12.482624053955078
distributed_camera\services\cameraservice\sourceservice\test\unittest\common\distributedcameramgr\mock_dcamera_source_state_listener.h,11.21438217163086,4.682190418243408,12.462780952453613,6.521725177764893,8.187021255493164,1.2109184265136719,5.998472690582275,11.269481658935547,5.444919109344482,7.402775287628174,CameraDataProcessCommon,12.462780952453613
distributed_camera\common\include\constants\distributed_camera_errno.h,6.159793853759766,1.7488586902618408,5.857419013977051,4.991146087646484,2.314925193786621,1.3295336961746216,1.5618321895599365,7.650728702545166,8.92076301574707,16.148296356201172,utils,16.148296356201172
distributed_camera\services\cameraservice\sinkservice\include\distributedcameramgr\eventbus\dcamera_photo_output_event.h,8.842440605163574,4.1625213623046875,4.0,9.403450965881348,2.0309088230133057,2.0841500759124756,10.233648300170898,8.569242477416992,4.50415563583374,4.263225078582764,DistributedCameraSinkMgr,10.233648300170898
distributed_camera\camera_hdf\interfaces\hdi_ipc\client\provider\dcamera_provider_callback_stub.cpp,13.632682800292969,5.626559734344482,10.473691940307617,14.088132858276367,9.15887451171875,1.9155042171478271,10.919907569885254,15.5598783493042,17.1431884765625,18.492338180541992,utils,18.492338180541992
distributed_camera\services\cameraservice\sourceservice\src\distributedcamera\distributed_camera_source_stub.cpp,13.388909339904785,5.729876518249512,8.766396522521973,10.363226890563965,5.003603935241699,1.673221230506897,9.549792289733887,12.656118392944336,12.483214378356934,10.226337432861328,CameraDataPostProcess,13.388909339904785
distributed_camera\services\cameraservice\sinkservice\src\distributedcameramgr\dcamera_sink_dev.cpp,8.366649627685547,3.8097517490386963,5.063694000244141,14.24228286743164,6.798845291137695,12.132503509521484,22.567459106445312,19.19703483581543,4.629769802093506,7.818195819854736,DistributedCameraSinkMgr,22.567459106445312
distributed_camera\services\cameraservice\sinkservice\test\unittest\common\distributedcameramgr\dcamera_sink_output_test.cpp,15.75284481048584,7.015472888946533,10.856307983398438,14.137417793273926,15.374345779418945,5.128981113433838,10.774563789367676,9.669424057006836,9.49410343170166,9.677599906921387,CameraDataPostProcess,15.75284481048584
distributed_camera\services\data_process\include\pipeline_node\multimedia_codec\decode_video_callback.h,12.909217834472656,6.569372653961182,9.051139831542969,2.8710145950317383,1.7193547487258911,0.14933420717716217,4.686133861541748,8.071623802185059,5.448800563812256,8.931554794311523,CameraDataPostProcess,12.909217834472656
distributed_camera\interfaces\inner_kits\native_cpp\camera_sink\src\distributed_camera_sink_proxy.cpp,13.103363990783691,8.395968437194824,8.978720664978027,10.924878120422363,10.728370666503906,3.395571708679199,9.485870361328125,9.456274032592773,9.391695976257324,12.000018119812012,CameraDataPostProcess,13.103363990783691
distributed_camera\services\data_process\src\pipeline_node\multimedia_codec\decode_data_process_common.cpp,31.1155948638916,15.845467567443848,23.85996437072754,9.591064453125,9.783571243286133,3.4204859733581543,16.06690216064453,15.793086051940918,7.633849143981934,16.50809669494629,CameraDataPostProcess,31.1155948638916
distributed_camera\services\cameraservice\cameraoperator\handler\src\dcamera_handler.cpp,17.05886459350586,2.9302122592926025,3.6282880306243896,11.14467716217041,4.060161590576172,3.9949207305908203,7.736705303192139,13.938401222229004,11.761343002319336,11.507506370544434,CameraDataPostProcess,17.05886459350586
distributed_camera\common\include\utils\dcamera_utils_tools.h,1.8349066972732544,0.16380244493484497,4.770933151245117,4.903365135192871,2.417938709259033,0.18003855645656586,0.5577621459960938,1.6728562116622925,2.2820348739624023,131.72625732421875,utils,131.72625732421875
distributed_camera\camera_hdf\hdi_impl\src\dstream_operator\dimage_buffer.cpp,8.581475257873535,3.66081166267395,2.8608272075653076,4.46681022644043,1.8424826860427856,2.445127248764038,4.581175804138184,6.5987772941589355,7.239577293395996,6.366078853607178,CameraDataPostProcess,8.581475257873535
distributed_camera\camera_hdf\interfaces\hdi_ipc\client\operator\dstream_operator_proxy.cpp,11.255541801452637,8.240636825561523,11.03697395324707,10.152472496032715,7.709931373596191,2.881600856781006,8.787626266479492,17.564937591552734,15.378172874450684,19.633045196533203,utils,19.633045196533203
distributed_camera\services\cameraservice\sinkservice\include\distributedcameramgr\callback\dcamera_sink_output_result_callback.h,9.83084487915039,5.271114826202393,5.071103096008301,7.834650993347168,3.140066146850586,1.2344930171966553,9.537264823913574,7.637921333312988,4.502525806427002,7.097187042236328,CameraDataPostProcess,9.83084487915039
distributed_camera\services\cameraservice\cameraoperator\client\src\callback\dcamera_session_callback.cpp,4.281577110290527,1.805393934249878,0.4618605971336365,7.1719279289245605,3.075240135192871,1.8206043243408203,5.676867485046387,8.293890953063965,5.094654560089111,7.57590389251709,DistributedCameraSourceMgr,8.293890953063965
distributed_camera\services\data_process\include\pipeline_node\colorspace_conversion\convert_nv12_to_nv21.h,13.04101848602295,6.535261631011963,13.965004920959473,4.456728458404541,3.63028621673584,1.0927670001983643,5.502225875854492,6.058619499206543,2.2120468616485596,3.2094006538391113,CameraDataProcessCommon,13.965004920959473
distributed_camera\services\cameraservice\sinkservice\include\distributedcameramgr\dcamera_sink_controller.h,11.50683879852295,5.907409191131592,8.423745155334473,16.951629638671875,11.350005149841309,10.436037063598633,24.64031982421875,17.146522521972656,4.757859706878662,9.02878475189209,DistributedCameraSinkMgr,24.64031982421875
distributed_camera\camera_hdf\hdi_impl\src\dcamera_host\dcamera_host.cpp,7.258744716644287,3.674996852874756,0.7451111078262329,11.156872749328613,0.7774620652198792,3.6163182258605957,5.3988189697265625,8.365863800048828,14.717377662658691,13.795327186584473,VirtualCameraHdf,14.717377662658691
distributed_camera\camera_hdf\interfaces\hdi_ipc\server\provider\dcamera_provider_callback_proxy.cpp,13.082085609436035,5.834930896759033,11.158037185668945,15.049513816833496,9.238486289978027,1.4781912565231323,11.128562927246094,16.522438049316406,17.896677017211914,19.651628494262695,utils,19.651628494262695
distributed_camera\camera_hdf\interfaces\hdi_ipc\client\device\dcamera_device_callback_stub.h,8.979110717773438,4.672844409942627,7.696278095245361,5.866739749908447,5.659298419952393,1.3765182495117188,6.437211990356445,9.342373847961426,10.17886734008789,8.861461639404297,VirtualCameraHdf,10.17886734008789
distributed_camera\services\cameraservice\sourceservice\src\distributedcameramgr\dcameradata\dcamera_source_input.cpp,12.47165298461914,6.596272945404053,6.923367977142334,13.738690376281738,14.026440620422363,5.627770900726318,7.780878067016602,17.739723205566406,8.469526290893555,12.929057121276855,DistributedCameraSourceMgr,17.739723205566406
distributed_camera\services\cameraservice\sourceservice\include\distributedcameramgr\dcameradata\dcamera_source_input.h,8.258781433105469,5.175081253051758,5.2643585205078125,13.091082572937012,8.287954330444336,2.9968597888946533,5.397304534912109,14.022480010986328,6.177601337432861,10.000144958496094,DistributedCameraSourceMgr,14.022480010986328
distributed_camera\services\cameraservice\sinkservice\src\distributedcameramgr\eventbus\dcamera_post_authorization_event.cpp,3.292771339416504,2.1622812747955322,1.0,9.43308162689209,1.031791090965271,2.1669301986694336,5.994357585906982,5.020922660827637,4.748301029205322,3.2609803676605225,CameraServiceCommon,9.43308162689209
distributed_camera\services\cameraservice\sinkservice\include\distributedcameramgr\dcamera_sink_access_control.h,3.9110116958618164,3.273796319961548,5.3286261558532715,6.6022868156433105,5.397690773010254,4.4901509284973145,10.032721519470215,4.819802761077881,5.503580570220947,3.262660503387451,DistributedCameraSinkMgr,10.032721519470215
distributed_camera\services\cameraservice\sourceservice\include\distributedcameramgr\dcamera_source_service_ipc.h,5.7081298828125,2.5723876953125,2.919890880584717,10.433237075805664,2.9527056217193604,1.1728585958480835,6.762744426727295,9.665752410888672,9.983388900756836,3.247272491455078,CameraServiceCommon,10.433237075805664
distributed_camera\services\data_process\src\pipeline_node\multimedia_codec\encode_data_process_common.cpp,27.359155654907227,14.337601661682129,23.375200271606445,10.011808395385742,8.174239158630371,2.2294938564300537,16.2302188873291,17.673688888549805,9.30971908569336,14.910335540771484,CameraDataPostProcess,27.359155654907227
distributed_camera\services\cameraservice\sourceservice\src\distributedcameramgr\dcamerastate\dcamera_source_regist_state.cpp,6.170180320739746,1.869019865989685,2.761483907699585,8.87406063079834,2.052609920501709,1.5140033960342407,5.762553691864014,9.071964263916016,4.687485694885254,7.767263889312744,DistributedCameraSourceMgr,9.071964263916016
distributed_camera\services\cameraservice\base\src\dcamera_info_cmd.cpp,5.795760154724121,2.4167990684509277,5.140607833862305,9.88438892364502,4.8317646980285645,3.608309268951416,6.179779529571533,7.569131851196289,4.724873065948486,5.195258140563965,CameraServiceCommon,9.88438892364502
distributed_camera\services\cameraservice\sourceservice\include\distributedcameramgr\dcamerastate\dcamera_source_state.h,5.746624946594238,1.6268043518066406,2.7857627868652344,8.67567253112793,1.9706960916519165,1.2107775211334229,4.684147357940674,14.190438270568848,6.82514762878418,7.2932562828063965,DistributedCameraSourceMgr,14.190438270568848
distributed_camera\camera_hdf\hdi_impl\test\common.h,10.008076667785645,5.090607166290283,10.369808197021484,7.441176891326904,3.9020140171051025,2.001828193664551,5.803036212921143,23.033689498901367,9.897167205810547,15.052526473999023,DistributedCameraSourceMgr,23.033689498901367
distributed_camera\services\cameraservice\sinkservice\include\distributedcameramgr\eventbus\dcamera_post_authorization_event.h,3.2926902770996094,2.1627540588378906,1.0,9.379594802856445,1.032818078994751,2.0785365104675293,5.673586845397949,4.77558708190918,4.503542423248291,3.2598721981048584,CameraServiceCommon,9.379594802856445
distributed_camera\services\cameraservice\sinkservice\include\distributedcameramgr\dcamera_sink_service_ipc.h,5.368616104125977,3.6179323196411133,3.010517120361328,10.523863792419434,3.078359603881836,1.2254000902175903,7.825803279876709,8.780889511108398,9.983388900756836,3.247272491455078,CameraServiceCommon,10.523863792419434
distributed_camera\services\cameraservice\base\test\unittest\common\dcameraprotocol\dcamera_protocol_test.cpp,9.194650650024414,3.3521103858947754,11.01284122467041,17.368810653686523,11.533845901489258,5.400757312774658,8.45083236694336,13.026168823242188,9.512304306030273,8.511171340942383,CameraServiceCommon,17.368810653686523
distributed_camera\services\channel\include\icamera_channel_listener.h,5.023822784423828,4.196308135986328,3.81221866607666,6.659157752990723,8.4420747756958,5.138435363769531,4.639522552490234,6.4415364265441895,2.815528392791748,4.596286296844482,ChannelCommon,8.4420747756958
distributed_camera\services\cameraservice\sinkservice\src\distributedcamera\distributed_camera_sink_stub.cpp,13.287351608276367,9.116825103759766,8.812590599060059,9.880887031555176,8.817429542541504,3.786979913711548,11.902029991149902,10.636030197143555,10.07973861694336,14.207802772521973,utils,14.207802772521973
distributed_camera\services\cameraservice\cameraoperator\client\src\callback\dcamera_video_callback.cpp,5.281656742095947,1.817806363105774,1.0485018491744995,7.738392353057861,0.5117983818054199,1.850179672241211,5.677608966827393,10.471762657165527,5.065703392028809,7.472489833831787,DistributedCameraSourceMgr,10.471762657165527
distributed_camera\services\cameraservice\sourceservice\src\distributedcameramgr\dcamerahdf\dcamera_provider_callback_impl.cpp,5.493217468261719,1.179520845413208,1.7476226091384888,9.523528099060059,1.7799497842788696,1.1956844329833984,5.866423606872559,9.594766616821289,12.104963302612305,9.094365119934082,VirtualCameraHdf,12.104963302612305
distributed_camera\camera_hdf\interfaces\hdi_ipc\client\device\dcamera_device_proxy.cpp,11.62240982055664,6.917265892028809,9.39387321472168,11.237727165222168,6.0790205001831055,2.516483783721924,8.697670936584473,12.703548431396484,14.868112564086914,15.46551513671875,utils,15.46551513671875
distributed_camera\common\src\utils\dcamera_utils_tools.cpp,3.0568675994873047,1.429154872894287,6.506210803985596,6.04886531829834,2.6527180671691895,0.27958962321281433,2.2062137126922607,2.5419745445251465,2.436685085296631,105.55896759033203,utils,105.55896759033203
distributed_camera\camera_hdf\interfaces\hdi_ipc\server\host\dcamera_host_callback_proxy.h,3.9159743785858154,1.473332166671753,1.952894687652588,6.640769004821777,3.936479330062866,1.4886771440505981,5.499955654144287,8.354391098022461,7.919619083404541,5.574652671813965,DistributedCameraSourceMgr,8.354391098022461
distributed_camera\services\cameraservice\sinkservice\include\distributedcamera\distributed_camera_sink_stub.h,11.14941120147705,6.90773868560791,8.193492889404297,8.683991432189941,5.899258613586426,2.2689173221588135,8.223852157592773,7.893929481506348,6.948418140411377,9.98091983795166,CameraDataPostProcess,11.14941120147705
distributed_camera\camera_hdf\interfaces\hdi_ipc\client\host\dcamera_host_callback_stub.h,8.979110717773438,4.672844409942627,7.696278095245361,5.621670246124268,5.659298419952393,1.3765182495117188,6.437211990356445,8.79096794128418,7.396334648132324,8.861461639404297,CameraDataPostProcess,8.979110717773438
distributed_camera\interfaces\inner_kits\native_cpp\camera_source\src\callback\dcamera_source_callback.cpp,13.091588020324707,5.248189449310303,9.255256652832031,8.77515697479248,7.501395225524902,1.7098231315612793,5.602505683898926,10.090341567993164,5.9086103439331055,7.09674596786499,CameraDataPostProcess,13.091588020324707
distributed_camera\camera_hdf\interfaces\include\idistributed_camera_provider_callback.h,6.47953462600708,1.345191478729248,4.604484558105469,14.63718318939209,9.793333053588867,1.3618781566619873,4.452409267425537,13.404007911682129,15.827322006225586,16.922557830810547,utils,16.922557830810547
distributed_camera\services\data_process\src\pipeline_node\multimedia_codec\decode_data_process.cpp,30.712383270263672,15.685697555541992,19.64949607849121,9.52743911743164,7.573020935058594,3.366642713546753,15.980610847473145,15.96031665802002,7.573972702026367,14.763319969177246,CameraDataPostProcess,30.712383270263672
distributed_camera\interfaces\inner_kits\native_cpp\camera_source\include\dcamera_source_handler_ipc.h,7.216527938842773,1.7295513153076172,4.042281150817871,11.34656810760498,5.9980974197387695,1.3219395875930786,5.620201587677002,9.421060562133789,6.5079216957092285,4.552935600280762,CameraServiceCommon,11.34656810760498
distributed_camera\services\cameraservice\sinkservice\include\distributedcameramgr\dcamera_sink_output.h,9.34123420715332,5.447649955749512,6.230375289916992,9.500496864318848,7.77351713180542,3.1115260124206543,9.667269706726074,8.958185195922852,4.426400184631348,7.134675979614258,DistributedCameraSinkMgr,9.667269706726074
distributed_camera\services\cameraservice\sourceservice\include\distributedcameramgr\dcamerastate\dcamera_source_opened_state.h,5.384818077087402,1.1706619262695312,2.33622145652771,8.64161491394043,1.842146396636963,1.187341570854187,4.8010663986206055,8.399797439575195,4.477513313293457,4.871030330657959,CameraServiceCommon,8.64161491394043
distributed_camera\services\cameraservice\sinkservice\include\distributedcameramgr\listener\dcamera_sink_controller_channel_listener.h,10.476678848266602,5.240470886230469,6.664196491241455,13.273077964782715,10.90783405303955,11.819218635559082,22.492401123046875,19.700891494750977,4.490536212921143,6.2671427726745605,DistributedCameraSinkMgr,22.492401123046875
distributed_camera\interfaces\inner_kits\native_cpp\camera_source\include\dcamera_source_handler.h,6.124599933624268,1.2950383424758911,3.9548912048339844,10.171834945678711,5.863677501678467,1.3118391036987305,1.8750978708267212,8.034148216247559,5.684288501739502,5.35758113861084,CameraServiceCommon,10.171834945678711
distributed_camera\services\cameraservice\sourceservice\include\distributedcameramgr\dcameradata\dcamera_stream_data_process.h,13.474552154541016,6.475623607635498,7.868967533111572,6.691606044769287,4.539988040924072,1.1598316431045532,5.958103656768799,10.724802017211914,7.306899547576904,9.498882293701172,CameraDataPostProcess,13.474552154541016
distributed_camera\camera_hdf\hdi_impl\include\dcamera_device\dcamera_device.h,4.188887119293213,2.275373935699463,0.6256731152534485,9.90502643585205,0.6879183053970337,1.9695252180099487,3.932852029800415,8.796626091003418,10.523273468017578,12.34793472290039,utils,12.34793472290039
distributed_camera\services\cameraservice\cameraoperator\client\test\unittest\common\cameraoperator\dcamera_client_test.cpp,11.927517890930176,4.310684680938721,7.705777168273926,7.156019687652588,3.189485549926758,1.956650733947754,8.119348526000977,17.816659927368164,7.682703018188477,9.133855819702148,DistributedCameraSourceMgr,17.816659927368164
distributed_camera\services\data_process\include\utils\image_common_type.h,10.611211776733398,6.581751823425293,19.88237953186035,3.918200731277466,6.21024751663208,1.9523166418075562,6.891911506652832,8.65932559967041,2.1916756629943848,108.94762420654297,utils,108.94762420654297
distributed_camera\services\cameraservice\cameraoperator\client\src\callback\dcamera_input_callback.cpp,4.263983726501465,3.632706880569458,0.4543355107307434,7.154241561889648,0.4845443069934845,1.8091614246368408,5.650842189788818,10.110586166381836,5.079965114593506,7.558577060699463,DistributedCameraSourceMgr,10.110586166381836
distributed_camera\services\cameraservice\base\src\dcamera_metadata_setting_cmd.cpp,5.609472274780273,2.7945170402526855,5.063382625579834,16.514436721801758,5.159032344818115,3.9406352043151855,6.792983531951904,5.518989562988281,6.837519645690918,5.15533971786499,CameraServiceCommon,16.514436721801758
distributed_camera\services\cameraservice\sourceservice\include\distributedcameramgr\dcamerastate\dcamera_source_regist_state.h,5.459724426269531,1.1755622625350952,2.416745662689209,8.698747634887695,1.890674352645874,1.1921361684799194,4.806031703948975,8.535868644714355,4.498854160308838,3.2848291397094727,CameraServiceCommon,8.698747634887695
distributed_camera\services\cameraservice\cameraoperator\client\include\listener\dcamera_photo_surface_listener.h,3.2954070568084717,1.162363886833191,0.0,5.759861469268799,2.4142396450042725,1.177024245262146,2.491670608520508,9.422350883483887,4.508673191070557,5.0931925773620605,DistributedCameraSourceMgr,9.422350883483887
distributed_camera\services\cameraservice\sourceservice\include\distributedcameramgr\dcamerainterface\icamera_state_listener.h,10.229512214660645,4.660584449768066,6.870985984802246,5.516688823699951,4.927404880523682,1.178264856338501,5.980671405792236,10.291090965270996,5.385735511779785,5.00609016418457,DistributedCameraSourceMgr,10.291090965270996
distributed_camera\camera_hdf\hdi_impl\src\dstream_operator\dbuffer_manager.cpp,15.243425369262695,5.055371284484863,6.819367408752441,6.175879955291748,3.684861898422241,4.169533729553223,9.490159034729004,10.400613784790039,8.511253356933594,9.657731056213379,CameraDataPostProcess,15.243425369262695
distributed_camera\camera_hdf\hdi_impl\src\dcamera_device\dmetadata_processor.cpp,28.623613357543945,10.299407005310059,20.518247604370117,15.601646423339844,10.152725219726562,7.346734046936035,16.675315856933594,20.485523223876953,14.363085746765137,19.388395309448242,CameraDataPostProcess,28.623613357543945
distributed_camera\services\cameraservice\sourceservice\src\distributedcameramgr\dcamera_source_dev.cpp,14.725831031799316,7.248410701751709,7.673119068145752,18.80995750427246,10.417115211486816,10.795130729675293,22.972360610961914,27.48516845703125,9.872251510620117,10.685600280761719,DistributedCameraSourceMgr,27.48516845703125
distributed_camera\interfaces\inner_kits\native_cpp\camera_sink\src\dcamera_sink_handler_ipc.cpp,11.406575202941895,4.604416370391846,4.893287658691406,10.244627952575684,6.164407253265381,3.8420231342315674,11.595114707946777,8.528575897216797,11.917134284973145,6.185672283172607,VirtualCameraHdf,11.917134284973145
distributed_camera\camera_hdf\interfaces\hdi_ipc\client\operator\dstream_operator_callback_stub.cpp,12.023209571838379,6.8342156410217285,8.321340560913086,6.071116924285889,5.514393329620361,1.602213740348816,7.97335147857666,16.508525848388672,11.989250183105469,13.318767547607422,DistributedCameraSourceMgr,16.508525848388672
distributed_camera\services\cameraservice\sourceservice\include\distributedcamera\dcamera_service_state_listener.h,10.202926635742188,4.6478352546691895,6.846628189086914,5.809933662414551,4.9075727462768555,1.1765633821487427,6.220972061157227,12.232786178588867,6.2002058029174805,6.672456741333008,DistributedCameraSourceMgr,12.232786178588867
distributed_camera\services\cameraservice\sourceservice\src\distributedcameramgr\dcamera_source_event.cpp,5.112969398498535,1.2104295492172241,1.7262327671051025,10.587397575378418,1.7603551149368286,1.2274906635284424,4.633550643920898,8.657634735107422,5.718808174133301,5.231451034545898,CameraServiceCommon,10.587397575378418
distributed_camera\services\cameraservice\sourceservice\src\distributedcameramgr\dcamerastate\dcamera_source_state_factory.cpp,6.817288875579834,3.701706886291504,3.95662784576416,7.716605186462402,2.5269148349761963,3.318352460861206,3.3319053649902344,14.169509887695312,8.810857772827148,7.155893325805664,DistributedCameraSourceMgr,14.169509887695312
distributed_camera\camera_hdf\interfaces\hdi_ipc\config\host\dcamera_host_config.cpp,11.68333625793457,8.116496086120605,8.276358604431152,9.835161209106445,6.722558498382568,2.2734665870666504,8.851372718811035,11.551465034484863,14.610556602478027,10.457930564880371,VirtualCameraHdf,14.610556602478027
distributed_camera\interfaces\inner_kits\native_cpp\camera_sink\include\distributed_camera_sink_proxy.h,5.303927898406982,3.4217007160186768,4.036731719970703,9.632314682006836,7.972792625427246,2.28389835357666,3.9448301792144775,5.155844211578369,7.351722240447998,6.595582962036133,CameraServiceCommon,9.632314682006836
distributed_camera\camera_hdf\interfaces\hdi_ipc\config\provider\dcamera_provider_config.cpp,11.68333625793457,8.116496086120605,10.164508819580078,11.723310470581055,8.610708236694336,2.2734665870666504,11.70098876953125,11.551465034484863,16.76188087463379,12.346080780029297,VirtualCameraHdf,16.76188087463379
distributed_camera\services\cameraservice\cameraoperator\client\include\callback\dcamera_manager_callback.h,3.5107457637786865,1.2681031227111816,0.0,4.758546352386475,0.025460630655288696,1.2808334827423096,2.599637985229492,6.84517240524292,4.728954315185547,5.318733215332031,DistributedCameraSourceMgr,6.84517240524292
distributed_camera\services\cameraservice\cameraoperator\handler\include\dcamera_handler.h,11.58008861541748,1.8434427976608276,1.6330535411834717,8.37590503692627,2.5586233139038086,1.4202589988708496,4.80593729019165,5.7523088455200195,4.817485809326172,6.494518280029297,CameraDataPostProcess,11.58008861541748
distributed_camera\services\cameraservice\sourceservice\src\distributedcameramgr\dcameracontrol\dcamera_source_controller_channel_listener.cpp,12.834000587463379,3.149463653564453,6.568137168884277,13.243230819702148,10.184316635131836,12.402591705322266,22.663393020629883,22.867305755615234,4.668814659118652,7.172364234924316,DistributedCameraSourceMgr,22.867305755615234
distributed_camera\services\cameraservice\sourceservice\src\distributedcameramgr\dcameradata\dcamera_source_data_process.cpp,12.66897964477539,6.78971529006958,8.874276161193848,8.498929977416992,4.055421352386475,2.2044103145599365,6.902607440948486,11.291959762573242,7.840576648712158,9.885042190551758,CameraDataPostProcess,12.66897964477539
distributed_camera\services\cameraservice\sourceservice\src\distributedcameramgr\dcamerastate\dcamera_source_state_machine.cpp,6.697593688964844,1.569641351699829,2.6303184032440186,8.674166679382324,1.8612477779388428,1.2076464891433716,5.575400352478027,13.156238555908203,4.743476390838623,3.904207229614258,DistributedCameraSourceMgr,13.156238555908203
distributed_camera\services\data_process\include\pipeline\abstract_data_process.h,10.2728910446167,7.715768337249756,8.99328327178955,4.740433692932129,2.470315456390381,0.14460065960884094,5.574578285217285,5.326583385467529,2.2365593910217285,2.751352548599243,CameraDataPostProcess,10.2728910446167
distributed_camera\services\cameraservice\sinkservice\test\unittest\common\distributedcameramgr\mock_data_process_pipeline.h,12.944822311401367,7.949014186859131,14.118902206420898,7.799989700317383,8.175761222839355,1.1998311281204224,6.775454044342041,8.450628280639648,4.544319152832031,7.29935359954834,CameraDataProcessCommon,14.118902206420898
distributed_camera\camera_hdf\hdi_impl\include\dstream_operator\dstream_operator.h,6.188002586364746,2.212651014328003,1.3082866668701172,5.360570907592773,0.97760009765625,1.8895602226257324,2.33337140083313,14.275609970092773,10.481953620910645,10.775307655334473,DistributedCameraSourceMgr,14.275609970092773
distributed_camera\services\cameraservice\sourceservice\src\distributedcameramgr\dcamerastate\dcamera_source_config_stream_state.cpp,6.400630950927734,1.8335762023925781,2.5697576999664307,12.140191078186035,4.956101894378662,3.1511898040771484,5.8935699462890625,13.420649528503418,7.121959686279297,10.271987915039062,DistributedCameraSourceMgr,13.420649528503418
distributed_camera\services\cameraservice\sourceservice\test\unittest\common\distributedcameramgr\dcamera_source_state_machine_test.cpp,12.708553314208984,4.21965217590332,9.583230018615723,20.204076766967773,4.804970741271973,1.8958617448806763,14.785409927368164,20.810197830200195,12.683493614196777,14.910141944885254,DistributedCameraSourceMgr,20.810197830200195
distributed_camera\services\channel\include\icamera_channel.h,5.687371730804443,3.4012045860290527,4.61883020401001,8.09745979309082,12.11104679107666,3.892334461212158,4.754645347595215,7.370089530944824,3.8058860301971436,8.096115112304688,ChannelCommon,12.11104679107666
distributed_camera\services\channel\src\dcamera_channel_source_impl.cpp,10.571473121643066,3.489832639694214,6.306118488311768,9.346515655517578,15.261990547180176,5.326528549194336,6.317922115325928,7.760400772094727,5.380544185638428,6.355601787567139,ChannelCommon,15.261990547180176
distributed_camera\services\cameraservice\sourceservice\src\distributedcameramgr\dcameracontrol\dcamera_source_controller.cpp,12.497356414794922,6.299787521362305,10.58948040008545,22.17261505126953,14.748340606689453,10.937644958496094,20.260595321655273,18.649776458740234,11.28678035736084,15.724332809448242,CameraServiceCommon,22.17261505126953
distributed_camera\services\cameraservice\base\include\icamera_controller.h,6.431151390075684,1.5517218112945557,1.0,14.979870796203613,3.0331027507781982,8.849979400634766,16.55386734008789,15.974629402160645,4.457806587219238,6.369943141937256,DistributedCameraSinkMgr,16.55386734008789
distributed_camera\services\cameraservice\sinkservice\include\distributedcameramgr\dcamera_sink_dev.h,6.600257396697998,3.6182117462158203,3.010517120361328,11.462485313415527,5.078639030456543,9.096456527709961,17.878398895263672,14.974916458129883,4.475630760192871,5.247272491455078,DistributedCameraSinkMgr,17.878398895263672
distributed_camera\camera_hdf\interfaces\hdi_ipc\server\operator\dstream_operator_stub.h,9.400141716003418,4.932555198669434,8.045822143554688,5.159534931182861,5.546212196350098,1.2153211832046509,6.573955059051514,7.772168159484863,9.65173053741455,7.67044734954834,VirtualCameraHdf,9.65173053741455
distributed_camera\services\cameraservice\sourceservice\include\distributedcameramgr\dcamerastate\dcamera_source_config_stream_state.h,5.350348949432373,1.1683704853057861,2.299297332763672,8.616219520568848,1.819926381111145,1.185114860534668,4.799731731414795,10.372137069702148,6.50244665145874,5.304619789123535,DistributedCameraSourceMgr,10.372137069702148
distributed_camera\services\data_process\include\pipeline_node\multimedia_codec\decode_data_process.h,21.303335189819336,9.191277503967285,11.533134460449219,8.739215850830078,4.5036444664001465,1.1966887712478638,8.871047973632812,10.320650100708008,5.554497718811035,7.972745895385742,CameraDataPostProcess,21.303335189819336
distributed_camera\camera_hdf\hdi_impl\src\dstream_operator\dstream_operator.cpp,24.447799682617188,8.047601699829102,11.687417984008789,15.790489196777344,7.614841461181641,3.2222440242767334,11.790928840637207,31.47933006286621,21.95794105529785,32.13032150268555,utils,32.13032150268555
distributed_camera\services\channel\src\dcamera_softbus_session.cpp,10.396803855895996,6.08888053894043,8.712128639221191,8.705831527709961,18.083864212036133,9.607751846313477,8.628503799438477,9.93892765045166,3.335999011993408,12.388864517211914,ChannelCommon,18.083864212036133
distributed_camera\services\cameraservice\sourceservice\include\distributedcameramgr\dcamerastate\dcamera_source_capture_state.h,5.384818077087402,1.1706619262695312,2.33622145652771,8.64161491394043,1.842146396636963,1.187341570854187,4.8010663986206055,10.531977653503418,4.477513313293457,3.2746052742004395,DistributedCameraSourceMgr,10.531977653503418
distributed_camera\services\cameraservice\sourceservice\include\distributedcameramgr\dcameracontrol\dcamera_source_controller.h,10.705944061279297,4.115654945373535,8.030644416809082,16.481700897216797,13.734874725341797,10.955670356750488,18.748001098632812,19.209142684936523,5.177601337432861,9.28300952911377,DistributedCameraSourceMgr,19.209142684936523
distributed_camera\services\cameraservice\cameraoperator\client\src\listener\dcamera_video_surface_listener.cpp,9.451711654663086,5.892186164855957,7.363622665405273,7.512945652008057,5.464492321014404,2.2506392002105713,7.391503810882568,10.264833450317383,4.591884136199951,7.683272838592529,DistributedCameraSourceMgr,10.264833450317383
distributed_camera\services\cameraservice\cameraoperator\handler\test\unittest\common\dcamerahandler\dcamera_handler_test.cpp,3.680769681930542,1.8137589693069458,5.595746994018555,5.740110874176025,2.8583950996398926,1.2620209455490112,3.11659574508667,4.831331729888916,4.5439653396606445,8.485939979553223,utils,8.485939979553223
distributed_camera\camera_hdf\hdi_impl\src\dstream_operator\dcamera_steam.cpp,18.31464195251465,8.73865032196045,8.290953636169434,7.843363285064697,5.363327980041504,5.376045227050781,12.149426460266113,16.102975845336914,13.827513694763184,14.023361206054688,CameraDataPostProcess,18.31464195251465
distributed_camera\services\channel\src\dcamera_channel_sink_impl.cpp,10.476472854614258,5.596806526184082,7.632185459136963,10.806771278381348,17.077659606933594,5.431722640991211,8.35403060913086,6.994911193847656,5.392183780670166,6.533055782318115,ChannelCommon,17.077659606933594
distributed_camera\services\cameraservice\sourceservice\include\distributedcameramgr\dcameradata\dcamera_stream_data_process_pipeline_listener.h,13.203614234924316,6.974281311035156,8.458720207214355,6.749858856201172,4.846313953399658,1.1773297786712646,5.779943466186523,10.709365844726562,6.785073757171631,9.020978927612305,CameraDataPostProcess,13.203614234924316
distributed_camera\services\cameraservice\base\src\dcamera_open_info_cmd.cpp,5.302151679992676,1.5761139392852783,4.5035786628723145,10.04370403289795,4.991079330444336,3.608309268951416,5.339094638824463,6.241891860961914,4.724873065948486,7.323956489562988,CameraServiceCommon,10.04370403289795
distributed_camera\services\cameraservice\sinkservice\src\distributedcameramgr\dcamera_sink_access_control.cpp,5.323411464691162,3.2618930339813232,5.604401111602783,6.5687031745910645,5.20914363861084,4.415881633758545,10.018884658813477,5.59858512878418,5.7719292640686035,3.3176674842834473,DistributedCameraSinkMgr,10.018884658813477
distributed_camera\services\data_process\src\pipeline_node\colorspace_conversion\convert_nv12_to_nv21.cpp,11.804571151733398,6.637345314025879,13.041090965270996,6.035212516784668,4.787333011627197,1.6239495277404785,6.7796454429626465,6.84399938583374,2.7626349925994873,5.8892412185668945,CameraDataProcessCommon,13.041090965270996
distributed_camera\services\cameraservice\sinkservice\src\distributedcameramgr\dcamera_sink_data_process.cpp,19.433629989624023,9.915811538696289,12.817913055419922,12.043536186218262,10.612326622009277,4.812578201293945,14.086997985839844,13.904988288879395,6.870284080505371,12.65284538269043,CameraDataPostProcess,19.433629989624023
distributed_camera\services\cameraservice\cameraoperator\client\include\dcamera_client.h,3.3943309783935547,1.5510069131851196,0.0,7.809620380401611,0.03374053165316582,1.2309060096740723,2.4677932262420654,11.797720909118652,4.5490593910217285,5.054758071899414,DistributedCameraSourceMgr,11.797720909118652
distributed_camera\services\cameraservice\sinkservice\include\distributedcameramgr\eventbus\dcamera_video_output_event.h,8.879728317260742,4.1998090744018555,4.645426273345947,10.048876762390137,2.0681962966918945,2.1400811672210693,10.289579391479492,8.09375,4.50415563583374,4.263225078582764,DistributedCameraSinkMgr,10.289579391479492
distributed_camera\camera_hdf\interfaces\hdi_ipc\client\provider\dcamera_provider_callback.cpp,3.5187294483184814,3.7453439235687256,3.550271987915039,10.379814147949219,5.395920753479004,1.2929041385650635,6.609650135040283,8.72278118133545,10.107601165771484,9.810870170593262,CameraServiceCommon,10.379814147949219
distributed_camera\camera_hdf\interfaces\hdi_ipc\server\operator\dstream_operator_callback_proxy.h,3.3856334686279297,1.2089810371398926,1.896063208580017,6.46185827255249,3.8244550228118896,1.2251453399658203,3.179772138595581,12.165635108947754,12.149497032165527,7.955080986022949,DistributedCameraSourceMgr,12.165635108947754
distributed_camera\camera_hdf\interfaces\hdi_ipc\client\device\dcamera_device_callback.cpp,3.6039538383483887,3.5601367950439453,2.626903533935547,6.981575965881348,3.9634346961975098,1.32683527469635,3.0626962184906006,7.588280200958252,10.099395751953125,7.256744384765625,VirtualCameraHdf,10.099395751953125
distributed_camera\camera_hdf\hdi_impl\include\utils\constants.h,14.436715126037598,6.943469047546387,8.20846176147461,5.4818925857543945,3.18035888671875,1.9773311614990234,7.610111236572266,15.610075950622559,5.65788459777832,106.33409118652344,utils,106.33409118652344
distributed_camera\services\cameraservice\sourceservice\src\distributedcameramgr\dcamera_source_service_ipc.cpp,12.176004409790039,4.424230575561523,4.672358989715576,10.343012809753418,4.355905532836914,3.51202654838562,11.202919006347656,10.406218528747559,16.73680877685547,4.890933036804199,VirtualCameraHdf,16.73680877685547
distributed_camera\services\channel\include\dcamera_channel_sink_impl.h,5.693277835845947,5.003836631774902,5.754455089569092,8.940205574035645,14.50450325012207,4.467756271362305,6.569427490234375,4.835534572601318,5.243407726287842,6.617226600646973,ChannelCommon,14.50450325012207
distributed_camera\services\data_process\src\pipeline\dcamera_pipeline_source.cpp,22.626148223876953,13.117851257324219,22.306636810302734,10.008573532104492,8.243829727172852,2.6438205242156982,16.119857788085938,17.375150680541992,4.950221538543701,12.742034912109375,CameraDataPostProcess,22.626148223876953
distributed_camera\camera_hdf\hdi_impl\include\dcamera_device\dmetadata_processor.h,15.23198413848877,7.665571689605713,12.76591968536377,10.765054702758789,5.749022006988525,2.0973713397979736,8.820767402648926,8.578544616699219,12.183696746826172,9.153682708740234,CameraDataPostProcess,15.23198413848877
distributed_camera\camera_hdf\interfaces\hdi_ipc\server\operator\doffline_stream_operator_stub.cpp,9.93676471710205,6.455230236053467,8.090822219848633,5.575179576873779,6.599693775177002,1.827619194984436,7.362014293670654,12.950316429138184,11.703659057617188,11.148702621459961,DistributedCameraSourceMgr,12.950316429138184
distributed_camera\camera_hdf\hdi_impl\src\utils\dcamera.cpp,4.56010627746582,2.9750075340270996,2.3669583797454834,5.552762508392334,1.2600468397140503,1.508013129234314,4.587586879730225,5.447147846221924,8.605996131896973,104.54386901855469,utils,104.54386901855469
distributed_camera\services\cameraservice\sinkservice\include\distributedcamera\distributed_camera_sink_service.h,5.591766357421875,3.6024794578552246,2.5928282737731934,10.255352020263672,3.9799396991729736,2.344369888305664,4.75023078918457,9.483766555786133,7.822534561157227,6.687994003295898,CameraServiceCommon,10.255352020263672
distributed_camera\camera_hdf\hdi_impl\src\dcamera_provider\dcamera_provider.cpp,5.692415714263916,4.5111284255981445,3.3096940517425537,10.618219375610352,2.3650591373443604,2.6997923851013184,7.04746675491333,11.905034065246582,19.355112075805664,13.507359504699707,VirtualCameraHdf,19.355112075805664
distributed_camera\camera_hdf\hdi_impl\include\utils\dcamera.h,3.663226842880249,1.3475308418273926,0.0,3.631392002105713,0.031834863126277924,1.3634482622146606,1.607684850692749,3.907463312149048,4.895223140716553,117.39523315429688,utils,117.39523315429688
distributed_camera\services\cameraservice\base\include\dcamera_metadata_setting_cmd.h,3.835639715194702,1.1645355224609375,2.503492832183838,12.611659049987793,2.902559280395508,2.7951500415802,4.483469009399414,5.161667346954346,7.0272111892700195,4.186304569244385,CameraServiceCommon,12.611659049987793
distributed_camera\services\data_process\src\pipeline_node\fpscontroller\fps_controller_process.cpp,27.1539306640625,9.66048812866211,23.0693302154541,8.889018058776855,7.867580890655518,10.495545387268066,26.151660919189453,22.01242446899414,4.808446884155273,7.666916370391846,CameraDataPostProcess,27.1539306640625
distributed_camera\services\cameraservice\sourceservice\include\distributedcameramgr\dcamerainterface\icamera_source_data_process.h,12.01218032836914,4.2129034996032715,7.207147598266602,7.463791370391846,3.376854181289673,1.1566048860549927,5.4859538078308105,9.998249053955078,5.419602870941162,7.61422061920166,CameraDataPostProcess,12.01218032836914
distributed_camera\camera_hdf\hdi_impl\test\common.cpp,17.976604461669922,9.0909423828125,18.254289627075195,12.626473426818848,9.462726593017578,7.732623100280762,14.749428749084473,24.734630584716797,14.355929374694824,20.935117721557617,DistributedCameraSourceMgr,24.734630584716797
distributed_camera\services\cameraservice\sinkservice\test\unittest\common\distributedcamera\distributed_camera_sink_service_test.cpp,10.245195388793945,6.4605631828308105,12.95566463470459,14.683539390563965,13.173981666564941,5.110993385314941,9.34963321685791,9.337203979492188,9.624157905578613,11.840204238891602,CameraServiceCommon,14.683539390563965
distributed_camera\services\cameraservice\sourceservice\include\distributedcamera\distributed_camera_source_service.h,6.93934440612793,1.665317416191101,2.529428482055664,11.100833892822266,1.8783372640609741,1.3001033067703247,4.503117561340332,12.960798263549805,8.780725479125977,6.318004131317139,DistributedCameraSourceMgr,12.960798263549805
distributed_camera\services\cameraservice\cameraoperator\client\src\callback\dcamera_photo_callback.cpp,5.183353900909424,1.7421633005142212,0.4201113283634186,7.0713276863098145,0.44930294156074524,1.7567591667175293,5.530233383178711,13.052797317504883,5.012567520141602,6.498073101043701,DistributedCameraSourceMgr,13.052797317504883
distributed_camera\services\cameraservice\sinkservice\test\unittest\common\distributedcameramgr\dcamera_sink_dev_test.cpp,11.732556343078613,6.611995220184326,13.622366905212402,15.275588035583496,14.301994323730469,10.586966514587402,19.3007755279541,16.15998649597168,9.522663116455078,11.373797416687012,DistributedCameraSinkMgr,19.3007755279541
distributed_camera\camera_hdf\interfaces\include\idistributed_camera_provider.h,6.522634983062744,1.3492270708084106,4.686012268066406,15.422335624694824,7.253111839294434,1.365784764289856,6.3289079666137695,10.50593376159668,19.216562271118164,13.181928634643555,VirtualCameraHdf,19.216562271118164
distributed_camera\services\channel\include\dcamera_softbus_session.h,8.930753707885742,4.235265254974365,6.256528377532959,7.343221187591553,15.744104385375977,7.9109673500061035,6.927520751953125,7.565894603729248,3.1843526363372803,9.624926567077637,ChannelCommon,15.744104385375977
distributed_camera\services\cameraservice\cameraoperator\handler\src\dcamera_handler_common.cpp,16.22972297668457,2.9573240280151367,6.705602645874023,11.362763404846191,5.723861217498779,4.093041896820068,7.0126953125,13.650311470031738,11.882123947143555,11.413204193115234,CameraDataPostProcess,16.22972297668457
distributed_camera\services\cameraservice\cameraoperator\client\src\dcamera_client_common.cpp,10.386555671691895,3.7279582023620605,5.288569450378418,11.795270919799805,4.30833101272583,2.0308597087860107,6.496372699737549,19.865406036376953,8.980430603027344,9.249574661254883,DistributedCameraSourceMgr,19.865406036376953
distributed_camera\services\data_process\include\pipeline_node\multimedia_codec\encode_video_callback.h,10.790226936340332,6.569372653961182,9.051139831542969,2.8710145950317383,1.7193547487258911,0.14933420717716217,4.686133861541748,8.071623802185059,5.448800563812256,8.931554794311523,CameraDataPostProcess,10.790226936340332
distributed_camera\interfaces\inner_kits\native_cpp\camera_source\src\dcamera_source_handler_ipc.cpp,12.776228904724121,2.4660556316375732,4.794616222381592,10.145956039428711,6.027598857879639,3.7848172187805176,9.437685012817383,10.491990089416504,11.917134284973145,6.185672283172607,CameraDataPostProcess,12.776228904724121
distributed_camera\camera_hdf\interfaces\hdi_ipc\client\operator\dstream_operator_proxy.h,4.470022201538086,2.057318925857544,4.546182632446289,8.451509475708008,7.758773326873779,3.4035232067108154,3.914593458175659,16.776771545410156,15.34744644165039,17.27068519592285,utils,17.27068519592285
distributed_camera\camera_hdf\interfaces\hdi_ipc\server\device\dcamera_device_stub.h,9.622764587402344,5.042726993560791,8.110183715820312,5.689932346343994,5.6420793533325195,1.3434754610061646,6.72398042678833,7.656876087188721,9.858567237854004,7.096170902252197,VirtualCameraHdf,9.858567237854004
distributed_camera\services\cameraservice\sourceservice\src\distributedcamera\dcamera_source_callback_proxy.cpp,11.13414478302002,4.710334777832031,7.014191150665283,6.588290214538574,3.533338785171509,1.2135950326919556,6.413896083831787,11.009973526000977,6.457220554351807,7.33669900894165,CameraDataPostProcess,11.13414478302002
distributed_camera\services\cameraservice\sourceservice\src\distributedcameramgr\dcameradata\dcamera_stream_data_process.cpp,17.435400009155273,8.084107398986816,11.689726829528809,8.567549705505371,5.756435871124268,2.177433967590332,7.206235408782959,12.523828506469727,8.367491722106934,12.661642074584961,CameraDataPostProcess,17.435400009155273
distributed_camera\common\include\utils\data_buffer.h,8.649085998535156,4.347445487976074,11.16061019897461,2.4420347213745117,4.801044464111328,0.15281523764133453,5.8112711906433105,4.277039527893066,2.0162034034729004,110.00944519042969,utils,110.00944519042969
distributed_camera\interfaces\inner_kits\native_cpp\camera_source\src\callback\dcamera_source_callback_stub.cpp,11.914836883544922,5.501170635223389,10.624570846557617,7.646392822265625,7.806209087371826,1.7080519199371338,6.913244724273682,11.263080596923828,6.822753429412842,9.661322593688965,CameraDataPostProcess,11.914836883544922
distributed_camera\camera_hdf\interfaces\hdi_ipc\client\provider\dcamera_provider_callback_stub.h,9.559690475463867,5.0111894607543945,9.930774688720703,7.218649387359619,7.46267032623291,1.3119381666183472,9.475878715515137,8.712152481079102,9.270808219909668,10.486836433410645,utils,10.486836433410645
distributed_camera\interfaces\inner_kits\native_cpp\camera_sink\include\idistributed_camera_sink.h,7.674140453338623,5.8066487312316895,4.862109661102295,11.772977828979492,12.412847518920898,3.758763313293457,6.252994060516357,7.281823635101318,10.049406051635742,11.363054275512695,ChannelCommon,12.412847518920898
distributed_camera\services\cameraservice\sinkservice\include\distributedcameramgr\listener\dcamera_sink_output_channel_listener.h,10.087608337402344,5.230393409729004,6.283523082733154,9.974903106689453,9.871918678283691,3.4400858879089355,10.458853721618652,8.817031860351562,5.486571311950684,7.256649017333984,DistributedCameraSinkMgr,10.458853721618652
distributed_camera\services\cameraservice\base\include\dcamera_info_cmd.h,6.771163463592529,3.2248542308807373,3.0812058448791504,8.964608192443848,2.8477447032928467,2.794766426086426,7.036773204803467,7.248466968536377,4.561509609222412,11.644159317016602,utils,11.644159317016602
distributed_camera\services\cameraservice\sinkservice\include\distributedcameramgr\callback\dcamera_sink_controller_state_callback.h,7.548338413238525,3.2809505462646484,3.721705436706543,11.962381362915039,3.1487693786621094,9.693169593811035,21.724159240722656,20.712486267089844,4.506294250488281,5.0883331298828125,DistributedCameraSinkMgr,21.724159240722656
distributed_camera\camera_hdf\hdi_impl\include\dstream_operator\dimage_buffer.h,7.605152130126953,3.570115327835083,2.7194180488586426,4.377569198608398,1.7976980209350586,2.4772026538848877,3.5129239559173584,6.547675609588623,7.600412845611572,5.684598445892334,CameraDataPostProcess,7.605152130126953
distributed_camera\services\cameraservice\sinkservice\src\distributedcameramgr\dcamera_sink_service_ipc.cpp,12.176004409790039,4.424230575561523,4.672358989715576,10.343012809753418,4.355905532836914,3.51202654838562,11.202919006347656,10.406218528747559,16.73680877685547,4.890933036804199,VirtualCameraHdf,16.73680877685547
distributed_camera\services\data_process\include\eventbus\dcamera_pipeline_event.h,9.170056343078613,5.506023406982422,7.402048110961914,6.760362148284912,1.6006182432174683,1.1341607570648193,6.760654449462891,6.273595333099365,2.4204797744750977,2.7535400390625,CameraDataPostProcess,9.170056343078613
distributed_camera\camera_hdf\interfaces\hdi_ipc\client\host\dcamera_host_callback.cpp,3.862905740737915,3.816534996032715,1.9569408893585205,6.595099925994873,3.9446263313293457,1.4621973037719727,5.196181774139404,8.024548530578613,7.584442615509033,5.52445650100708,DistributedCameraSourceMgr,8.024548530578613
distributed_camera\services\cameraservice\sinkservice\src\distributedcameramgr\dcamera_sink_data_process_common.cpp,19.48404884338379,9.901236534118652,16.14969825744629,11.9345703125,12.328248977661133,4.714138031005859,14.144378662109375,13.826252937316895,6.900579452514648,14.383123397827148,CameraDataPostProcess,19.48404884338379
distributed_camera\services\cameraservice\base\include\dcamera_open_info_cmd.h,4.820563316345215,1.1621747016906738,3.456059455871582,9.897890090942383,3.8483214378356934,2.7622721195220947,4.437549591064453,6.140414237976074,4.495079040527344,6.577664852142334,CameraServiceCommon,9.897890090942383
distributed_camera\services\data_process\src\utils\image_common_type.cpp,9.9215669631958,5.138169765472412,15.477507591247559,2.2526695728302,5.838345527648926,1.9086710214614868,6.665249347686768,5.310275554656982,2.4458348751068115,114.8436279296875,utils,114.8436279296875
distributed_camera\interfaces\inner_kits\native_cpp\camera_source\include\callback\dcamera_source_callback.h,11.100107192993164,4.709611415863037,9.058350563049316,8.680496215820312,7.536334037780762,1.3087072372436523,4.944786548614502,10.10788345336914,5.597295761108398,7.08856201171875,CameraDataPostProcess,11.100107192993164
distributed_camera\camera_hdf\interfaces\hdi_ipc\client\operator\dstream_operator_callback.h,3.390989065170288,1.2117496728897095,1.9179624319076538,6.492042541503906,3.8684353828430176,1.2280049324035645,2.924900531768799,11.977377891540527,11.96277141571045,8.01442813873291,DistributedCameraSourceMgr,11.977377891540527
distributed_camera\camera_hdf\interfaces\include\types.h,10.28410530090332,4.031671524047852,8.064250946044922,9.984647750854492,4.996292591094971,1.3411649465560913,5.102434158325195,9.600513458251953,14.091392517089844,9.351998329162598,VirtualCameraHdf,14.091392517089844
distributed_camera\services\data_process\include\pipeline\dcamera_pipeline_source.h,17.01405906677246,6.955605506896973,11.20503044128418,8.262551307678223,6.0769476890563965,0.22952666878700256,7.012365818023682,9.201990127563477,2.426011562347412,4.734310150146484,CameraDataPostProcess,17.01405906677246
distributed_camera\services\cameraservice\cameraoperator\client\include\listener\dcamera_video_surface_listener.h,3.333099842071533,1.2000566720962524,0.6524414420127869,6.4123029708862305,2.451932430267334,1.2335634231567383,2.5482096672058105,8.941689491271973,4.508673191070557,5.0931925773620605,DistributedCameraSourceMgr,8.941689491271973
distributed_camera\services\cameraservice\base\src\dcamera_capture_info_cmd.cpp,10.514139175415039,5.272186756134033,8.274910926818848,11.574654579162598,6.295976161956787,3.7890942096710205,8.90324878692627,11.089018821716309,5.614171981811523,6.916043281555176,CameraServiceCommon,11.574654579162598
distributed_camera\services\cameraservice\sourceservice\include\distributedcameramgr\dcameradata\dcamera_stream_data_process_producer.h,10.490431785583496,4.806323051452637,7.309841632843018,7.70750093460083,3.0900673866271973,1.2859786748886108,7.319955825805664,13.505603790283203,8.57506275177002,11.90343952178955,DistributedCameraSourceMgr,13.505603790283203
distributed_camera\interfaces\inner_kits\native_cpp\camera_sink\include\dcamera_sink_handler_ipc.h,5.804347038269043,3.9988787174224854,4.152304649353027,11.456591606140137,6.150645732879639,1.385726809501648,7.910791397094727,7.346806049346924,6.5079216957092285,4.552935600280762,CameraServiceCommon,11.456591606140137
distributed_camera\camera_hdf\interfaces\hdi_ipc\server\operator\dstream_operator_stub.cpp,12.558506965637207,8.033224105834961,10.492252349853516,10.351690292358398,8.142765045166016,3.17529296875,8.868329048156738,15.59158992767334,14.959600448608398,17.237993240356445,utils,17.237993240356445
distributed_camera\services\cameraservice\sinkservice\include\distributedcameramgr\dcamera_sink_data_process.h,12.759315490722656,8.543852806091309,8.924738883972168,12.591543197631836,8.251364707946777,3.5607857704162598,10.278985023498535,8.274643898010254,4.438311576843262,6.505789279937744,CameraDataPostProcess,12.759315490722656
distributed_camera\services\cameraservice\sinkservice\src\distributedcameramgr\eventbus\dcamera_video_output_event.cpp,8.877955436706543,4.198036193847656,4.645426273345947,10.09355354309082,2.0664234161376953,2.2227280139923096,10.604990005493164,8.337264060974121,4.748556137084961,4.263225078582764,DistributedCameraSinkMgr,10.604990005493164
distributed_camera\services\data_process\src\pipeline\abstract_data_process.cpp,10.863876342773438,6.907136917114258,9.01555347442627,4.837326526641846,2.423715829849243,0.27499058842658997,5.979844570159912,4.927986145019531,2.790287494659424,3.1145310401916504,CameraDataPostProcess,10.863876342773438
distributed_camera\services\cameraservice\cameraoperator\client\src\listener\dcamera_video_surface_listener_common.cpp,9.622415542602539,6.008735179901123,11.82990550994873,7.5861687660217285,7.735574245452881,2.3033857345581055,7.53436803817749,10.412284851074219,4.624217987060547,9.88454818725586,CameraDataProcessCommon,11.82990550994873
distributed_camera\camera_hdf\hdi_impl\src\dcamera_device\dcamera_device.cpp,9.639644622802734,5.38450288772583,6.504668712615967,19.2034854888916,10.688587188720703,6.442526340484619,12.171660423278809,19.793087005615234,24.92197036743164,23.449609756469727,VirtualCameraHdf,24.92197036743164
distributed_camera\camera_hdf\interfaces\hdi_ipc\server\host\dcamera_host_callback_proxy.cpp,10.663237571716309,5.233590602874756,8.150312423706055,6.542863845825195,5.412845611572266,1.5295485258102417,9.868444442749023,9.98479175567627,7.4376678466796875,10.347834587097168,CameraDataPostProcess,10.663237571716309
distributed_camera\services\cameraservice\sourceservice\include\distributedcameramgr\dcamera_source_event.h,5.002932548522949,1.2104567289352417,1.6161694526672363,11.904070854187012,1.650320053100586,2.250983953475952,4.813787937164307,10.842326164245605,7.28102970123291,10.020317077636719,CameraServiceCommon,11.904070854187012
distributed_camera\services\cameraservice\cameraoperator\client\src\callback\dcamera_manager_callback.cpp,3.5465316772460938,1.2855889797210693,0.0,4.786406993865967,0.024646341800689697,1.2979122400283813,2.8497157096862793,7.092454433441162,5.0009565353393555,5.339657306671143,DistributedCameraSourceMgr,7.092454433441162
distributed_camera\services\cameraservice\cameraoperator\client\src\listener\dcamera_photo_surface_listener.cpp,9.636707305908203,6.008460998535156,7.041542053222656,7.064750671386719,5.590329647064209,2.270493507385254,7.525516986846924,10.849987983703613,4.633745193481445,7.739411354064941,DistributedCameraSourceMgr,10.849987983703613
distributed_camera\services\data_process\src\pipeline_node\multimedia_codec\decode_video_callback.cpp,15.487220764160156,6.431405067443848,9.762619018554688,4.018786430358887,1.6868411302566528,0.1902545839548111,7.951928615570068,8.023791313171387,5.426527500152588,12.033709526062012,CameraDataPostProcess,15.487220764160156
distributed_camera\services\cameraservice\sourceservice\test\unittest\common\distributedcameramgr\mock_dcamera_source_dev.h,5.194191932678223,1.209546446800232,6.102321624755859,11.54786491394043,3.9892425537109375,1.2263906002044678,4.157765865325928,9.598179817199707,6.4414777755737305,6.498483657836914,CameraServiceCommon,11.54786491394043
distributed_camera\services\cameraservice\sinkservice\test\unittest\common\distributedcameramgr\mock_dcamera_sink_controller.h,6.548625469207764,3.5719797611236572,7.373757839202881,15.433070182800293,7.223683834075928,8.815564155578613,18.98824119567871,15.558908462524414,4.569643497467041,8.666894912719727,DistributedCameraSinkMgr,18.98824119567871
distributed_camera\services\cameraservice\sinkservice\src\distributedcameramgr\dcamera_sink_controller.cpp,17.880596160888672,7.68938684463501,12.784906387329102,23.271669387817383,18.2601375579834,13.78800106048584,29.357406616210938,22.40536117553711,8.360498428344727,12.127342224121094,DistributedCameraSinkMgr,29.357406616210938
