file_path,Apps,BBB web,FSESL,Presentation Conversion,Redis DB,Redis PubSub,best_module,best_likelihood
bbb-common-web/src/main/java/org/bigbluebutton/api/model/request/MeetingRunning.java,12.592696189880371,74.69125366210938,0.20431649684906006,0.0,1.8310341835021973,1.2710070610046387,BBB web,74.69125366210938
bbb-common-web/src/main/java/org/bigbluebutton/api/model/constraint/MeetingEndedConstraint.java,13.608154296875,74.7310562133789,1.630497694015503,0.0,1.8348647356033325,3.559296131134033,BBB web,74.7310562133789
bbb-common-web/src/main/java/org/bigbluebutton/presentation/messages/IDocConversionMsg.java,4.412805557250977,74.73766326904297,2.3218302726745605,86.73526763916016,0.0,5.717998027801514,Presentation Conversion,86.73526763916016
bbb-common-web/src/main/java/org/bigbluebutton/presentation/handlers/Png2SvgConversionHandler.java,5.06204891204834,74.73429870605469,0.0,86.59656524658203,0.0,1.0741300582885742,Presentation Conversion,86.59656524658203
bbb-common-web/src/main/java/org/bigbluebutton/web/services/IStorageService.java,6.058759689331055,74.78398132324219,0.0,0.0,1.8114013671875,1.0717295408248901,BBB web,74.78398132324219
bbb-common-web/src/main/java/org/bigbluebutton/api/model/validator/IsBooleanValidator.java,10.385931015014648,74.66185760498047,0.21286135911941528,0.0,0.0,1.2823410034179688,BBB web,74.66185760498047
bbb-common-web/src/main/java/org/bigbluebutton/api/LearningDashboardService.java,12.47601318359375,77.19393157958984,0.7787716388702393,0.7223783731460571,2.7593483924865723,1.832517147064209,BBB web,77.19393157958984
bbb-common-web/src/main/java/org/bigbluebutton/api/messaging/messages/UserStatusChanged.java,15.356268882751465,74.67572784423828,3.2427449226379395,0.0,1.8320963382720947,7.340209484100342,BBB web,74.67572784423828
bigbluebutton-web/test/groovy/org/bigbluebutton/api/ParamsProcessorUtilTest.java,15.196681022644043,38.92449188232422,0.3283906579017639,0.766662061214447,0.0,2.3888463973999023,BBB web,38.92449188232422
bbb-fsesl-client/src/main/java/org/freeswitch/esl/client/internal/HeaderParser.java,5.784738540649414,36.23134994506836,77.29773712158203,0.0,0.16595765948295593,5.657845497131348,FSESL,77.29773712158203
bbb-fsesl-client/src/main/java/org/freeswitch/esl/client/inbound/InboundClientHandler.java,14.880781173706055,37.41969299316406,80.16273498535156,0.8851559162139893,1.7179104089736938,12.065652847290039,FSESL,80.16273498535156
bbb-common-web/src/main/java/org/bigbluebutton/api/messaging/converters/messages/UnpublishedRecordingMessage.java,12.879887580871582,76.7474136352539,2.487187623977661,0.0,2.3271772861480713,5.827145099639893,BBB web,76.7474136352539
bbb-common-web/src/main/java/org/bigbluebutton/api/messaging/messages/PresentationUploadToken.java,15.356268882751465,74.67572784423828,3.2427449226379395,37.0,1.8320963382720947,7.340209484100342,BBB web,74.67572784423828
akka-bbb-apps/src/main/scala/org/bigbluebutton/core/util/jhotdraw/PathCommands.java,67.07775115966797,40.929893493652344,3.7523765563964844,0.0,0.0,2.6255815029144287,Apps,67.07775115966797
bbb-common-web/src/main/java/org/bigbluebutton/presentation/handlers/AddNamespaceToSvgHandler.java,5.06204891204834,74.73429870605469,0.0,86.59656524658203,0.0,1.0741300582885742,Presentation Conversion,86.59656524658203
bbb-common-web/src/main/java/org/bigbluebutton/api/domain/LockSettingsParams.java,10.13941764831543,74.63082122802734,0.2063877433538437,0.0,0.0,1.273754358291626,BBB web,74.63082122802734
bbb-common-web/src/main/java/org/bigbluebutton/api2/domain/PasswordProp2.java,15.093832015991211,74.70841979980469,0.3332282304763794,0.0,0.0,1.40574049949646,BBB web,74.70841979980469
akka-bbb-fsesl/src/main/java/org/bigbluebutton/freeswitch/voice/events/ConfRecording.java,22.316801071166992,37.38554382324219,80.43612670898438,0.0,3.192005157470703,7.316628932952881,FSESL,80.43612670898438
bbb-common-web/src/main/java/org/bigbluebutton/presentation/imp/OfficeDocumentValidator2.java,6.991020202636719,78.74739074707031,1.3730825185775757,79.02289581298828,1.4989302158355713,5.9884467124938965,Presentation Conversion,79.02289581298828
bbb-common-web/src/main/java/org/bigbluebutton/api/model/constraint/list/NotEmptyList.java,14.45869255065918,74.67011260986328,0.7857271432876587,0.0,0.0,1.8557559251785278,BBB web,74.67011260986328
bbb-common-web/src/main/java/org/bigbluebutton/api/messaging/messages/UserSharedWebcam.java,17.71000099182129,74.687255859375,3.2722628116607666,0.0,1.8370531797409058,7.397689342498779,BBB web,74.687255859375
bbb-common-web/src/main/java/org/bigbluebutton/api/messaging/messages/EndMeeting.java,15.734612464904785,74.71155548095703,3.333859443664551,0.0,1.8471462726593018,7.517669200897217,BBB web,74.71155548095703
bbb-common-web/src/main/java/org/bigbluebutton/presentation/GeneratedSlidesInfoHelper.java,2.6143572330474854,74.73429870605469,0.5236687660217285,86.59656524658203,0.0,1.5977988243103027,Presentation Conversion,86.59656524658203
akka-bbb-fsesl/src/main/java/org/bigbluebutton/freeswitch/voice/IVoiceConferenceService.java,12.946718215942383,41.451080322265625,70.36675262451172,0.0,0.0,10.569116592407227,FSESL,70.36675262451172
bbb-common-web/src/main/java/org/bigbluebutton/presentation/PageCounter.java,2.090688467025757,74.73429870605469,0.0,89.56166076660156,0.0,1.0741300582885742,Presentation Conversion,89.56166076660156
bbb-common-web/src/main/java/org/bigbluebutton/presentation/handlers/Pdf2PngPageConverterHandler.java,5.06204891204834,75.73429870605469,0.0,86.59656524658203,0.0,1.0741300582885742,Presentation Conversion,86.59656524658203
bbb-common-web/src/main/java/org/bigbluebutton/api/model/validator/UserSessionValidator.java,10.474637031555176,74.67290496826172,0.2151104211807251,0.0,0.0,1.285324215888977,BBB web,74.67290496826172
bbb-common-web/src/main/java/org/bigbluebutton/api/messaging/messages/GuestStatusChangedEventMsg.java,15.479523658752441,74.687255859375,3.2722628116607666,0.0,1.8370531797409058,7.397689342498779,BBB web,74.687255859375
bbb-fsesl-client/src/test/java/org/freeswitch/esl/client/inbound/ClientTest.java,14.137439727783203,38.69352340698242,65.44568634033203,1.426059603691101,2.022902727127075,10.91484546661377,FSESL,65.44568634033203
bbb-common-web/src/main/java/org/bigbluebutton/presentation/PageAnalyser.java,2.090688467025757,74.73429870605469,0.0,86.59656524658203,0.0,1.0741300582885742,Presentation Conversion,86.59656524658203
bbb-common-web/src/main/java/org/bigbluebutton/api/service/impl/RecordingServiceFileImpl.java,11.536128044128418,76.5063247680664,1.5059375762939453,57.69807434082031,42.64679718017578,43.19740295410156,BBB web,76.5063247680664
akka-bbb-apps/src/main/scala/org/bigbluebutton/core/util/jhotdraw/BezierPathIterator.java,49.710411071777344,38.90519332885742,2.4871625900268555,0.0,0.0,2.1821181774139404,Apps,49.710411071777344
bbb-common-web/src/main/java/org/bigbluebutton/api/model/constraint/MeetingExistsConstraint.java,14.19650650024414,74.74320983886719,2.1311545372009277,0.0,1.849281907081604,4.075525283813477,BBB web,74.74320983886719
akka-bbb-fsesl/src/main/java/org/bigbluebutton/freeswitch/voice/commands/GetUsersCommand.java,10.02829647064209,37.38881301879883,78.04275512695312,0.0,0.0,4.5818610191345215,FSESL,78.04275512695312
bbb-common-web/src/main/java/org/bigbluebutton/web/services/KeepAlivePing.java,2.0904037952423096,74.81107330322266,0.0,0.0,0.0,1.073923945426941,BBB web,74.81107330322266
bbb-common-web/src/main/java/org/bigbluebutton/web/services/KeepAlivePong.java,4.087128162384033,74.78162384033203,1.0,0.0,0.0,1.0715365409851074,BBB web,74.78162384033203
bbb-common-web/src/main/java/org/bigbluebutton/api/messaging/messages/PrivateGuestLobbyMessageChanged.java,16.686229705810547,74.687255859375,4.478970050811768,0.0,1.8370531797409058,9.811103820800781,BBB web,74.687255859375
bbb-common-message/src/main/java/org/bigbluebutton/common2/redis/Keys.java,13.667718887329102,37.380741119384766,4.690532684326172,0.0,142.99359130859375,150.33677673339844,Redis PubSub,150.33677673339844
bbb-common-web/src/main/java/org/bigbluebutton/web/services/KeepAliveService.java,15.908308982849121,75.74393463134766,7.649528980255127,0.7048534750938416,0.0,133.9136505126953,Redis PubSub,133.9136505126953
bbb-common-web/src/main/java/org/bigbluebutton/api/model/constraint/GuestPolicyConstraint.java,12.711691856384277,74.75548553466797,2.4082465171813965,0.0,0.0,4.36872673034668,BBB web,74.75548553466797
akka-bbb-apps/src/main/scala/org/bigbluebutton/core/util/jhotdraw/Shapes.java,63.840309143066406,40.23780059814453,3.334899425506592,0.0,0.0,2.482365369796753,Apps,63.840309143066406
bbb-common-web/src/main/java/org/bigbluebutton/api/model/request/JoinMeeting.java,12.600132942199707,74.51248931884766,0.9596378207206726,0.0,1.7106457948684692,3.8842971324920654,BBB web,74.51248931884766
bbb-common-web/src/main/java/org/bigbluebutton/presentation/MimeTypeUtils.java,12.341713905334473,84.87230682373047,0.19717372953891754,74.79228210449219,0.0,1.2536604404449463,BBB web,84.87230682373047
bbb-common-web/src/main/java/org/bigbluebutton/web/services/WaitingGuestCleanupTimerTask.java,3.9799129962921143,74.75743103027344,0.0,0.0,1.0,1.0694797039031982,BBB web,74.75743103027344
bbb-recording-imex/src/main/java/org/bigbluebutton/RecordingImportHandler.java,5.53416109085083,39.804080963134766,0.42002376914024353,0.7411068081855774,2.6341452598571777,2.998182773590088,BBB web,39.804080963134766
bbb-common-web/src/main/java/org/bigbluebutton/api/messaging/messages/LearningDashboard.java,15.479523658752441,74.687255859375,3.2722628116607666,0.0,1.8370531797409058,7.397689342498779,BBB web,74.687255859375
bbb-common-web/src/main/java/org/bigbluebutton/api/util/MeetingsResponse.java,12.767440795898438,74.70841979980469,0.22215214371681213,0.0,2.015045404434204,1.2946643829345703,BBB web,74.70841979980469
akka-bbb-fsesl/src/main/java/org/bigbluebutton/freeswitch/voice/freeswitch/actions/EjectUserCommand.java,9.983478546142578,37.37452697753906,76.60628509521484,0.0,0.0,4.634197235107422,FSESL,76.60628509521484
bbb-common-web/src/main/java/org/bigbluebutton/api/MeetingService.java,20.453285217285156,76.89739227294922,5.854900360107422,41.13673400878906,42.31415939331055,49.766910552978516,BBB web,76.89739227294922
akka-bbb-fsesl/src/main/java/org/bigbluebutton/freeswitch/voice/freeswitch/actions/FreeswitchCommand.java,10.841165542602539,37.37000274658203,76.11316680908203,0.0,0.0,4.6113996505737305,FSESL,76.11316680908203
bbb-common-web/src/main/java/org/bigbluebutton/presentation/imp/PageExtractorImp.java,4.651885986328125,75.6673355102539,0.0,83.72953033447266,0.0,1.0698448419570923,Presentation Conversion,83.72953033447266
bbb-common-web/src/main/java/org/bigbluebutton/api/HTML5LoadBalancingService.java,11.62663459777832,83.46397399902344,0.179146409034729,0.6817582845687866,0.0,8.871993064880371,BBB web,83.46397399902344
bbb-common-web/src/main/java/org/bigbluebutton/api/model/request/LearningDashboard.java,10.761662483215332,74.69125366210938,0.20431649684906006,0.0,0.0,1.2710070610046387,BBB web,74.69125366210938
bbb-common-web/src/main/java/org/bigbluebutton/presentation/FileTypeConstants.java,12.83606243133545,85.81822967529297,0.2063877433538437,82.07151794433594,0.0,1.273754358291626,BBB web,85.81822967529297
bbb-common-web/src/main/java/org/bigbluebutton/api/model/shared/JoinPassword.java,13.416701316833496,74.72437286376953,0.22522412240505219,0.0,2.139810562133789,1.2987390756607056,BBB web,74.72437286376953
akka-bbb-apps/src/main/scala/org/bigbluebutton/core/util/jhotdraw/Bezier.java,55.25653839111328,39.08291244506836,2.800025701522827,0.0,0.07680433988571167,3.0767431259155273,Apps,55.25653839111328
bbb-common-web/src/main/java/org/bigbluebutton/api/domain/Poll.java,14.781488418579102,75.21939849853516,0.19090536236763,0.0,3.540454149246216,1.253218412399292,BBB web,75.21939849853516
bbb-common-web/src/main/java/org/bigbluebutton/presentation/PageConverter.java,2.600752592086792,76.35770416259766,0.5114694237709045,89.04888916015625,0.0,1.5845800638198853,Presentation Conversion,89.04888916015625
bbb-common-web/src/main/java/org/bigbluebutton/presentation/messages/DocPageCompletedProgress.java,6.006160259246826,74.68345642089844,2.140092134475708,79.89717864990234,1.7888836860656738,5.344301223754883,Presentation Conversion,79.89717864990234
akka-bbb-fsesl/src/main/java/org/bigbluebutton/freeswitch/voice/events/VoiceCallStateEvent.java,22.437414169311523,37.35331344604492,76.76569366455078,0.0,3.0685360431671143,8.028364181518555,FSESL,76.76569366455078
akka-bbb-fsesl/src/main/java/org/bigbluebutton/freeswitch/voice/ConferenceServerListener.java,9.791646957397461,37.37000274658203,75.97482299804688,0.0,0.0,4.473057270050049,FSESL,75.97482299804688
bbb-common-web/src/main/java/org/bigbluebutton/api2/domain/RecordProp2.java,14.952381134033203,74.6961669921875,0.32963138818740845,0.0,1.7783923149108887,1.4013609886169434,BBB web,74.6961669921875
bbb-common-web/src/main/java/org/bigbluebutton/presentation/ConversionUpdateMessage.java,5.12787389755249,76.48495483398438,1.9399528503417969,129.322265625,0.0,5.252054214477539,Presentation Conversion,129.322265625
bbb-common-web/src/main/java/org/bigbluebutton/api/domain/RecordingMetadata.java,12.153286933898926,74.63578796386719,0.20743918418884277,0.0,0.0,1.2751489877700806,BBB web,74.63578796386719
bbb-fsesl-client/src/main/java/org/freeswitch/esl/client/internal/AbstractEslClientHandler.java,18.387779235839844,39.22602844238281,68.36679077148438,1.3590275049209595,0.8051045536994934,14.054529190063477,FSESL,68.36679077148438
bbb-common-web/src/main/java/org/bigbluebutton/api/model/request/RequestParameters.java,10.898222923278809,74.72764587402344,0.2258487492799759,0.0,0.0,1.2995675802230835,BBB web,74.72764587402344
bbb-common-web/src/main/java/org/bigbluebutton/api/model/validator/GetChecksumValidator.java,12.056783676147461,75.36186218261719,0.16465753316879272,0.9072341322898865,0.0,4.5836334228515625,BBB web,75.36186218261719
bbb-fsesl-client/src/main/java/org/freeswitch/esl/client/internal/debug/ExecutionHandler.java,9.413853645324707,36.251976013183594,80.82122039794922,0.0,0.0,8.91345500946045,FSESL,80.82122039794922
bbb-common-web/src/main/java/org/bigbluebutton/api/messaging/ReceivedMessageHandler.java,25.397720336914062,75.717529296875,9.619478225708008,1.8511772155761719,102.99681091308594,233.086669921875,Redis PubSub,233.086669921875
bbb-common-web/src/main/java/org/bigbluebutton/api/util/RecordingMetadataReaderHelper.java,11.942259788513184,74.62390899658203,1.4019722938537598,0.0,46.96319580078125,48.48482894897461,BBB web,74.62390899658203
bbb-common-web/src/main/java/org/bigbluebutton/presentation/PngCreator.java,2.6061201095581055,74.72437286376953,0.5162802934646606,86.18505859375,0.0,1.5897953510284424,Presentation Conversion,86.18505859375
bbb-common-web/src/main/java/org/bigbluebutton/presentation/imp/TextFileCreatorImp.java,7.310161590576172,80.38604736328125,1.7191290855407715,70.51470947265625,1.3569691181182861,3.282731533050537,BBB web,80.38604736328125
bbb-common-web/src/main/java/org/bigbluebutton/presentation/handlers/SvgConversionHandler.java,5.790707111358643,76.27363586425781,0.0,79.02289581298828,0.0,1.0617341995239258,Presentation Conversion,79.02289581298828
bbb-common-web/src/main/java/org/bigbluebutton/api/util/ParamsUtil.java,12.159913063049316,78.0318832397461,0.19090536236763,0.5581368207931519,1.6587977409362793,1.253218412399292,BBB web,78.0318832397461
bbb-common-web/src/main/java/org/bigbluebutton/presentation/imp/PresentationFileProcessor.java,9.28296184539795,78.57405853271484,1.420529842376709,151.33547973632812,1.3861956596374512,12.07021713256836,Presentation Conversion,151.33547973632812
bbb-common-web/src/main/java/org/bigbluebutton/api/messaging/messages/PositionInWaitingQueueUpdated.java,15.510773658752441,74.69020080566406,3.2797720432281494,0.0,1.838301658630371,7.412313461303711,BBB web,74.69020080566406
bbb-common-web/src/main/java/org/bigbluebutton/api/messaging/messages/UserJoined.java,17.902252197265625,74.62150573730469,5.250622749328613,0.0,1.8070068359375,10.213205337524414,BBB web,74.62150573730469
bbb-fsesl-client/src/main/java/org/freeswitch/esl/client/outbound/AbstractOutboundClientHandler.java,13.086457252502441,37.08437728881836,84.8824462890625,1.6999566555023193,1.2166109085083008,15.604519844055176,FSESL,84.8824462890625
bbb-fsesl-client/src/main/java/org/freeswitch/esl/client/manager/internal/ManagerConnectionImpl.java,14.436877250671387,36.77274703979492,81.3536148071289,0.5350120663642883,1.6501586437225342,10.569501876831055,FSESL,81.3536148071289
bbb-common-web/src/main/java/org/bigbluebutton/api/util/ResponseBuilder.java,13.000578880310059,80.39448547363281,0.7450263500213623,0.5268498063087463,2.9174530506134033,7.475598335266113,BBB web,80.39448547363281
bbb-common-web/src/main/java/org/bigbluebutton/api/messaging/messages/IMessage.java,14.22333812713623,74.73095703125,3.526813507080078,0.0,0.0,7.901074409484863,BBB web,74.73095703125
akka-bbb-fsesl/src/main/java/org/bigbluebutton/freeswitch/voice/freeswitch/actions/DelayedCommand.java,9.634268760681152,38.76631546020508,73.40348052978516,0.0,0.0,4.484214782714844,FSESL,73.40348052978516
akka-bbb-fsesl/src/main/java/org/bigbluebutton/freeswitch/voice/freeswitch/DelayedCommandSenderService.java,11.949310302734375,38.61082458496094,69.94227600097656,1.731168508529663,0.12198056280612946,9.101265907287598,FSESL,69.94227600097656
bbb-common-web/src/main/java/org/bigbluebutton/api/service/ServiceUtils.java,21.006418228149414,78.08158111572266,0.18568196892738342,0.8416138887405396,3.012498378753662,3.421217203140259,BBB web,78.08158111572266
bbb-common-web/src/main/java/org/bigbluebutton/api/model/request/GetJoinUrl.java,10.761662483215332,74.69125366210938,0.20431649684906006,0.0,0.0,1.2710070610046387,BBB web,74.69125366210938
bbb-common-web/src/main/java/org/bigbluebutton/api2/domain/WelcomeProp2.java,14.952381134033203,74.6961669921875,0.32963138818740845,0.0,0.0,1.4013609886169434,BBB web,74.6961669921875
bbb-common-web/src/main/java/org/bigbluebutton/presentation/messages/DocPageCountExceeded.java,6.006160259246826,74.68345642089844,2.140092134475708,79.89717864990234,1.7888836860656738,5.344301223754883,Presentation Conversion,79.89717864990234
bbb-common-web/src/main/java/org/bigbluebutton/presentation/imp/PresentationConversionCompletionService.java,12.384017944335938,75.80819702148438,3.3616583347320557,181.0824432373047,1.5179502964019775,12.841105461120605,Presentation Conversion,181.0824432373047
bbb-fsesl-client/src/main/java/org/freeswitch/esl/client/IEslEventListener.java,13.709074020385742,36.25535202026367,84.53620910644531,0.0,2.0208451747894287,9.433904647827148,FSESL,84.53620910644531
bbb-fsesl-client/src/main/java/org/freeswitch/esl/client/internal/IEslProtocolListener.java,13.93499755859375,36.31200408935547,92.39469146728516,0.0,1.464752435684204,9.28309440612793,FSESL,92.39469146728516
bbb-common-web/src/main/java/org/bigbluebutton/presentation/UploadedPresentation.java,3.8578953742980957,74.48684692382812,0.0,111.79228210449219,1.7906162738800049,2.0564866065979004,Presentation Conversion,111.79228210449219
bbb-common-web/src/main/java/org/bigbluebutton/api/messaging/converters/messages/PublishedRecordingMessage.java,12.879887580871582,76.7474136352539,2.487187623977661,0.0,2.3271772861480713,5.827145099639893,BBB web,76.7474136352539
bbb-common-web/src/main/java/org/bigbluebutton/api2/RecordingServiceGW.java,16.83299446105957,74.6673355102539,1.4361369609832764,0.0,43.31109619140625,44.882328033447266,BBB web,74.6673355102539
bbb-common-web/src/main/java/org/bigbluebutton/api/messaging/converters/messages/DeletedRecordingMessage.java,12.879887580871582,76.7474136352539,2.487187623977661,0.0,2.3271772861480713,5.827145099639893,BBB web,76.7474136352539
bbb-common-web/src/main/java/org/bigbluebutton/api/util/MeetingResponseDetail.java,12.8792085647583,74.6961669921875,0.21975421905517578,0.0,2.221402168273926,1.291483759880066,BBB web,74.6961669921875
akka-bbb-fsesl/src/main/java/org/bigbluebutton/freeswitch/voice/freeswitch/actions/CheckIfConfIsRunningCommand.java,15.051614761352539,39.48518753051758,63.40690231323242,1.8178107738494873,0.0,7.513576030731201,FSESL,63.40690231323242
akka-bbb-fsesl/src/main/java/org/bigbluebutton/freeswitch/voice/events/AudioFloorChangedEvent.java,21.901241302490234,37.37000274658203,78.6821060180664,0.0,3.134103775024414,7.18034029006958,FSESL,78.6821060180664
bbb-common-web/src/main/java/org/bigbluebutton/presentation/ThumbnailCreator.java,2.6061201095581055,74.72437286376953,0.5162802934646606,86.18505859375,0.0,1.5897953510284424,Presentation Conversion,86.18505859375
akka-bbb-fsesl/src/main/java/org/bigbluebutton/freeswitch/voice/freeswitch/IDelayedCommandListener.java,10.231283187866211,37.395530700683594,78.90190887451172,0.0,0.0,4.739040374755859,FSESL,78.90190887451172
bbb-common-web/src/main/java/org/bigbluebutton/api/messaging/messages/UserRoleChanged.java,15.479523658752441,74.68766021728516,3.2722628116607666,0.0,1.8370531797409058,7.397689342498779,BBB web,74.68766021728516
bbb-common-web/src/main/java/org/bigbluebutton/web/services/callback/MeetingEndedEvent.java,3.8337700366973877,75.40281677246094,0.0,0.0,1.7423272132873535,1.070213794708252,BBB web,75.40281677246094
akka-bbb-fsesl/src/main/java/org/bigbluebutton/freeswitch/voice/commands/ConferenceCommandResult.java,10.869023323059082,37.36127853393555,76.20655059814453,0.0,0.0,6.7967305183410645,FSESL,76.20655059814453
bbb-common-web/src/main/java/org/bigbluebutton/api/domain/UserSession.java,12.467325210571289,74.55381774902344,0.18913188576698303,2.106980800628662,3.1078691482543945,2.250866174697876,BBB web,74.55381774902344
akka-bbb-fsesl/src/main/java/org/bigbluebutton/freeswitch/voice/events/VoiceUserLeftEvent.java,22.316801071166992,37.38554382324219,80.43612670898438,0.0,3.192005157470703,7.316628932952881,FSESL,80.43612670898438
bbb-common-message/src/main/java/org/bigbluebutton/common2/redis/RedisAwareCommunicator.java,23.518552780151367,40.00904083251953,7.864736557006836,1.5930588245391846,148.36019897460938,159.86056518554688,Redis PubSub,159.86056518554688
bbb-common-web/src/main/java/org/bigbluebutton/api/model/shared/Password.java,19.77773094177246,74.66487884521484,1.0841859579086304,0.0,4.721373558044434,5.032963275909424,BBB web,74.66487884521484
bbb-common-web/src/main/java/org/bigbluebutton/api/service/impl/XmlServiceImpl.java,9.956632614135742,80.19149780273438,1.1630585193634033,0.18720018863677979,2.15523624420166,3.576906442642212,BBB web,80.19149780273438
bbb-common-web/src/main/java/org/bigbluebutton/api/model/constraint/PasswordConstraint.java,12.04686450958252,74.76193237304688,1.6990300416946411,0.0,0.0,3.6677751541137695,BBB web,74.76193237304688
akka-bbb-fsesl/src/main/java/org/bigbluebutton/freeswitch/voice/commands/EjectUserCommand.java,9.8873872756958,37.37760925292969,76.80980682373047,0.0,0.0,4.51718807220459,FSESL,76.80980682373047
bbb-common-web/src/main/java/org/bigbluebutton/api/model/request/InsertDocument.java,12.592696189880371,74.69125366210938,0.20431649684906006,0.0,1.8310341835021973,1.2710070610046387,BBB web,74.69125366210938
bbb-common-web/src/main/java/org/bigbluebutton/api/model/entity/Thumbnail.java,9.958815574645996,74.38552856445312,1.0634121894836426,0.0,0.1476072520017624,2.110999822616577,BBB web,74.38552856445312
bbb-common-web/src/main/java/org/bigbluebutton/presentation/messages/PageConvertProgressMessage.java,6.169492244720459,74.67572784423828,2.2518138885498047,84.10081481933594,1.8320963382720947,5.574027061462402,Presentation Conversion,84.10081481933594
bbb-common-web/src/main/java/org/bigbluebutton/api/util/HTML5ProcessLine.java,10.130620002746582,81.38160705566406,0.2063877433538437,0.0,0.0,1.273754358291626,BBB web,81.38160705566406
bbb-common-web/src/main/java/org/bigbluebutton/api/model/entity/Metadata.java,11.112813949584961,74.55806732177734,1.2521932125091553,0.0,0.14833025634288788,2.305938720703125,BBB web,74.55806732177734
bbb-common-web/src/main/java/org/bigbluebutton/api/domain/BreakoutRoomsParams.java,10.395004272460938,74.66185760498047,0.21286135911941528,0.0,1.7470306158065796,1.2823410034179688,BBB web,74.66185760498047
bbb-common-web/src/main/java/org/bigbluebutton/presentation/imp/PresentationToConvert.java,3.23661208152771,74.69316864013672,0.6706666946411133,84.86137390136719,0.0,1.7422032356262207,Presentation Conversion,84.86137390136719
bbb-common-web/src/main/java/org/bigbluebutton/api/messaging/messages/RecordChapterBreak.java,15.605603218078613,74.69918823242188,3.302621364593506,0.0,1.842069387435913,7.456817626953125,BBB web,74.69918823242188
bbb-common-message/src/main/java/org/bigbluebutton/common2/redis/pubsub/ReceivedMessage.java,14.722278594970703,37.37452697753906,8.885149002075195,0.0,138.78843688964844,305.7217712402344,Redis PubSub,305.7217712402344
bbb-common-web/src/main/java/org/bigbluebutton/web/services/callback/DelayCallback.java,9.972455978393555,76.13348388671875,3.027017593383789,0.0,1.6216139793395996,4.093708038330078,BBB web,76.13348388671875
bbb-common-web/src/main/java/org/bigbluebutton/api/messaging/messages/UserUnsharedWebcam.java,17.71000099182129,74.687255859375,3.2722628116607666,0.0,1.8370531797409058,7.397689342498779,BBB web,74.687255859375
bbb-fsesl-client/src/main/java/org/freeswitch/esl/client/internal/debug/ChannelEventRunnable.java,7.386964797973633,36.91860580444336,85.1546859741211,0.6360280513763428,0.0,7.176729202270508,FSESL,85.1546859741211
bbb-common-web/src/main/java/org/bigbluebutton/api/model/entity/CallbackData.java,12.016114234924316,75.40066528320312,1.1050103902816772,0.0,1.9468663930892944,2.154001235961914,BBB web,75.40066528320312
bbb-common-web/src/main/java/org/bigbluebutton/api/model/validator/PatternValidator.java,10.385931015014648,74.66185760498047,0.21286135911941528,0.0,0.0,1.2823410034179688,BBB web,74.66185760498047
bbb-common-web/src/main/java/org/bigbluebutton/api/messaging/messages/GuestLobbyMessageChanged.java,16.819541931152344,74.69918823242188,4.516559600830078,0.0,1.842069387435913,9.88469409942627,BBB web,74.69918823242188
bbb-common-web/src/main/java/org/bigbluebutton/presentation/Page.java,2.0898396968841553,74.72437286376953,0.0,86.18505859375,0.0,1.0735149383544922,Presentation Conversion,86.18505859375
bbb-common-web/src/main/java/org/bigbluebutton/presentation/messages/DocPageGeneratedProgress.java,5.974221229553223,74.66592407226562,2.1185085773468018,79.08506774902344,1.7801240682601929,5.299920082092285,Presentation Conversion,79.08506774902344
bbb-common-web/src/main/java/org/bigbluebutton/api/service/ValidationService.java,10.116137504577637,75.0537109375,1.1414248943328857,0.2327953577041626,1.0,3.5719921588897705,BBB web,75.0537109375
bbb-common-web/src/main/java/org/bigbluebutton/api/messaging/messages/KeepAliveReply.java,15.642470359802246,74.687255859375,4.2722625732421875,0.0,0.0,7.397689342498779,BBB web,74.687255859375
akka-bbb-fsesl/src/main/java/org/bigbluebutton/freeswitch/voice/events/VoiceUserJoinedEvent.java,22.647159576416016,37.34247970581055,77.0886001586914,0.0,3.027017593383789,8.433279037475586,FSESL,77.0886001586914
akka-bbb-fsesl/src/main/java/org/bigbluebutton/freeswitch/voice/freeswitch/actions/TransferUserToMeetingCommand.java,12.979862213134766,37.35846710205078,74.85859680175781,0.0,0.0,4.552928447723389,FSESL,74.85859680175781
bbb-common-web/src/main/java/org/bigbluebutton/api2/domain/VoiceProp2.java,14.952381134033203,74.6961669921875,0.32963138818740845,0.0,0.0,1.4013609886169434,BBB web,74.6961669921875
bbb-common-web/src/main/java/org/bigbluebutton/api/model/request/CreateMeeting.java,12.808341026306152,74.46455383300781,0.9816498756408691,0.0,3.370598554611206,3.9655027389526367,BBB web,74.46455383300781
bbb-common-web/src/main/java/org/bigbluebutton/api/model/shared/Checksum.java,18.97520637512207,75.73433685302734,1.2050600051879883,0.0,1.8844361305236816,5.5323805809021,BBB web,75.73433685302734
bbb-common-web/src/main/java/org/bigbluebutton/api/domain/Playback.java,9.67227840423584,74.57682800292969,0.19455403089523315,0.0,0.0,2.2580580711364746,BBB web,74.57682800292969
bbb-common-web/src/main/java/org/bigbluebutton/api/domain/Image.java,10.265233993530273,74.64595794677734,0.20957455039024353,0.0,0.0,1.2779814004898071,BBB web,74.64595794677734
bbb-common-web/src/main/java/org/bigbluebutton/api/messaging/messages/StunTurnInfoRequested.java,15.605603218078613,74.69918823242188,3.302621364593506,0.0,1.842069387435913,7.456817626953125,BBB web,74.69918823242188
akka-bbb-fsesl/src/main/java/org/bigbluebutton/freeswitch/voice/freeswitch/response/ConferenceMemberFlags.java,9.947675704956055,37.371498107910156,76.276123046875,0.0,0.0,4.61894416809082,FSESL,76.276123046875
bbb-common-web/src/main/java/org/bigbluebutton/api/domain/MeetingLayout.java,11.834253311157227,74.71790313720703,0.2239851951599121,0.0,1.0,1.297095775604248,BBB web,74.71790313720703
bbb-common-web/src/main/java/org/bigbluebutton/presentation/DocumentConversionService.java,3.69315505027771,75.71790313720703,0.6038717031478882,85.91449737548828,0.0,2.6769824028015137,Presentation Conversion,85.91449737548828
akka-bbb-fsesl/src/main/java/org/bigbluebutton/freeswitch/voice/events/VoiceConfRunningEvent.java,22.316801071166992,43.16627883911133,80.43612670898438,0.0,3.192005157470703,13.097362518310547,FSESL,80.43612670898438
bbb-common-message/src/main/java/org/bigbluebutton/common2/redis/pubsub/MessageSender.java,24.146289825439453,38.4394416809082,11.355189323425293,1.4546327590942383,139.77638244628906,298.850341796875,Redis PubSub,298.850341796875
bbb-common-web/src/main/java/org/bigbluebutton/api/domain/Group.java,10.265233993530273,79.79785919189453,0.20957455039024353,0.0,0.0,1.2779814004898071,BBB web,79.79785919189453
bbb-common-web/src/main/java/org/bigbluebutton/api/domain/RegisteredUser.java,9.898942947387695,74.60260009765625,0.20029625296592712,0.0,0.0,1.2656745910644531,BBB web,74.60260009765625
bbb-common-web/src/main/java/org/bigbluebutton/api/domain/Extension.java,11.399197578430176,74.66185760498047,0.21286135911941528,0.0,0.0,1.2823410034179688,BBB web,74.66185760498047
bbb-common-web/src/main/java/org/bigbluebutton/presentation/imp/ExternalProcessExecutor.java,4.521731376647949,76.9672622680664,0.0,78.25636291503906,0.14263181388378143,4.800107955932617,Presentation Conversion,78.25636291503906
bbb-common-web/src/main/java/org/bigbluebutton/presentation/imp/SlidesGenerationProgressNotifier.java,5.656875133514404,74.73665618896484,0.8698824644088745,102.89258575439453,1.2966740131378174,8.420685768127441,Presentation Conversion,102.89258575439453
bbb-fsesl-client/src/main/java/org/freeswitch/esl/client/outbound/example/SimpleHangupPipelineFactory.java,4.525298595428467,36.31630325317383,90.20182037353516,0.0,0.0,6.491176128387451,FSESL,90.20182037353516
bbb-common-web/src/main/java/org/bigbluebutton/api/model/validator/GuestPolicyValidator.java,12.818044662475586,74.65117645263672,0.21065881848335266,2.497112989425659,1.0,1.2794195413589478,BBB web,74.65117645263672
bbb-fsesl-client/src/main/java/org/freeswitch/esl/client/inbound/InboundPipelineFactory.java,7.841017723083496,36.280277252197266,84.80728912353516,0.0,0.0,8.739109992980957,FSESL,84.80728912353516
akka-bbb-fsesl/src/main/java/org/bigbluebutton/freeswitch/voice/freeswitch/actions/ForceEjectUserCommand.java,13.066420555114746,38.09511947631836,74.6403579711914,1.6644442081451416,0.0,6.99982213973999,FSESL,74.6403579711914
bbb-common-web/src/main/java/org/bigbluebutton/web/services/turn/TurnEntry.java,2.0858356952667236,74.77007293701172,0.0,0.0,0.0,1.0705866813659668,BBB web,74.77007293701172
bbb-common-web/src/main/java/org/bigbluebutton/api/model/request/EndMeeting.java,11.903372764587402,74.63451385498047,0.18913188576698303,0.0,1.8214287757873535,1.2508660554885864,BBB web,74.63451385498047
bbb-common-web/src/main/java/org/bigbluebutton/presentation/imp/CountingPageException.java,2.537946939468384,74.64083099365234,0.0,82.53311157226562,0.0,1.068056583404541,Presentation Conversion,82.53311157226562
bbb-common-message/src/main/java/org/bigbluebutton/common2/redis/pubsub/MessageReceiver.java,23.359445571899414,38.14851760864258,10.57379150390625,1.8881179094314575,130.12254333496094,279.30126953125,Redis PubSub,279.30126953125
bbb-common-web/src/main/java/org/bigbluebutton/api/messaging/messages/MeetingStarted.java,15.734612464904785,74.71155548095703,3.333859443664551,0.0,1.8471462726593018,7.517669200897217,BBB web,74.71155548095703
akka-bbb-fsesl/src/main/java/org/bigbluebutton/freeswitch/voice/freeswitch/actions/BroadcastConferenceCommand.java,12.891765594482422,37.352970123291016,75.26221466064453,0.0,1.7745081186294556,5.524886131286621,FSESL,75.26221466064453
bbb-common-web/src/main/java/org/bigbluebutton/api/messaging/messages/MeetingEnded.java,15.734612464904785,74.71155548095703,3.333859443664551,0.0,1.8471462726593018,7.517669200897217,BBB web,74.71155548095703
bbb-common-web/src/main/java/org/bigbluebutton/presentation/imp/ImageResizerImp.java,5.652556419372559,76.69379425048828,0.6197971701622009,118.0699234008789,0.0,9.997925758361816,Presentation Conversion,118.0699234008789
bbb-fsesl-client/src/main/java/org/freeswitch/esl/client/transport/message/EslFrameDecoder.java,6.881218910217285,37.40254211425781,70.74168395996094,0.7585339546203613,0.14614689350128174,9.107294082641602,FSESL,70.74168395996094
akka-bbb-fsesl/src/main/java/org/bigbluebutton/freeswitch/voice/events/VoiceUserMutedEvent.java,22.10552215576172,37.37760925292969,79.5399398803711,0.0,3.1626670360565186,7.247321605682373,FSESL,79.5399398803711
bbb-recording-imex/src/main/java/org/bigbluebutton/RecordingExportHandler.java,2.945108652114868,44.328250885009766,0.44664981961250305,0.0,1.6539753675460815,1.4942374229431152,BBB web,44.328250885009766
bbb-common-web/src/main/java/org/bigbluebutton/api/model/constraint/list/PatternList.java,14.45869255065918,74.67011260986328,0.7857271432876587,0.0,0.0,1.8557559251785278,BBB web,74.67011260986328
bbb-common-web/src/main/java/org/bigbluebutton/api/messaging/MessagingService.java,13.376379013061523,74.6961669921875,0.21975421905517578,0.0,1.7583526372909546,1.291483759880066,BBB web,74.6961669921875
bbb-common-web/src/main/java/org/bigbluebutton/web/services/turn/StunTurnService.java,3.2870559692382812,75.94886016845703,0.44037488102912903,0.7403934597969055,0.0,1.5038789510726929,BBB web,75.94886016845703
bbb-common-web/src/main/java/org/bigbluebutton/api/model/validator/PasswordValidator.java,14.446273803710938,75.39893341064453,3.9836153984069824,0.7775453329086304,0.0,8.829605102539062,BBB web,75.39893341064453
bbb-common-web/src/main/java/org/bigbluebutton/presentation/messages/UploadFileTooLargeMessage.java,6.108954429626465,74.74254608154297,2.210148334503174,82.53311157226562,1.816384196281433,5.4883527755737305,Presentation Conversion,82.53311157226562
akka-bbb-fsesl/src/main/java/org/bigbluebutton/freeswitch/voice/events/VoiceUsersStatusEvent.java,21.86119270324707,37.3685188293457,78.51493072509766,0.0,3.128481388092041,7.16721248626709,FSESL,78.51493072509766
bbb-common-web/src/main/java/org/bigbluebutton/presentation/imp/BigPdfException.java,2.900299549102783,79.07852172851562,0.0,82.30113220214844,0.0,1.0677098035812378,Presentation Conversion,82.30113220214844
bbb-common-web/src/main/java/org/bigbluebutton/api/model/constraint/Pattern.java,14.11086654663086,74.65106964111328,1.454943060874939,1.2373952865600586,0.0,3.281648635864258,BBB web,74.65106964111328
bbb-common-web/src/main/java/org/bigbluebutton/api/messaging/MessageListener.java,16.198057174682617,74.72764587402344,2.020547389984131,0.0,0.0,4.888964653015137,BBB web,74.72764587402344
bbb-common-web/src/main/java/org/bigbluebutton/api/model/constraint/MeetingNameConstraint.java,21.833723068237305,75.15660095214844,5.613887786865234,0.0,2.1233577728271484,13.893193244934082,BBB web,75.15660095214844
bbb-common-web/src/main/java/org/bigbluebutton/presentation/imp/PngCreatorImp.java,10.241483688354492,81.41862487792969,1.5767724514007568,63.586238861083984,1.2613576650619507,8.418957710266113,BBB web,81.41862487792969
bbb-common-web/src/main/java/org/bigbluebutton/presentation/SvgImageCreator.java,2.6088407039642334,75.72764587402344,0.5187198519706726,86.32147216796875,0.0,1.5924386978149414,Presentation Conversion,86.32147216796875
bbb-common-web/src/main/java/org/bigbluebutton/api/model/request/SimpleRequest.java,11.172739028930664,74.66529083251953,0.21341919898986816,0.0,0.0,1.2830809354782104,BBB web,74.66529083251953
bbb-common-web/src/main/java/org/bigbluebutton/api2/domain/Meeting2.java,15.964021682739258,74.56085205078125,0.2863580882549286,0.0,1.8789395093917847,1.3486711978912354,BBB web,74.56085205078125
bbb-common-web/src/main/java/org/bigbluebutton/presentation/messages/PresentationConvertMessage.java,5.043473720550537,74.71155548095703,2.954739570617676,85.64689636230469,0.0,6.320354461669922,Presentation Conversion,85.64689636230469
bbb-common-web/src/main/java/org/bigbluebutton/api/domain/CaptionTrack.java,11.951051712036133,74.68433380126953,0.21740752458572388,0.0,0.0,1.2883710861206055,BBB web,74.68433380126953
bbb-recording-imex/src/test/java/org/bigbluebutton/RecordingImportHandlerTest.java,5.129830360412598,38.49260711669922,0.279725044965744,0.0,1.277949333190918,1.3444664478302002,BBB web,38.49260711669922
bbb-common-web/src/main/java/org/bigbluebutton/api/messaging/messages/UserListeningOnly.java,15.479523658752441,74.687255859375,3.2722628116607666,0.0,1.8370531797409058,7.397689342498779,BBB web,74.687255859375
bbb-common-web/src/main/java/org/bigbluebutton/presentation/handlers/Office2PdfConverterHandler.java,5.06204891204834,74.73429870605469,0.0,86.59656524658203,0.0,1.0741300582885742,Presentation Conversion,86.59656524658203
bbb-common-web/src/main/java/org/bigbluebutton/api/messaging/messages/RegisterUser.java,14.435463905334473,74.59413146972656,3.0270111560821533,0.0,1.7933378219604492,6.920418739318848,BBB web,74.59413146972656
bbb-common-web/src/main/java/org/bigbluebutton/web/services/turn/TurnServer.java,2.0791268348693848,74.73334503173828,0.0,0.0,0.0,1.060608148574829,BBB web,74.73334503173828
akka-bbb-fsesl/src/main/java/org/bigbluebutton/freeswitch/voice/freeswitch/actions/RecordConferenceCommand.java,12.891765594482422,37.352970123291016,75.26221466064453,0.0,1.7745081186294556,5.524886131286621,FSESL,75.26221466064453
akka-bbb-fsesl/src/main/java/org/bigbluebutton/freeswitch/voice/freeswitch/actions/MuteUserCommand.java,10.914915084838867,37.36127853393555,75.16431427001953,0.0,0.0,4.5672407150268555,FSESL,75.16431427001953
bbb-common-web/src/main/java/org/bigbluebutton/api/util/DataStore.java,10.647019386291504,75.7896728515625,0.09269054234027863,0.8768324851989746,3.0015945434570312,1.1229455471038818,BBB web,75.7896728515625
bbb-common-web/src/main/java/org/bigbluebutton/presentation/imp/ImageSlidesGenerationService.java,6.255585193634033,78.63919830322266,0.6911683082580566,160.20562744140625,0.0,7.073465347290039,Presentation Conversion,160.20562744140625
bbb-common-web/src/main/java/org/bigbluebutton/presentation/imp/PdfSlidesGenerationService.java,5.6706223487854,77.04754638671875,0.0,81.8442153930664,0.0,5.271167278289795,Presentation Conversion,81.8442153930664
bbb-common-web/src/main/java/org/bigbluebutton/presentation/messages/PdfConversionInvalid.java,6.02254581451416,75.69259643554688,2.1511993408203125,80.31510162353516,1.7933378219604492,5.367140293121338,Presentation Conversion,80.31510162353516
bbb-common-message/src/main/java/org/bigbluebutton/common2/redis/pubsub/MessageDistributor.java,18.708955764770508,37.43586730957031,8.970930099487305,0.0,136.40634155273438,300.3501892089844,Redis PubSub,300.3501892089844
bbb-common-web/src/main/java/org/bigbluebutton/web/services/callback/ICallbackEvent.java,2.090120792388916,74.80851745605469,0.0,0.0,0.0,1.0737189054489136,BBB web,74.80851745605469
bbb-common-web/src/main/java/org/bigbluebutton/presentation/messages/DocPageConversionStarted.java,6.08221435546875,74.62593078613281,2.1918392181396484,81.8442153930664,1.809330940246582,5.450705528259277,Presentation Conversion,81.8442153930664
akka-bbb-fsesl/src/main/java/org/bigbluebutton/freeswitch/voice/commands/MuteUserCommand.java,9.791646957397461,37.37000274658203,75.97482299804688,0.0,0.0,4.473057270050049,FSESL,75.97482299804688
bbb-common-web/src/main/java/org/bigbluebutton/api/domain/MeetingInfo.java,15.613032341003418,74.64595794677734,0.20957455039024353,0.0,1.0,1.2779814004898071,BBB web,74.64595794677734
bbb-fsesl-client/src/main/java/org/freeswitch/esl/client/inbound/InboundConnectionFailure.java,5.711463928222656,36.31200408935547,90.7776870727539,0.0,0.0,8.880030632019043,FSESL,90.7776870727539
bbb-common-web/src/main/java/org/bigbluebutton/api/model/constraint/UserSessionConstraint.java,15.268027305603027,74.74752044677734,1.8242703676223755,0.0,0.0,5.929620742797852,BBB web,74.74752044677734
bbb-fsesl-client/src/main/java/org/freeswitch/esl/client/transport/message/EslMessage.java,5.757778167724609,37.59455871582031,78.20494079589844,0.5206314921379089,0.15675222873687744,7.472241401672363,FSESL,78.20494079589844
akka-bbb-fsesl/src/main/java/org/bigbluebutton/freeswitch/voice/events/VoiceUserTalkingEvent.java,22.10552215576172,37.37760925292969,79.5399398803711,0.0,3.1626670360565186,7.247321605682373,FSESL,79.5399398803711
bbb-common-web/src/main/java/org/bigbluebutton/presentation/imp/PageCounterService.java,3.147247076034546,75.10340118408203,0.6538179516792297,78.85334777832031,0.0,1.7155520915985107,Presentation Conversion,78.85334777832031
akka-bbb-fsesl/src/main/java/org/bigbluebutton/freeswitch/voice/events/VoiceStartRecordingEvent.java,21.821407318115234,37.36704635620117,78.34916687011719,0.0,4.8750691413879395,7.154171466827393,FSESL,78.34916687011719
bbb-common-web/src/main/java/org/bigbluebutton/presentation/ConversionMessageConstants.java,2.079713821411133,75.6117172241211,0.0,118.17585754394531,0.0,2.066027879714966,Presentation Conversion,118.17585754394531
bbb-common-web/src/main/java/org/bigbluebutton/api/messaging/messages/UserJoinedVoice.java,15.479523658752441,74.687255859375,3.2722628116607666,0.0,1.8370531797409058,7.397689342498779,BBB web,74.687255859375
bbb-common-message/src/main/java/org/bigbluebutton/common2/redis/pubsub/MessageHandler.java,15.885636329650879,37.393829345703125,8.954514503479004,0.0,142.14801025390625,312.18572998046875,Redis PubSub,312.18572998046875
akka-bbb-fsesl/src/main/java/org/bigbluebutton/freeswitch/voice/freeswitch/ESLEventListener.java,26.27593421936035,44.70772171020508,49.69322204589844,0.65525883436203,1.897646188735962,13.856703758239746,FSESL,49.69322204589844
bbb-common-web/src/main/java/org/bigbluebutton/api/model/validator/NotEmptyValidator.java,10.588196754455566,74.687255859375,0.2179894894361496,0.0,0.0,1.2891430854797363,BBB web,74.687255859375
bbb-common-web/src/main/java/org/bigbluebutton/api/RecordingServiceHelper.java,11.239180564880371,75.27991485595703,0.2239851951599121,0.0,0.0,1.297095775604248,BBB web,75.27991485595703
akka-bbb-fsesl/src/main/java/org/bigbluebutton/freeswitch/voice/freeswitch/actions/ConferenceCheckRecordCommand.java,12.232821464538574,43.57415008544922,64.56735229492188,0.7223783731460571,0.0,8.396105766296387,FSESL,64.56735229492188
bbb-common-web/src/main/java/org/bigbluebutton/presentation/PageExtractor.java,2.0898396968841553,74.72437286376953,0.0,86.18505859375,0.0,1.0735149383544922,Presentation Conversion,86.18505859375
akka-bbb-fsesl/src/main/java/org/bigbluebutton/freeswitch/voice/events/VoiceConfRunningAndRecordingEvent.java,21.86119270324707,41.41876983642578,78.51493072509766,0.0,3.128481388092041,11.217463493347168,FSESL,78.51493072509766
akka-bbb-fsesl/src/main/java/org/bigbluebutton/freeswitch/voice/events/ConfMember.java,23.074766159057617,37.35569763183594,78.63450622558594,0.0,3.0791826248168945,8.615385055541992,FSESL,78.63450622558594
bbb-common-web/src/main/java/org/bigbluebutton/api/messaging/messages/UserLeftVoice.java,15.605603218078613,74.69918823242188,3.302621364593506,0.0,1.842069387435913,7.456817626953125,BBB web,74.69918823242188
bbb-common-web/src/main/java/org/bigbluebutton/api/model/constraint/NotEmpty.java,15.051226615905762,74.71328735351562,1.7213869094848633,0.0,0.0,3.627776861190796,BBB web,74.71328735351562
akka-bbb-fsesl/src/main/java/org/bigbluebutton/freeswitch/voice/freeswitch/actions/DeafUserCommand.java,10.914915084838867,37.36127853393555,75.16431427001953,0.0,0.0,4.5672407150268555,FSESL,75.16431427001953
bbb-common-web/src/main/java/org/bigbluebutton/api/model/constraint/list/NotNullList.java,14.45869255065918,74.67011260986328,0.7857271432876587,0.0,0.0,1.8557559251785278,BBB web,74.67011260986328
akka-bbb-fsesl/src/main/java/org/bigbluebutton/freeswitch/voice/freeswitch/actions/GetAllUsersCommand.java,13.925994873046875,39.524742126464844,64.01349639892578,1.367289423942566,0.0,6.433285713195801,FSESL,64.01349639892578
bbb-common-web/src/main/java/org/bigbluebutton/api/model/constraint/IsIntegralConstraint.java,11.930450439453125,74.7491455078125,1.6709239482879639,0.0,0.0,3.6232805252075195,BBB web,74.7491455078125
bbb-recording-imex/src/main/java/org/bigbluebutton/RecordingApp.java,24.066707611083984,41.46050262451172,1.1359652280807495,64.07054138183594,0.0,3.7483677864074707,Presentation Conversion,64.07054138183594
akka-bbb-fsesl/src/main/java/org/bigbluebutton/freeswitch/voice/freeswitch/actions/HoldUserCommand.java,10.914915084838867,38.06018829345703,75.16431427001953,0.0,0.0,4.5672407150268555,FSESL,75.16431427001953
bbb-common-web/src/main/java/org/bigbluebutton/api/model/validator/PostChecksumValidator.java,11.081643104553223,75.40428924560547,0.18913188576698303,0.8508564233779907,0.0,3.4601080417633057,BBB web,75.40428924560547
bbb-common-web/src/main/java/org/bigbluebutton/api/model/validator/NotNullValidator.java,10.588196754455566,74.687255859375,0.2179894894361496,0.0,0.0,1.2891430854797363,BBB web,74.687255859375
bbb-common-web/src/main/java/org/bigbluebutton/api/model/constraint/PostChecksumConstraint.java,11.43622875213623,74.75898742675781,1.11064875125885,0.0,0.0,3.0752434730529785,BBB web,74.75898742675781
bbb-common-web/src/main/java/org/bigbluebutton/api/messaging/messages/UpdateRecordingStatus.java,15.605603218078613,74.69918823242188,3.302621364593506,0.0,1.842069387435913,7.456817626953125,BBB web,74.69918823242188
akka-bbb-fsesl/src/main/java/org/bigbluebutton/freeswitch/voice/freeswitch/actions/EjectAllUsersCommand.java,10.756871223449707,37.37916946411133,77.11253356933594,0.0,0.0,4.657496929168701,FSESL,77.11253356933594
bbb-common-web/src/main/java/org/bigbluebutton/presentation/messages/IPresentationCompletionMessage.java,4.412805557250977,74.73766326904297,2.3218302726745605,86.73526763916016,0.0,5.717998027801514,Presentation Conversion,86.73526763916016
bbb-common-web/src/main/java/org/bigbluebutton/api/messaging/messages/GuestPolicyChanged.java,15.605603218078613,74.69918823242188,3.302621364593506,0.0,1.842069387435913,7.456817626953125,BBB web,74.69918823242188
bbb-fsesl-client/src/main/java/org/freeswitch/esl/client/outbound/example/SimpleHangupOutboundHandler.java,18.7540225982666,38.724891662597656,76.47420501708984,0.9329092502593994,1.9896639585494995,14.633721351623535,FSESL,76.47420501708984
bbb-common-web/src/main/java/org/bigbluebutton/api2/domain/DurationProp2.java,14.745848655700684,74.67857360839844,0.3243793547153473,0.0,0.0,1.3949660062789917,BBB web,74.67857360839844
akka-bbb-fsesl/src/main/java/org/bigbluebutton/freeswitch/voice/FreeswitchConferenceEventListener.java,24.81877326965332,42.76598358154297,63.65543746948242,0.6025316715240479,2.0180091857910156,21.109159469604492,FSESL,63.65543746948242
akka-bbb-fsesl/src/main/java/org/bigbluebutton/freeswitch/voice/commands/ConferenceCommand.java,9.907012939453125,37.37916946411133,76.98125457763672,0.0,0.0,4.526215553283691,FSESL,76.98125457763672
bbb-common-web/src/main/java/org/bigbluebutton/api/model/request/Enter.java,12.030563354492188,74.6606674194336,0.198344886302948,0.0,1.537070393562317,1.2630863189697266,BBB web,74.6606674194336
bbb-fsesl-client/src/main/java/org/freeswitch/esl/client/transport/SendMsg.java,26.94858741760254,38.30949783325195,80.01970672607422,0.0,1.2269049882888794,10.201151847839355,FSESL,80.01970672607422
bbb-common-web/src/main/java/org/bigbluebutton/api/domain/Extensions.java,10.667173385620117,74.6961669921875,0.21975421905517578,0.0,0.0,1.291483759880066,BBB web,74.6961669921875
bbb-common-web/src/main/java/org/bigbluebutton/web/services/EnteredUserCleanupTimerTask.java,3.9799129962921143,74.75743103027344,0.0,0.0,1.0,1.0694797039031982,BBB web,74.75743103027344
bbb-fsesl-client/src/main/java/org/freeswitch/esl/client/outbound/SocketClient.java,7.084701061248779,37.41229248046875,82.01014709472656,0.7403934597969055,1.434752345085144,10.59192180633545,FSESL,82.01014709472656
bbb-common-web/src/main/java/org/bigbluebutton/web/services/UserCleanupTimerTask.java,3.9799129962921143,74.75743103027344,0.0,0.0,1.0,1.0694797039031982,BBB web,74.75743103027344
bbb-common-web/src/main/java/org/bigbluebutton/api2/IBbbWebApiGWApp.java,20.745595932006836,74.49939727783203,1.909949541091919,37.0,4.110750198364258,6.296503067016602,BBB web,74.49939727783203
bbb-fsesl-client/src/main/java/org/freeswitch/esl/client/transport/event/EslEventHeaderNames.java,13.91325855255127,36.86384963989258,85.32939147949219,0.0,2.0120739936828613,9.676987648010254,FSESL,85.32939147949219
bbb-common-web/src/main/java/org/bigbluebutton/api2/domain/MeetingProp2.java,15.225993156433105,74.63578796386719,0.31115880608558655,0.0,1.0,1.3788686990737915,BBB web,74.63578796386719
bbb-common-web/src/main/java/org/bigbluebutton/api/model/request/RequestWithChecksum.java,11.097339630126953,74.6564712524414,0.21175435185432434,0.0,0.0,1.2808727025985718,BBB web,74.6564712524414
bbb-fsesl-client/src/main/java/org/freeswitch/esl/client/example/HeartbeatThread.java,15.875381469726562,38.545753479003906,77.8171615600586,0.910503089427948,0.0,8.629351615905762,FSESL,77.8171615600586
bbb-common-web/src/main/java/org/bigbluebutton/presentation/Util.java,2.734158992767334,75.22266387939453,0.6544452905654907,81.78681182861328,0.0,1.7204731702804565,Presentation Conversion,81.78681182861328
bbb-common-web/src/main/java/org/bigbluebutton/api/ApiErrors.java,28.65332794189453,75.71357727050781,0.9147602915763855,0.0,3.8720357418060303,5.046921253204346,BBB web,75.71357727050781
bbb-common-web/src/main/java/org/bigbluebutton/presentation/messages/DocPageCountFailed.java,6.056188106536865,74.7116928100586,2.1740760803222656,81.17585754394531,1.802398443222046,5.414180278778076,Presentation Conversion,81.17585754394531
bbb-common-web/src/main/java/org/bigbluebutton/api/model/request/MeetingInfo.java,12.592696189880371,74.69125366210938,0.20431649684906006,0.0,1.8310341835021973,1.2710070610046387,BBB web,74.69125366210938
bbb-common-web/src/main/java/org/bigbluebutton/web/services/turn/StunServer.java,2.08900785446167,74.79849243164062,0.0,0.0,0.0,1.0729100704193115,BBB web,74.79849243164062
bbb-common-web/src/main/java/org/bigbluebutton/presentation/OfficeToPdfConversionSuccessFilter.java,3.762338876724243,84.14527130126953,0.6875231266021729,115.69043731689453,0.0,7.469881057739258,Presentation Conversion,115.69043731689453
bbb-common-web/src/main/java/org/bigbluebutton/api/messaging/messages/GuestsStatus.java,12.987224578857422,74.70223999023438,2.5033273696899414,0.0,0.0,5.857827186584473,BBB web,74.70223999023438
bbb-common-web/src/main/java/org/bigbluebutton/api/model/shared/GetChecksum.java,16.302587509155273,74.61198425292969,1.000955581665039,0.0,1.9218835830688477,4.707714557647705,BBB web,74.61198425292969
bbb-common-message/src/main/java/org/bigbluebutton/common2/redis/pubsub/ReceivedMessageHandler.java,22.302377700805664,38.510826110839844,10.572248458862305,2.014896869659424,138.6103973388672,303.33392333984375,Redis PubSub,303.33392333984375
bbb-common-web/src/main/java/org/bigbluebutton/api/domain/Preview.java,10.643819808959961,74.69316864013672,0.21916282176971436,0.0,0.0,1.2906993627548218,BBB web,74.69316864013672
bbb-common-web/src/main/java/org/bigbluebutton/presentation/SupportedDocumentFilter.java,4.279235363006592,75.39071655273438,0.9460452198982239,115.3409652709961,0.0,7.624913215637207,Presentation Conversion,115.3409652709961
bbb-common-web/src/main/java/org/bigbluebutton/common/messages/BbbAppsIsAliveMessage.java,4.96613883972168,75.17424011230469,2.8976075649261475,0.0,0.0,6.8526787757873535,BBB web,75.17424011230469
bbb-fsesl-client/src/main/java/org/freeswitch/esl/client/manager/DefaultManagerConnection.java,3.8703830242156982,36.21955871582031,75.451904296875,0.0,0.13813042640686035,5.650626182556152,FSESL,75.451904296875
bbb-common-web/src/main/java/org/bigbluebutton/web/services/callback/CallbackUrlService.java,17.058542251586914,76.1654281616211,4.494711399078369,1.1829500198364258,3.4941956996917725,10.254405975341797,BBB web,76.1654281616211
bbb-common-web/src/main/java/org/bigbluebutton/api/model/shared/ChecksumValidationGroup.java,13.47470474243164,74.73095703125,0.22647684812545776,0.0,2.151712417602539,1.300400733947754,BBB web,74.73095703125
akka-bbb-fsesl/src/main/java/org/bigbluebutton/freeswitch/voice/freeswitch/actions/CheckFreeswitchStatusCommand.java,12.582937240600586,38.10729217529297,73.62366485595703,0.7698196172714233,0.0,5.48374605178833,FSESL,73.62366485595703
bbb-common-web/src/main/java/org/bigbluebutton/api/model/constraint/JoinPasswordConstraint.java,14.25272274017334,74.7370834350586,1.0799009799957275,0.0,0.0,5.057834625244141,BBB web,74.7370834350586
bbb-common-web/src/main/java/org/bigbluebutton/api/messaging/messages/UserLockedInMeeting.java,17.71000099182129,74.687255859375,5.502740383148193,0.0,1.8370531797409058,9.628167152404785,BBB web,74.687255859375
bbb-common-web/src/main/java/org/bigbluebutton/api/domain/Recording.java,13.972415924072266,75.87349700927734,0.14173176884651184,0.0,2.017970085144043,2.964726686477661,BBB web,75.87349700927734
akka-bbb-apps/src/main/scala/org/bigbluebutton/core/util/jhotdraw/BezierWrapper.java,61.309146881103516,41.485660552978516,3.299018621444702,0.0,0.0,2.4699432849884033,Apps,61.309146881103516
bbb-common-web/src/main/java/org/bigbluebutton/api/messaging/messages/CreateMeeting.java,16.05034065246582,74.70531463623047,3.3181278705596924,0.0,2.225205421447754,7.487022876739502,BBB web,74.70531463623047
bbb-common-web/src/main/java/org/bigbluebutton/api/model/validator/SizeValidator.java,10.405522346496582,75.34268188476562,0.21286135911941528,0.0,0.0,1.2823410034179688,BBB web,75.34268188476562
bbb-common-web/src/main/java/org/bigbluebutton/api/messaging/messages/MeetingDestroyed.java,15.734612464904785,74.71155548095703,3.333859443664551,0.0,1.8471462726593018,7.517669200897217,BBB web,74.71155548095703
bbb-common-web/src/main/java/org/bigbluebutton/web/services/turn/RemoteIceCandidate.java,2.08900785446167,74.79849243164062,0.0,0.0,0.0,1.0729100704193115,BBB web,74.79849243164062
bbb-common-web/src/main/java/org/bigbluebutton/api/ParamsProcessorUtil.java,12.56425666809082,80.16114044189453,0.8683600425720215,38.14603805541992,2.71620512008667,5.6473917961120605,BBB web,80.16114044189453
akka-bbb-fsesl/src/main/java/org/bigbluebutton/freeswitch/voice/events/VoiceConferenceEvent.java,22.447092056274414,37.390472412109375,80.99333190917969,0.0,3.2099931240081787,7.359384536743164,FSESL,80.99333190917969
bbb-common-web/src/main/java/org/bigbluebutton/api/model/constraint/Size.java,15.164936065673828,75.18401336669922,1.9986481666564941,0.0,0.0,3.8836958408355713,BBB web,75.18401336669922
bbb-common-web/src/main/java/org/bigbluebutton/api/messaging/converters/messages/CreateMeetingMessage.java,15.875707626342773,76.15575408935547,2.1978368759155273,37.0,2.563246011734009,5.2770891189575195,BBB web,76.15575408935547
bbb-common-web/src/main/java/org/bigbluebutton/api/model/constraint/MeetingIDConstraint.java,21.089906692504883,75.15718841552734,5.5547943115234375,0.0,2.1169793605804443,13.276809692382812,BBB web,75.15718841552734
bbb-common-web/src/main/java/org/bigbluebutton/api/domain/User.java,17.211896896362305,75.24297332763672,2.9926671981811523,0.0,0.0,5.046412944793701,BBB web,75.24297332763672
bbb-common-web/src/main/java/org/bigbluebutton/presentation/DocumentConversionServiceImp.java,9.698843955993652,77.00213623046875,1.4993648529052734,179.81459045410156,1.6028486490249634,12.796202659606934,Presentation Conversion,179.81459045410156
bbb-common-web/src/main/java/org/bigbluebutton/api/model/shared/PostChecksum.java,13.676220893859863,74.64083099365234,0.208501398563385,0.0,1.9809311628341675,1.2765579223632812,BBB web,74.64083099365234
bbb-common-web/src/main/java/org/bigbluebutton/api/messaging/converters/messages/DestroyMeetingMessage.java,14.718189239501953,76.7474136352539,2.487187623977661,0.0,1.838301658630371,5.827145099639893,BBB web,76.7474136352539
bbb-common-message/src/main/java/org/bigbluebutton/common2/redis/RedisStorageService.java,25.587398529052734,38.345706939697266,6.490050792694092,37.629600524902344,115.09414672851562,118.23970031738281,Redis PubSub,118.23970031738281
bbb-common-web/src/main/java/org/bigbluebutton/api/model/request/SignOut.java,10.761662483215332,74.69125366210938,0.20431649684906006,0.0,0.0,1.2710070610046387,BBB web,74.69125366210938
bbb-common-web/src/main/java/org/bigbluebutton/api/model/validator/MeetingEndedValidator.java,13.411364555358887,74.67011260986328,0.21454370021820068,0.0,2.9590799808502197,1.2845724821090698,BBB web,74.67011260986328
bbb-common-web/src/main/java/org/bigbluebutton/api/IReceivedOldMessageHandler.java,12.793435096740723,74.734619140625,1.072624921798706,0.0,0.0,2.9922714233398438,BBB web,74.734619140625
akka-bbb-fsesl/src/main/java/org/bigbluebutton/freeswitch/voice/events/UnknownConferenceEvent.java,22.49112892150879,37.39214324951172,81.18245697021484,0.0,3.216054916381836,7.373838424682617,FSESL,81.18245697021484
bigbluebutton-web/test/groovy/org/bigbluebutton/api/messaging/NullMessagingService.java,14.656832695007324,38.35465621948242,0.20534688234329224,0.0,4.633270740509033,1.278436303138733,BBB web,38.35465621948242
bbb-common-web/src/main/java/org/bigbluebutton/api/domain/Recordings.java,12.712870597839355,75.27523803710938,0.21065881848335266,0.0,1.9445905685424805,1.2794195413589478,BBB web,75.27523803710938
bbb-common-web/src/main/java/org/bigbluebutton/api/ApiParams.java,9.670624732971191,74.89034271240234,0.15949764847755432,37.0,4.555952072143555,1.2115589380264282,BBB web,74.89034271240234
bbb-common-web/src/main/java/org/bigbluebutton/presentation/TextFileCreator.java,2.611586332321167,74.73095703125,0.5211825370788574,86.45863342285156,0.0,1.5951064825057983,Presentation Conversion,86.45863342285156
bbb-common-web/src/main/java/org/bigbluebutton/presentation/imp/PdfPageDownscaler.java,4.62345552444458,75.6517333984375,0.0,82.76746368408203,37.0,1.0741772651672363,Presentation Conversion,82.76746368408203
bbb-fsesl-client/src/main/java/org/freeswitch/esl/client/transport/CommandResponse.java,4.367828369140625,36.29216003417969,86.5984115600586,0.0,0.0,6.268061637878418,FSESL,86.5984115600586
bbb-common-web/src/main/java/org/bigbluebutton/presentation/ImageResizer.java,2.611586332321167,74.73095703125,0.5211825370788574,86.45863342285156,0.0,1.5951064825057983,Presentation Conversion,86.45863342285156
bigbluebutton-web/pres-checker/src/main/java/org/bigbluebutton/prescheck/Main.java,11.715777397155762,39.495269775390625,0.5428073406219482,0.0,0.0,1.6032631397247314,BBB web,39.495269775390625
bbb-fsesl-client/src/test/java/org/freeswitch/esl/client/transport/message/EslFrameDecoderTest.java,20.856664657592773,41.29563903808594,63.47956466674805,0.27202844619750977,38.65143966674805,12.799077987670898,FSESL,63.47956466674805
bbb-common-web/src/main/java/org/bigbluebutton/api/model/validator/IsIntegralValidator.java,10.49710750579834,74.67572784423828,0.21568013727664948,0.0,0.0,1.2860798835754395,BBB web,74.67572784423828
bbb-common-web/src/main/java/org/bigbluebutton/presentation/handlers/PdfPageCounterHandler.java,5.815147876739502,76.41624450683594,0.0,82.85694885253906,0.0,1.067366600036621,Presentation Conversion,82.85694885253906
akka-bbb-apps/src/test/java/org/bigbluebutton/xml/Simple.java,67.20298767089844,37.400726318359375,3.835573434829712,0.0,0.0,2.653867483139038,Apps,67.20298767089844
bbb-common-web/src/main/java/org/bigbluebutton/presentation/imp/ThumbnailCreatorImp.java,7.347278118133545,80.30753326416016,1.535975694656372,64.81970977783203,1.2778983116149902,2.977205991744995,BBB web,80.30753326416016
bbb-common-web/src/main/java/org/bigbluebutton/presentation/imp/SvgImageCreatorImp.java,9.622944831848145,80.54075622558594,2.052625894546509,52.62691116333008,1.3128268718719482,10.219539642333984,BBB web,80.54075622558594
bbb-common-web/src/main/java/org/bigbluebutton/api/messaging/converters/messages/KeepAliveMessage.java,12.879887580871582,76.7474136352539,2.487187623977661,0.0,0.0,5.827145099639893,BBB web,76.7474136352539
bbb-common-web/src/main/java/org/bigbluebutton/api/messaging/messages/EndBreakoutRoom.java,13.887466430664062,74.71155548095703,3.333859443664551,0.0,0.0,7.517669200897217,BBB web,74.71155548095703
bbb-common-message/src/main/java/org/bigbluebutton/common2/redis/pubsub/MessageToSend.java,14.844511985778809,37.382328033447266,8.968963623046875,0.0,140.16180419921875,308.7329406738281,Redis PubSub,308.7329406738281
bbb-fsesl-client/src/test/java/org/freeswitch/esl/client/outbound/SocketClientTest.java,5.265011787414551,37.1047248840332,87.97352600097656,0.8100636601448059,0.0,7.457983016967773,FSESL,87.97352600097656
bbb-common-web/src/main/java/org/bigbluebutton/api/domain/Metadata.java,12.094049453735352,75.39523315429688,0.5261107683181763,0.0,0.0,1.5955904722213745,BBB web,75.39523315429688
bbb-common-web/src/main/java/org/bigbluebutton/presentation/imp/OfficeToPdfConversionService.java,7.005138874053955,81.49507141113281,1.481473445892334,147.2850341796875,1.6106183528900146,5.502270698547363,Presentation Conversion,147.2850341796875
bbb-common-web/src/main/java/org/bigbluebutton/presentation/imp/OfficeDocumentValidator.java,6.432465553283691,76.79673767089844,1.7806891202926636,73.70083618164062,1.5700181722640991,3.647444009780884,BBB web,76.79673767089844
bbb-common-web/src/main/java/org/bigbluebutton/presentation/imp/PageToConvert.java,3.1353306770324707,76.58111572265625,0.6899679899215698,74.79228210449219,0.0,1.7464545965194702,BBB web,76.58111572265625
bbb-common-web/src/main/java/org/bigbluebutton/presentation/imp/Office2PdfPageConverter.java,8.368478775024414,80.0831069946289,1.8946049213409424,196.13275146484375,1.5579466819763184,12.486116409301758,Presentation Conversion,196.13275146484375
bbb-common-web/src/main/java/org/bigbluebutton/presentation/messages/DocConversionRequestReceived.java,6.091047286987305,74.63082122802734,2.197880268096924,82.07151794433594,1.8116683959960938,5.463127613067627,Presentation Conversion,82.07151794433594
akka-bbb-fsesl/src/main/java/org/bigbluebutton/freeswitch/voice/events/FreeswitchStatusReplyEvent.java,22.98213768005371,37.37300491333008,79.02080535888672,0.0,3.1454381942749023,7.206861972808838,FSESL,79.02080535888672
bbb-common-web/src/main/java/org/bigbluebutton/api/domain/BreakoutRoom.java,10.809990882873535,74.71471405029297,0.22337082028388977,0.0,0.0,1.296280860900879,BBB web,74.71471405029297
bbb-common-web/src/main/java/org/bigbluebutton/api/model/entity/PlaybackFormat.java,11.23680591583252,75.69631958007812,1.704864740371704,0.0,0.1486908197402954,3.751127004623413,BBB web,75.69631958007812
akka-bbb-apps/src/main/scala/org/bigbluebutton/core/util/jhotdraw/PathData.java,66.23623657226562,40.8283805847168,3.691059112548828,0.0,0.0,2.604684591293335,Apps,66.23623657226562
akka-bbb-fsesl/src/main/java/org/bigbluebutton/freeswitch/voice/freeswitch/actions/GetUsersStatusCommand.java,12.016709327697754,42.057979583740234,59.50362014770508,0.7468351125717163,0.0,8.222395896911621,FSESL,59.50362014770508
bbb-fsesl-client/src/main/java/org/freeswitch/esl/client/example/ExampleClient.java,21.12870979309082,38.2995719909668,80.5379409790039,0.7806031703948975,1.6279911994934082,9.3262357711792,FSESL,80.5379409790039
akka-bbb-fsesl/src/main/java/org/bigbluebutton/freeswitch/voice/freeswitch/ConnectionManager.java,18.55116081237793,39.01443862915039,66.06672668457031,1.5076727867126465,2.501430034637451,11.644012451171875,FSESL,66.06672668457031
bbb-common-web/src/main/java/org/bigbluebutton/api/pub/IPublisherService.java,19.434520721435547,75.378173828125,2.3120768070220947,0.0,4.493872165679932,8.30685806274414,BBB web,75.378173828125
bbb-common-web/src/main/java/org/bigbluebutton/api/domain/Meeting.java,14.631948471069336,77.5752944946289,3.3770129680633545,39.078189849853516,2.694025993347168,5.173207759857178,BBB web,77.5752944946289
bbb-common-web/src/main/java/org/bigbluebutton/common/messages/MessageBuilder.java,5.217964172363281,75.17048645019531,3.1467790603637695,0.0,0.0,7.3530802726745605,BBB web,75.17048645019531
akka-bbb-fsesl/src/main/java/org/bigbluebutton/freeswitch/voice/events/VoiceUserLockedEvent.java,24.33599853515625,37.37760925292969,81.77042388916016,0.0,3.1626670360565186,9.477799415588379,FSESL,81.77042388916016
bbb-common-web/src/main/java/org/bigbluebutton/api/messaging/messages/MakePresentationDownloadableMsg.java,15.356268882751465,74.67572784423828,3.2427449226379395,0.0,1.8320963382720947,7.340209484100342,BBB web,74.67572784423828
bbb-common-web/src/main/java/org/bigbluebutton/presentation/handlers/AbstractCommandHandler.java,4.654079437255859,76.04520416259766,0.0,77.34395599365234,0.0,3.057511806488037,Presentation Conversion,77.34395599365234
bbb-common-web/src/main/java/org/bigbluebutton/api/model/constraint/GetChecksumConstraint.java,11.43622875213623,74.75898742675781,1.11064875125885,0.0,0.0,3.0752434730529785,BBB web,74.75898742675781
bbb-common-web/src/main/java/org/bigbluebutton/presentation/messages/UploadFileTimedoutMessage.java,6.108954429626465,74.64083099365234,2.210148334503174,125.58554077148438,1.816384196281433,5.4883527755737305,Presentation Conversion,125.58554077148438
bbb-common-web/src/main/java/org/bigbluebutton/web/services/KeepAliveMessage.java,2.090975046157837,74.81623077392578,0.0,0.0,0.0,1.074337363243103,BBB web,74.81623077392578
bbb-fsesl-client/src/main/java/org/freeswitch/esl/client/transport/event/EslEvent.java,18.204683303833008,37.97938537597656,70.71336364746094,1.2244571447372437,4.650454998016357,8.428691864013672,FSESL,70.71336364746094
bbb-common-web/src/main/java/org/bigbluebutton/api/domain/RecordingMetadataPlayback.java,9.898942947387695,74.60260009765625,0.20029625296592712,0.0,0.0,2.265674591064453,BBB web,74.60260009765625
bbb-common-web/src/main/java/org/bigbluebutton/presentation/PresentationUrlDownloadService.java,5.969697952270508,78.73960876464844,0.6115130186080933,109.23310852050781,2.463376045227051,5.597212791442871,Presentation Conversion,109.23310852050781
bbb-common-web/src/main/java/org/bigbluebutton/presentation/SupportedFileTypes.java,10.846819877624512,82.01346588134766,0.713367760181427,77.66187286376953,0.0,6.582504749298096,BBB web,82.01346588134766
bbb-common-web/src/main/java/org/bigbluebutton/api/model/shared/ModeratorPassword.java,13.445622444152832,74.72764587402344,0.2258487492799759,0.0,2.145744800567627,1.2995675802230835,BBB web,74.72764587402344
bbb-common-web/src/main/java/org/bigbluebutton/presentation/messages/DocInvalidMimeType.java,6.091047286987305,74.63082122802734,2.197880268096924,82.07151794433594,1.8116683959960938,5.463127613067627,Presentation Conversion,82.07151794433594
bbb-fsesl-client/src/main/java/org/freeswitch/esl/client/example/EslEventListener.java,26.777141571044922,37.127052307128906,73.32630157470703,0.853207528591156,2.1177244186401367,8.901700019836426,FSESL,73.32630157470703
bbb-common-web/src/main/java/org/bigbluebutton/api/domain/GuestPolicy.java,13.8416109085083,74.69316864013672,0.21916282176971436,3.193902015686035,0.0,1.2906993627548218,BBB web,74.69316864013672
bbb-common-web/src/main/java/org/bigbluebutton/api/model/entity/Recording.java,11.276198387145996,75.4523696899414,0.8443659543991089,0.0,4.433731555938721,3.373671293258667,BBB web,75.4523696899414
akka-bbb-fsesl/src/main/java/org/bigbluebutton/freeswitch/voice/freeswitch/response/XMLResponseConferenceListParser.java,10.905243873596191,37.553131103515625,62.4632453918457,0.0,0.0,3.9275877475738525,FSESL,62.4632453918457
bbb-common-web/src/main/java/org/bigbluebutton/api/Util.java,10.260788917541504,75.10528564453125,0.15009081363677979,76.05648040771484,1.8297898769378662,1.1990816593170166,Presentation Conversion,76.05648040771484
bbb-common-web/src/main/java/org/bigbluebutton/api/domain/Config.java,10.667173385620117,74.6961669921875,0.21975421905517578,0.0,0.0,1.291483759880066,BBB web,74.6961669921875
bbb-common-web/src/main/java/org/bigbluebutton/api/messaging/MessageDistributor.java,18.850297927856445,74.74320983886719,2.3596694469451904,0.0,0.0,5.259249687194824,BBB web,74.74320983886719
akka-bbb-fsesl/src/main/java/org/bigbluebutton/freeswitch/voice/events/ConferenceEventListener.java,30.00931167602539,37.395530700683594,83.45685577392578,0.0,4.741026878356934,9.293990135192871,FSESL,83.45685577392578
bbb-common-web/src/main/java/org/bigbluebutton/api/messaging/converters/messages/EndMeetingMessage.java,14.718189239501953,76.7474136352539,2.487187623977661,0.0,1.838301658630371,5.827145099639893,BBB web,76.7474136352539
akka-bbb-fsesl/src/main/java/org/bigbluebutton/freeswitch/voice/commands/RecordCommand.java,10.02829647064209,37.38881301879883,78.04275512695312,0.0,0.0,4.5818610191345215,FSESL,78.04275512695312
bbb-common-web/src/main/java/org/bigbluebutton/api/service/impl/RecordingServiceDbImpl.java,12.24854850769043,75.26649475097656,0.576238214969635,37.0,4.02424430847168,2.608870267868042,BBB web,75.26649475097656
bbb-common-web/src/main/java/org/bigbluebutton/api/messaging/messages/CreateBreakoutRoom.java,13.591951370239258,74.52457427978516,2.8362767696380615,0.0,3.3518178462982178,6.549720287322998,BBB web,74.52457427978516
bbb-common-web/src/main/java/org/bigbluebutton/presentation/messages/DocConversionProgress.java,6.056188106536865,74.7116928100586,2.1740760803222656,81.17585754394531,1.802398443222046,5.414180278778076,Presentation Conversion,81.17585754394531
akka-bbb-fsesl/src/main/java/org/bigbluebutton/freeswitch/voice/freeswitch/response/ConferenceMember.java,9.875825881958008,37.298343658447266,68.38079071044922,0.0,0.0,4.238536357879639,FSESL,68.38079071044922
bbb-common-web/src/main/java/org/bigbluebutton/presentation/imp/PdfPageCounter.java,5.65809965133667,77.59040832519531,0.0,82.23993682861328,0.0,8.61413860321045,Presentation Conversion,82.23993682861328
bbb-common-web/src/main/java/org/bigbluebutton/api/model/request/GuestWait.java,12.1264066696167,74.6705551147461,0.20029625296592712,0.0,1.5454089641571045,1.2656745910644531,BBB web,74.6705551147461
bbb-fsesl-client/src/main/java/org/freeswitch/esl/client/manager/ManagerConnection.java,4.515967845916748,36.314857482910156,89.98734283447266,0.0,0.0,6.547122955322266,FSESL,89.98734283447266
bbb-recording-imex/src/test/java/org/bigbluebutton/RecordingStoreTest.java,2.055542469024658,37.33769226074219,0.0,0.0,0.9660178422927856,1.0555424690246582,BBB web,37.33769226074219
akka-bbb-apps/src/main/scala/org/bigbluebutton/core/util/jhotdraw/Geom.java,56.4409294128418,39.56890106201172,2.8900558948516846,0.6458258032798767,18.144887924194336,21.112964630126953,Apps,56.4409294128418
bbb-common-web/src/main/java/org/bigbluebutton/api/model/validator/JoinPasswordValidator.java,14.665058135986328,75.45512390136719,0.19643117487430573,0.8699641823768616,2.1682114601135254,3.0560364723205566,BBB web,75.45512390136719
akka-bbb-fsesl/src/main/java/org/bigbluebutton/freeswitch/voice/events/FreeswitchHeartbeatEvent.java,23.1916446685791,37.382328033447266,80.07289123535156,0.0,3.1801748275756836,7.288618564605713,FSESL,80.07289123535156
akka-bbb-apps/src/main/scala/org/bigbluebutton/core/util/jhotdraw/BezierPath.java,52.8365592956543,43.44043731689453,2.3211755752563477,0.0,0.03589308261871338,2.384910821914673,Apps,52.8365592956543
bbb-common-web/src/main/java/org/bigbluebutton/api/domain/Breakout.java,12.244226455688477,74.66458892822266,0.21341919898986816,0.0,1.827197790145874,1.2830809354782104,BBB web,74.66458892822266
bbb-fsesl-client/src/main/java/org/freeswitch/esl/client/outbound/AbstractOutboundPipelineFactory.java,4.3198442459106445,36.284912109375,85.50736999511719,0.0,0.0,8.80990982055664,FSESL,85.50736999511719
bbb-common-web/src/main/java/org/bigbluebutton/api/model/constraint/IsBooleanConstraint.java,11.988303184509277,74.75548553466797,1.6848576068878174,0.0,0.0,3.6453378200531006,BBB web,74.75548553466797
bbb-common-web/src/main/java/org/bigbluebutton/api/model/constraint/NotNull.java,14.995124816894531,74.7190170288086,1.6046355962753296,0.0,0.0,3.5183725357055664,BBB web,74.7190170288086
bbb-common-web/src/main/java/org/bigbluebutton/api/service/XmlService.java,10.256300926208496,74.64595794677734,0.20957455039024353,0.0,1.6278210878372192,1.2779814004898071,BBB web,74.64595794677734
bbb-common-web/src/main/java/org/bigbluebutton/api2/IRecordingService.java,16.29625701904297,74.59375,0.2975173592567444,0.0,1.537070393562317,2.3622586727142334,BBB web,74.59375
akka-bbb-fsesl/src/main/java/org/bigbluebutton/freeswitch/voice/freeswitch/FreeswitchApplication.java,17.71993637084961,38.89201736450195,57.885929107666016,1.115407943725586,2.1631813049316406,12.575335502624512,FSESL,57.885929107666016
bbb-common-web/src/main/java/org/bigbluebutton/api/model/request/Stuns.java,12.030563354492188,74.6606674194336,0.198344886302948,0.0,1.537070393562317,1.2630863189697266,BBB web,74.6606674194336
bbb-common-web/src/main/java/org/bigbluebutton/api/messaging/messages/UserLeft.java,15.605603218078613,74.69918823242188,3.302621364593506,0.0,1.842069387435913,7.456817626953125,BBB web,74.69918823242188
bbb-common-web/src/main/java/org/bigbluebutton/presentation/handlers/ImageResizerHandler.java,5.033533096313477,75.43987274169922,0.0,86.63645935058594,0.0,1.073110580444336,Presentation Conversion,86.63645935058594
bbb-common-web/src/main/java/org/bigbluebutton/presentation/handlers/PdfFontType3DetectorHandler.java,5.016800403594971,76.4204330444336,0.0,86.22620391845703,0.0,1.0725122690200806,Presentation Conversion,86.22620391845703
bbb-common-web/src/main/java/org/bigbluebutton/api/messaging/ReceivedMessage.java,12.967302322387695,74.71155548095703,2.4136953353881836,0.0,0.0,5.677341461181641,BBB web,74.71155548095703
bbb-common-web/src/main/java/org/bigbluebutton/api2/domain/UsersProp2.java,18.092670440673828,74.60260009765625,2.523404359817505,0.0,1.0,3.588782548904419,BBB web,74.60260009765625
bbb-common-web/src/main/java/org/bigbluebutton/api/service/SessionService.java,12.08655071258545,74.67290496826172,0.2151104211807251,0.0,1.6119135618209839,1.285324215888977,BBB web,74.67290496826172
bbb-common-web/src/main/java/org/bigbluebutton/api/model/request/Request.java,11.542337417602539,74.70531463623047,0.22154776751995087,0.0,0.0,1.2938628196716309,BBB web,74.70531463623047
bbb-common-web/src/main/java/org/bigbluebutton/api/model/constraint/list/SizeList.java,14.45869255065918,74.67011260986328,0.7857271432876587,0.0,0.0,1.8557559251785278,BBB web,74.67011260986328
akka-bbb-fsesl/src/main/java/org/bigbluebutton/freeswitch/voice/freeswitch/actions/PlaySoundCommand.java,11.003311157226562,37.36127853393555,75.16431427001953,0.0,0.0,4.5672407150268555,FSESL,75.16431427001953
akka-bbb-fsesl/src/main/java/org/bigbluebutton/freeswitch/voice/freeswitch/actions/StopSoundCommand.java,11.688362121582031,37.36704635620117,75.79146575927734,0.0,0.0,4.596471786499023,FSESL,75.79146575927734
bbb-common-web/src/main/java/org/bigbluebutton/api2/IMeetingService.java,21.4454402923584,74.5689697265625,2.084333896636963,0.0,2.9592127799987793,8.416173934936523,BBB web,74.5689697265625
bbb-common-web/src/main/java/org/bigbluebutton/api/model/validator/MeetingExistsValidator.java,13.043420791625977,75.39893341064453,0.20431649684906006,0.7775453329086304,2.9944820404052734,1.2710070610046387,BBB web,75.39893341064453
bbb-fsesl-client/src/main/java/org/freeswitch/esl/client/transport/message/EslHeaders.java,21.41637420654297,36.37810134887695,87.50902557373047,0.0,1.529515266418457,13.90052604675293,FSESL,87.50902557373047
bbb-common-web/src/main/java/org/bigbluebutton/api/RecordingService.java,14.23873519897461,74.98204803466797,0.18913188576698303,0.0,4.978043556213379,3.050743579864502,BBB web,74.98204803466797
bbb-fsesl-client/src/main/java/org/freeswitch/esl/client/inbound/Client.java,28.710006713867188,37.35298156738281,56.53152847290039,0.6661472916603088,4.573966979980469,16.188079833984375,FSESL,56.53152847290039
