file_path,Apps,BBB web,FSESL,FreeSWITCH,Redis PubSub,best_module,best_likelihood
bigbluebutton\bbb-common-web\src\main\java\org\bigbluebutton\api\model\constraint\MeetingEndedConstraint.java,0.5879910605294364,2.5741986955915177,0.2815229415893555,0.21030919211251395,0.3939101355416434,BBB web,2.5741986955915177
bigbluebutton\bbb-common-web\src\main\java\org\bigbluebutton\api\model\request\Enter.java,0.48501499720982144,2.5381665910993303,0.14072836467197963,0.17744265965053013,0.11943035125732422,BBB web,2.5381665910993303
bigbluebutton\akka-bbb-fsesl\src\main\java\org\bigbluebutton\freeswitch\voice\freeswitch\actions\DelayedCommand.java,0.19810435431344167,1.299773951939174,2948.4768295288086,4007.693328857422,0.04089062895093645,FreeSWITCH,4007.693328857422
bigbluebutton\bbb-common-web\src\main\java\org\bigbluebutton\api\model\constraint\list\NotEmptyList.java,0.3716021946498326,2.4771946498325894,0.16517034258161273,0.1701263427734375,0.19938748223440989,BBB web,2.4771946498325894
bigbluebutton\akka-bbb-fsesl\src\main\java\org\bigbluebutton\freeswitch\voice\commands\ConferenceCommandResult.java,0.1267566817147391,1.3151278904506138,3009.112129211426,3830.328788757324,0.15977562495640346,FreeSWITCH,3830.328788757324
bigbluebutton\bbb-common-web\src\main\java\org\bigbluebutton\api\messaging\messages\RecordChapterBreak.java,0.4680452074323382,2.3182560511997767,0.07424071856907435,0.05722463471548898,0.33498262677873886,BBB web,2.3182560511997767
bigbluebutton\bbb-common-web\src\main\java\org\bigbluebutton\api\messaging\messages\MeetingStarted.java,0.47095887320382257,2.3189579554966517,0.07473911557878767,0.05722547939845494,0.33736436026436945,BBB web,2.3189579554966517
bigbluebutton\bbb-common-web\src\main\java\org\bigbluebutton\api\model\request\MeetingInfo.java,0.4875109536307199,2.4955335344587053,0.09738685744149345,0.15084477833339147,0.12889409746442523,BBB web,2.4955335344587053
bigbluebutton\bbb-common-web\src\main\java\org\bigbluebutton\api\service\ServiceUtils.java,0.8491104125976563,2.6405216761997767,0.19745690482003347,0.15094821112496512,0.29415201459612167,BBB web,2.6405216761997767
bigbluebutton\akka-bbb-fsesl\src\main\java\org\bigbluebutton\freeswitch\voice\freeswitch\FreeswitchApplication.java,0.5156858171735491,1.3680023193359374,2550.9347534179688,3415.7678985595703,0.3378224509102958,FreeSWITCH,3415.7678985595703
bigbluebutton\akka-bbb-fsesl\src\main\java\org\bigbluebutton\freeswitch\voice\freeswitch\actions\MuteUserCommand.java,0.30719389234270367,1.3197290693010604,2949.8669815063477,4080.094451904297,0.028610801696777342,FreeSWITCH,4080.094451904297
bigbluebutton\akka-bbb-fsesl\src\main\java\org\bigbluebutton\freeswitch\voice\freeswitch\actions\EjectAllUsersCommand.java,0.1908316203526088,1.3273827689034599,3035.9546661376953,4043.6669158935547,0.028612004007611956,FreeSWITCH,4043.6669158935547
bigbluebutton\akka-bbb-fsesl\src\main\java\org\bigbluebutton\freeswitch\voice\events\ConfRecording.java,0.2646582739693778,1.3706528799874442,3321.4351654052734,3762.0981216430664,0.11919584274291992,FreeSWITCH,3762.0981216430664
bigbluebutton\bbb-common-web\src\main\java\org\bigbluebutton\api\model\request\EndMeeting.java,0.4684704916817801,2.48394295828683,0.0948476995740618,0.14846538816179547,0.12743139266967773,BBB web,2.48394295828683
bigbluebutton\akka-bbb-fsesl\src\main\java\org\bigbluebutton\freeswitch\voice\events\UnknownConferenceEvent.java,0.2662234170096261,1.372750963483538,3350.7848358154297,3784.4134521484375,0.11984148025512695,FreeSWITCH,3784.4134521484375
bigbluebutton\bbb-common-web\src\main\java\org\bigbluebutton\api\Util.java,0.5345450265066964,2.5085516793387277,0.07167369297572544,0.10470760209219797,0.22359421593802317,BBB web,2.5085516793387277
bigbluebutton\akka-bbb-fsesl\src\main\java\org\bigbluebutton\freeswitch\voice\freeswitch\actions\StopSoundCommand.java,0.30516368321010046,1.3245944431849888,2986.049118041992,4089.3555450439453,0.028611193384443012,FreeSWITCH,4089.3555450439453
bigbluebutton\bbb-common-web\src\main\java\org\bigbluebutton\api\messaging\messages\MeetingDestroyed.java,0.47095887320382257,2.3189579554966517,0.07473911557878767,0.05722547939845494,0.33736436026436945,BBB web,2.3189579554966517
bigbluebutton\bbb-common-web\src\main\java\org\bigbluebutton\api\model\validator\PostChecksumValidator.java,0.5436169215611049,2.650205339704241,0.2990171977451869,0.2596219744001116,0.2264641353062221,BBB web,2.650205339704241
bigbluebutton\bbb-common-web\src\main\java\org\bigbluebutton\api\messaging\messages\LearningDashboard.java,0.46519246782575335,2.3175733293805805,0.07375326837812152,0.05722380365644183,0.3326645987374442,BBB web,2.3175733293805805
bigbluebutton\bbb-common-web\src\main\java\org\bigbluebutton\api\messaging\MessagingService.java,0.40276854378836496,2.320308794294085,0.07411784444536482,0.05722442354474749,0.07809999329703195,BBB web,2.320308794294085
bigbluebutton\bbb-common-web\src\main\java\org\bigbluebutton\api\messaging\messages\UserLeftVoice.java,0.5268830980573381,2.3182560511997767,0.10450718743460519,0.09354439462934222,0.33498262677873886,BBB web,2.3182560511997767
bigbluebutton\akka-bbb-fsesl\src\main\java\org\bigbluebutton\freeswitch\voice\events\FreeswitchHeartbeatEvent.java,0.291328375680106,1.374080548967634,3335.165786743164,3751.115493774414,0.11887799671718052,FreeSWITCH,3751.115493774414
bigbluebutton\bbb-common-web\src\main\java\org\bigbluebutton\presentation\DocumentConversionServiceImp.java,0.5102382659912109,2.634687805175781,0.20184767586844307,0.18531599044799804,0.5892665318080357,BBB web,2.634687805175781
bigbluebutton\akka-bbb-fsesl\src\main\java\org\bigbluebutton\freeswitch\voice\freeswitch\actions\PlaySoundCommand.java,0.30828151702880857,1.3197290693010604,2949.8669815063477,4074.1856384277344,0.028610801696777342,FreeSWITCH,4074.1856384277344
bigbluebutton\akka-bbb-fsesl\src\main\java\org\bigbluebutton\freeswitch\voice\freeswitch\actions\DeafUserCommand.java,0.30719389234270367,1.3197290693010604,2992.8060150146484,4080.094451904297,0.028610801696777342,FreeSWITCH,4080.094451904297
bigbluebutton\bbb-common-web\src\main\java\org\bigbluebutton\presentation\imp\Office2PdfPageConverter.java,0.5622657230922155,2.6697721208844865,0.25232947213309154,0.2692704609462193,0.6122997283935547,BBB web,2.6697721208844865
bigbluebutton\akka-bbb-apps\src\main\scala\org\bigbluebutton\core\util\jhotdraw\BezierPath.java,2006.6990661621094,1.309440176827567,0.2650874274117606,0.3304327556065151,0.12918148040771485,Apps,2006.6990661621094
bigbluebutton\akka-bbb-fsesl\src\main\java\org\bigbluebutton\freeswitch\voice\freeswitch\ConnectionManager.java,0.4299407141549247,1.5137181963239397,3487.0613861083984,3768.7401962280273,0.2286938258579799,FreeSWITCH,3768.7401962280273
bigbluebutton\bbb-common-web\src\main\java\org\bigbluebutton\presentation\imp\PageToConvert.java,0.2719313485281808,2.431610761369978,0.09922466278076172,0.12548715046473913,0.19018073763166154,BBB web,2.431610761369978
bigbluebutton\akka-bbb-apps\src\main\scala\org\bigbluebutton\core\util\jhotdraw\BezierPathIterator.java,1751.3862800598145,1.2114622933523995,0.19352812085832868,0.11983709335327149,0.12141028812953404,Apps,1751.3862800598145
bigbluebutton\akka-bbb-fsesl\src\main\java\org\bigbluebutton\freeswitch\voice\freeswitch\actions\HoldUserCommand.java,0.30719389234270367,1.3415927342006138,2949.8669815063477,4080.094451904297,0.028610801696777342,FreeSWITCH,4080.094451904297
bigbluebutton\bbb-common-message\src\main\java\org\bigbluebutton\common2\redis\pubsub\MessageReceiver.java,0.6019369397844587,1.372554670061384,0.6070960998535156,0.23084122794015066,8.087107631138393,Redis PubSub,8.087107631138393
bigbluebutton\bbb-common-web\src\main\java\org\bigbluebutton\api\messaging\MessageListener.java,0.2803688594273159,2.3249542236328127,0.13252123423985074,0.0572265693119594,0.21192433493477958,BBB web,2.3249542236328127
bigbluebutton\bbb-common-web\src\main\java\org\bigbluebutton\api\model\entity\Metadata.java,0.2415419714791434,2.3644825526646205,0.12267954690115793,0.1021458693913051,0.06047609192984445,BBB web,2.3644825526646205
bigbluebutton\bbb-common-web\src\main\java\org\bigbluebutton\api\domain\Extensions.java,0.22686454227992467,2.2663646153041292,0.003393319887774331,0.05722442354474749,0.028612211772373743,BBB web,2.2663646153041292
bigbluebutton\bbb-common-web\src\main\java\org\bigbluebutton\api\messaging\messages\UserStatusChanged.java,0.5938873835972377,2.316908482142857,0.10320307867867606,0.12170644487653459,0.33040760585239953,BBB web,2.316908482142857
bigbluebutton\bbb-common-web\src\main\java\org\bigbluebutton\common\messages\MessageBuilder.java,0.15897517885480608,2.2324063982282367,0.031776935713631764,0.07120024817330496,0.34199668339320594,BBB web,2.2324063982282367
bigbluebutton\akka-bbb-fsesl\src\main\java\org\bigbluebutton\freeswitch\voice\freeswitch\actions\GetUsersStatusCommand.java,0.43339718409946987,1.4731471470424107,2894.7522354125977,3807.000617980957,0.09720631326947893,FreeSWITCH,3807.000617980957
bigbluebutton\akka-bbb-fsesl\src\main\java\org\bigbluebutton\freeswitch\voice\commands\ConferenceCommand.java,0.09549828938075475,1.3195044381277903,3083.9178466796875,3895.773811340332,0.028612004007611956,FreeSWITCH,3895.773811340332
bigbluebutton\bbb-common-web\src\main\java\org\bigbluebutton\presentation\FileTypeConstants.java,0.464756829398019,2.4541091918945312,0.14667694909232004,0.1379931586129325,0.1493267740522112,BBB web,2.4541091918945312
bigbluebutton\bbb-common-web\src\main\java\org\bigbluebutton\api\messaging\messages\MeetingEnded.java,0.47095887320382257,2.3189579554966517,0.07473911557878767,0.05722547939845494,0.33736436026436945,BBB web,2.3189579554966517
bigbluebutton\bbb-common-web\src\main\java\org\bigbluebutton\api\model\entity\PlaybackFormat.java,0.2669872556413923,2.358097621372768,0.18638571330479214,0.10469295637948173,0.0648066520690918,BBB web,2.358097621372768
bigbluebutton\bbb-common-web\src\main\java\org\bigbluebutton\api\domain\Poll.java,0.47532174246651787,2.36062992640904,0.031233361789158413,0.07146313531058175,0.09534690720694405,BBB web,2.36062992640904
bigbluebutton\bbb-common-web\src\main\java\org\bigbluebutton\api\model\constraint\PasswordConstraint.java,0.37175252096993583,2.458967590332031,0.10964748518807547,0.14284801483154297,0.2793654578072684,BBB web,2.458967590332031
bigbluebutton\bbb-common-web\src\main\java\org\bigbluebutton\api\model\constraint\GuestPolicyConstraint.java,0.4431303296770368,2.5170619419642857,0.18446480887276787,0.17580693108694895,0.277881840297154,BBB web,2.5170619419642857
bigbluebutton\akka-bbb-fsesl\src\main\java\org\bigbluebutton\freeswitch\voice\freeswitch\actions\CheckIfConfIsRunningCommand.java,0.4594230651855469,1.464761243547712,3002.5207901000977,4005.9701919555664,0.06989647320338659,FreeSWITCH,4005.9701919555664
bigbluebutton\bbb-common-web\src\main\java\org\bigbluebutton\api\RecordingServiceHelper.java,0.3411577497209821,2.3785557338169645,0.03890676498413086,0.09263419423784529,0.09176261765616281,BBB web,2.3785557338169645
bigbluebutton\bbb-common-web\src\main\java\org\bigbluebutton\api\ParamsProcessorUtil.java,0.7236185346330916,2.6617684500558036,0.35808582305908204,0.4201699120657785,0.33463946751185825,BBB web,2.6617684500558036
bigbluebutton\bbb-common-web\src\main\java\org\bigbluebutton\api\domain\Group.java,0.24794752938406808,2.264023917061942,0.0031498385327202935,0.08579225540161133,0.02861041341509138,BBB web,2.264023917061942
bigbluebutton\bbb-common-web\src\main\java\org\bigbluebutton\api\model\constraint\Pattern.java,0.4147638865879604,2.4351588657924106,0.09796171188354492,0.24653682708740235,0.2535576411655971,BBB web,2.4351588657924106
bigbluebutton\akka-bbb-fsesl\src\main\java\org\bigbluebutton\freeswitch\voice\events\VoiceUsersStatusEvent.java,0.2605158124651228,1.3651527404785155,3245.469741821289,3703.0828857421875,0.1174870218549456,FreeSWITCH,3703.0828857421875
bigbluebutton\akka-bbb-fsesl\src\main\java\org\bigbluebutton\freeswitch\voice\events\VoiceConfRunningAndRecordingEvent.java,0.2605158124651228,1.3651527404785155,3245.469741821289,3703.0828857421875,0.1174870218549456,FreeSWITCH,3703.0828857421875
bigbluebutton\bbb-common-web\src\main\java\org\bigbluebutton\api\service\impl\RecordingServiceDbImpl.java,0.920400891985212,2.736643545968192,0.1992598261151995,0.16473237446376254,0.2620415006365095,BBB web,2.736643545968192
bigbluebutton\akka-bbb-fsesl\src\main\java\org\bigbluebutton\freeswitch\voice\ConferenceServerListener.java,0.11356431416102818,1.2887013026646206,3039.6025466918945,3778.3105087280273,0.028611394337245397,FreeSWITCH,3778.3105087280273
bigbluebutton\bbb-common-web\src\main\java\org\bigbluebutton\api\domain\Preview.java,0.22643041610717773,2.2662259783063616,0.0033788097756249566,0.057224212374005996,0.028612106187002998,BBB web,2.2662259783063616
bigbluebutton\bbb-common-web\src\main\java\org\bigbluebutton\api\util\MeetingsResponse.java,0.39814477648053853,2.3234366280691963,0.06879783357892717,0.05722526822771345,0.08511969702584403,BBB web,2.3234366280691963
bigbluebutton\bbb-common-web\src\main\java\org\bigbluebutton\api\util\DataStore.java,0.5138795580182757,2.561942836216518,0.08917852129255022,0.12462331226893834,0.13561507633754186,BBB web,2.561942836216518
bigbluebutton\bbb-common-web\src\main\java\org\bigbluebutton\api\messaging\messages\StunTurnInfoRequested.java,0.4680452074323382,2.3182560511997767,0.07424071856907435,0.05722463471548898,0.33498262677873886,BBB web,2.3182560511997767
bigbluebutton\bbb-common-web\src\main\java\org\bigbluebutton\api\model\request\InsertDocument.java,0.4875109536307199,2.4955335344587053,0.09738685744149345,0.15084477833339147,0.12889409746442523,BBB web,2.4955335344587053
bigbluebutton\bbb-common-web\src\main\java\org\bigbluebutton\api\domain\UserSession.java,0.5982894897460938,2.4947884695870535,0.34716172899518694,0.458290045601981,0.10751730373927525,BBB web,2.4947884695870535
bigbluebutton\bbb-common-web\src\main\java\org\bigbluebutton\api\messaging\converters\messages\KeepAliveMessage.java,0.28922407967703684,2.2660884312220984,0.0738741193498884,0.05722400801522391,0.21333808898925782,BBB web,2.2660884312220984
bigbluebutton\bbb-common-web\src\main\java\org\bigbluebutton\api\messaging\messages\MakePresentationDownloadableMsg.java,0.4623986380440848,2.316908482142857,0.07327639034816197,0.05722298622131348,0.33040760585239953,BBB web,2.316908482142857
bigbluebutton\bbb-common-web\src\main\java\org\bigbluebutton\api\messaging\converters\messages\DeletedRecordingMessage.java,0.28922407967703684,2.2660884312220984,0.0738741193498884,0.05722400801522391,0.21333808898925782,BBB web,2.2660884312220984
bigbluebutton\bbb-common-web\src\main\java\org\bigbluebutton\api\model\constraint\list\PatternList.java,0.343030766078404,2.4486232212611605,0.10802748543875558,0.14155491420200894,0.1708160536629813,BBB web,2.4486232212611605
bigbluebutton\bbb-common-web\src\main\java\org\bigbluebutton\api\ApiErrors.java,0.7242698669433594,2.5896619524274556,0.2741179602486747,0.3604425702776228,0.19182169778006417,BBB web,2.5896619524274556
bigbluebutton\bbb-common-web\src\main\java\org\bigbluebutton\presentation\imp\BigPdfException.java,0.155752740587507,2.324412536621094,0.03206132139478411,0.13038249697004045,0.11020714214869907,BBB web,2.324412536621094
bigbluebutton\bbb-common-web\src\main\java\org\bigbluebutton\api\model\request\RequestWithChecksum.java,0.31329762595040456,2.4428697858537944,0.08054052080426898,0.11438568660191127,0.06896192005702427,BBB web,2.4428697858537944
bigbluebutton\bbb-common-web\src\main\java\org\bigbluebutton\presentation\handlers\Office2PdfConverterHandler.java,0.13296315329415456,2.3703999110630583,0.10137337957109724,0.05722701208932059,0.10403944424220495,BBB web,2.3703999110630583
bigbluebutton\bbb-common-web\src\main\java\org\bigbluebutton\api2\IMeetingService.java,0.7625525338309151,2.413258797781808,0.2071254049028669,0.26254171643938334,0.36564175742013116,BBB web,2.413258797781808
bigbluebutton\akka-bbb-fsesl\src\main\java\org\bigbluebutton\freeswitch\voice\events\VoiceConfRunningEvent.java,0.2646582739693778,1.3706528799874442,3321.4351654052734,3762.0981216430664,0.11919584274291992,FreeSWITCH,3762.0981216430664
bigbluebutton\bbb-common-web\src\main\java\org\bigbluebutton\api\model\request\RequestParameters.java,0.3064007350376674,2.446737888881138,0.08576412200927734,0.11799680164882115,0.07150991303580148,BBB web,2.446737888881138
bigbluebutton\akka-bbb-fsesl\src\main\java\org\bigbluebutton\freeswitch\voice\events\VoiceUserLeftEvent.java,0.3235391889299665,1.3706528799874442,3358.5641860961914,3806.652946472168,0.11919584274291992,FreeSWITCH,3806.652946472168
bigbluebutton\bbb-common-web\src\main\java\org\bigbluebutton\api\model\validator\IsBooleanValidator.java,0.29276305607387,2.3458729335239954,0.08095101628984724,0.11467016765049526,0.06916264806474959,BBB web,2.3458729335239954
bigbluebutton\bbb-common-web\src\main\java\org\bigbluebutton\api\messaging\messages\UserJoined.java,0.7345329284667969,2.465773010253906,0.2904232570103237,0.13921255384172712,0.31946348462785995,BBB web,2.465773010253906
bigbluebutton\bbb-common-web\src\main\java\org\bigbluebutton\api\model\constraint\MeetingNameConstraint.java,0.5970870971679687,2.565383039202009,0.24658549172537667,0.17678018297467912,0.5584712437220982,BBB web,2.565383039202009
bigbluebutton\bbb-common-message\src\main\java\org\bigbluebutton\common2\redis\Keys.java,0.4159302575247628,1.2866723196847099,0.10996026992797851,0.057224212374005996,4.415280151367187,Redis PubSub,4.415280151367187
bigbluebutton\bbb-common-web\src\main\java\org\bigbluebutton\presentation\imp\PresentationToConvert.java,0.13138644354684012,2.298189217703683,0.0033788097756249566,0.057224212374005996,0.10248199871608189,BBB web,2.298189217703683
bigbluebutton\akka-bbb-fsesl\src\main\java\org\bigbluebutton\freeswitch\voice\freeswitch\actions\CheckFreeswitchStatusCommand.java,0.30021599360874723,1.3683314732142857,3096.475944519043,4076.3894271850586,0.04071566036769322,FreeSWITCH,4076.3894271850586
bigbluebutton\bbb-common-web\src\main\java\org\bigbluebutton\api\model\constraint\UserSessionConstraint.java,0.43552752903529574,2.4920447213309154,0.23911824907575335,0.2078042575291225,0.382408823285784,BBB web,2.4920447213309154
bigbluebutton\bbb-common-web\src\main\java\org\bigbluebutton\api\model\validator\GuestPolicyValidator.java,0.43329944610595705,2.401717049734933,0.0801342214856829,0.14267544065202986,0.09733459608895438,BBB web,2.401717049734933
bigbluebutton\bbb-common-web\src\main\java\org\bigbluebutton\api\model\validator\PasswordValidator.java,0.3081911631992885,2.368631853376116,0.10222569874354771,0.1491372925894601,0.18422155380249022,BBB web,2.368631853376116
bigbluebutton\bbb-common-web\src\main\java\org\bigbluebutton\api\util\ParamsUtil.java,0.4513184411185128,2.348065403529576,0.0434105464390346,0.12411377770560128,0.08432385580880301,BBB web,2.348065403529576
bigbluebutton\bbb-common-message\src\main\java\org\bigbluebutton\common2\redis\pubsub\MessageSender.java,0.5976601191929408,1.3584830147879465,0.5676847730364118,0.24749110085623605,8.645816476004464,Redis PubSub,8.645816476004464
bigbluebutton\bbb-common-web\src\main\java\org\bigbluebutton\presentation\handlers\Png2SvgConversionHandler.java,0.13296315329415456,2.3703999110630583,0.10137337957109724,0.05722701208932059,0.10403944424220495,BBB web,2.3703999110630583
bigbluebutton\bbb-common-web\src\main\java\org\bigbluebutton\presentation\handlers\PdfFontType3DetectorHandler.java,0.15432724271501813,2.389444405691964,0.12216230119977678,0.09074581010001047,0.11424213136945452,BBB web,2.389444405691964
bigbluebutton\akka-bbb-fsesl\src\main\java\org\bigbluebutton\freeswitch\voice\events\VoiceUserMutedEvent.java,0.3214136396135603,1.3681053161621093,3359.8082733154297,3779.09610748291,0.1184072630746024,FreeSWITCH,3779.09610748291
bigbluebutton\bbb-common-web\src\main\java\org\bigbluebutton\api\domain\GuestPolicy.java,0.2493745803833008,2.2662259783063616,0.0033788097756249566,0.057224212374005996,0.028612106187002998,BBB web,2.2662259783063616
bigbluebutton\bbb-common-message\src\main\java\org\bigbluebutton\common2\redis\pubsub\MessageDistributor.java,0.27747868129185266,1.3135332380022322,0.43622728075299944,0.09615181514195033,8.502504185267858,Redis PubSub,8.502504185267858
bigbluebutton\bbb-common-web\src\main\java\org\bigbluebutton\api\messaging\messages\KeepAliveReply.java,0.31032897404262,2.26595219203404,0.07375326837812152,0.05722380365644183,0.281043461390904,BBB web,2.26595219203404
bigbluebutton\akka-bbb-fsesl\src\main\java\org\bigbluebutton\freeswitch\voice\freeswitch\actions\EjectUserCommand.java,0.19017641884940012,1.322662353515625,3003.983573913574,4032.5283432006836,0.028611697469438827,FreeSWITCH,4032.5283432006836
bigbluebutton\bbb-common-web\src\main\java\org\bigbluebutton\presentation\imp\OfficeToPdfConversionService.java,0.48144967215401785,2.5606918334960938,0.10498530524117607,0.16541878836495535,0.4436664308820452,BBB web,2.5606918334960938
bigbluebutton\akka-bbb-fsesl\src\main\java\org\bigbluebutton\freeswitch\voice\events\VoiceCallStateEvent.java,0.39284986768450053,1.4217211042131697,3302.070770263672,3745.790138244629,0.11586978094918388,FreeSWITCH,3745.790138244629
bigbluebutton\bbb-common-web\src\main\java\org\bigbluebutton\api\model\constraint\MeetingExistsConstraint.java,0.582804925101144,2.5672855922154016,0.22802882875714983,0.20146089281354632,0.38725387028285435,BBB web,2.5672855922154016
bigbluebutton\akka-bbb-fsesl\src\main\java\org\bigbluebutton\freeswitch\voice\commands\RecordCommand.java,0.09609465599060059,1.3218287876674106,3124.170570373535,3930.0512313842773,0.028612634113856724,FreeSWITCH,3930.0512313842773
bigbluebutton\bbb-common-web\src\main\java\org\bigbluebutton\api\model\validator\MeetingExistsValidator.java,0.6021277836390904,2.492126028878348,0.13163423538208008,0.1795347077505929,0.1780907494681222,BBB web,2.492126028878348
bigbluebutton\bbb-common-web\src\main\java\org\bigbluebutton\api\domain\RecordingMetadata.java,0.40601392473493303,2.267763192313058,0.0031004022274698528,0.05722007070268904,0.08357786451067244,BBB web,2.267763192313058
bigbluebutton\akka-bbb-fsesl\src\main\java\org\bigbluebutton\freeswitch\voice\freeswitch\response\ConferenceMemberFlags.java,0.0993725163596017,1.2934244428362165,3026.6174697875977,3962.078399658203,0.02861149311065674,FreeSWITCH,3962.078399658203
bigbluebutton\bbb-common-web\src\main\java\org\bigbluebutton\api\messaging\converters\messages\CreateMeetingMessage.java,0.5435707637241909,2.3747944423130583,0.15083274841308594,0.2000660078866141,0.2805741718837193,BBB web,2.3747944423130583
bigbluebutton\bbb-common-web\src\main\java\org\bigbluebutton\api\domain\LockSettingsParams.java,0.21702477591378347,2.263309805733817,0.003076261281967163,0.05721970285688128,0.02860985142844064,BBB web,2.263309805733817
bigbluebutton\bbb-common-web\src\main\java\org\bigbluebutton\presentation\imp\PresentationFileProcessor.java,0.5696592603410994,2.66507328578404,0.2302362986973354,0.23388936179024833,0.5928131103515625,BBB web,2.66507328578404
bigbluebutton\bbb-common-web\src\main\java\org\bigbluebutton\api\messaging\messages\EndMeeting.java,0.47095887320382257,2.3189579554966517,0.07473911557878767,0.05722547939845494,0.33736436026436945,BBB web,2.3189579554966517
bigbluebutton\bbb-common-web\src\main\java\org\bigbluebutton\api\messaging\messages\UserListeningOnly.java,0.5238595145089285,2.3175733293805805,0.10384888648986816,0.09333854402814593,0.3326645987374442,BBB web,2.3175733293805805
bigbluebutton\akka-bbb-fsesl\src\main\java\org\bigbluebutton\freeswitch\voice\events\FreeswitchStatusReplyEvent.java,0.3632873807634626,1.3666151864188059,3292.8734970092773,3718.8463973999023,0.11794365474155971,FreeSWITCH,3718.8463973999023
bigbluebutton\bbb-common-web\src\main\java\org\bigbluebutton\api\model\request\MeetingRunning.java,0.4875109536307199,2.4955335344587053,0.09738685744149345,0.15084477833339147,0.12889409746442523,BBB web,2.4955335344587053
bigbluebutton\bbb-common-web\src\main\java\org\bigbluebutton\api2\RecordingServiceGW.java,0.45664100646972655,2.412141636439732,0.08537321771894182,0.20530793326241628,1.2858997889927455,BBB web,2.412141636439732
bigbluebutton\bbb-common-web\src\main\java\org\bigbluebutton\api\messaging\MessageDistributor.java,0.3915096282958984,2.4345676967075893,0.34891204833984374,0.09632321766444615,0.25446390424455917,BBB web,2.4345676967075893
bigbluebutton\bbb-common-web\src\main\java\org\bigbluebutton\presentation\imp\PresentationConversionCompletionService.java,0.6284097399030413,2.6794645036969866,0.25665580204554966,0.22396557671683176,0.6442261832101005,BBB web,2.6794645036969866
bigbluebutton\bbb-common-web\src\main\java\org\bigbluebutton\presentation\ConversionMessageConstants.java,0.15659239632742747,2.3491633823939733,0.0029833440269742694,0.05721824509756906,0.12772633688790458,BBB web,2.3491633823939733
bigbluebutton\bbb-common-web\src\main\java\org\bigbluebutton\presentation\imp\CountingPageException.java,0.12926300593784879,2.2942659650530133,0.0031249246426991056,0.057220452172415594,0.10038318634033203,BBB web,2.2942659650530133
bigbluebutton\bbb-common-web\src\main\java\org\bigbluebutton\api\model\constraint\NotEmpty.java,0.4860246930803571,2.488090297154018,0.1676520756312779,0.262303216116769,0.3025627953665597,BBB web,2.488090297154018
bigbluebutton\bbb-common-web\src\main\java\org\bigbluebutton\api\messaging\messages\UserJoinedVoice.java,0.5238595145089285,2.3175733293805805,0.10384888648986816,0.09333854402814593,0.3326645987374442,BBB web,2.3175733293805805
bigbluebutton\bbb-common-web\src\main\java\org\bigbluebutton\presentation\handlers\AbstractCommandHandler.java,0.18430989129202707,2.3868828909737725,0.11843106406075614,0.09662747383117676,0.10347127233232771,BBB web,2.3868828909737725
bigbluebutton\bbb-common-web\src\main\java\org\bigbluebutton\api2\IRecordingService.java,0.5835215977260044,2.306036376953125,0.002895875062261309,0.05721684183393206,0.07214481489998954,BBB web,2.306036376953125
bigbluebutton\bbb-common-web\src\main\java\org\bigbluebutton\common\messages\BbbAppsIsAliveMessage.java,182.81189441680908,2.2489273071289064,0.05167661394391741,0.0811953067779541,0.3146477290562221,Apps,182.81189441680908
bigbluebutton\bbb-common-web\src\main\java\org\bigbluebutton\api\model\request\Stuns.java,0.48501499720982144,2.5313640049525667,0.13451247896466936,0.17744265965053013,0.11943035125732422,BBB web,2.5313640049525667
bigbluebutton\bbb-common-web\src\main\java\org\bigbluebutton\api\messaging\converters\messages\UnpublishedRecordingMessage.java,0.28922407967703684,2.2660884312220984,0.0738741193498884,0.05722400801522391,0.21333808898925782,BBB web,2.2660884312220984
bigbluebutton\bbb-common-web\src\main\java\org\bigbluebutton\api\model\entity\Thumbnail.java,0.23494183676583427,2.355599103655134,0.14794466836111886,0.11107097353254046,0.07086644853864398,BBB web,2.355599103655134
bigbluebutton\akka-bbb-fsesl\src\main\java\org\bigbluebutton\freeswitch\voice\freeswitch\ESLEventListener.java,0.8851714542933873,1.6336540222167968,2524.9867630004883,3287.5625610351562,0.3338259833199637,FreeSWITCH,3287.5625610351562
bigbluebutton\bbb-common-web\src\main\java\org\bigbluebutton\api\IReceivedOldMessageHandler.java,0.25534471784319196,2.2681145804268974,0.014897033146449497,0.05722701208932059,0.10118602343967982,BBB web,2.2681145804268974
bigbluebutton\bbb-common-web\src\main\java\org\bigbluebutton\api\model\shared\ChecksumValidationGroup.java,0.3070582798549107,2.3539814540318083,0.08599678448268346,0.11815716879708427,0.07162308011736189,BBB web,2.3539814540318083
bigbluebutton\akka-bbb-fsesl\src\main\java\org\bigbluebutton\freeswitch\voice\events\VoiceStartRecordingEvent.java,0.2887219565255301,1.3932427542550223,3238.886947631836,3697.881965637207,0.1173363276890346,FreeSWITCH,3697.881965637207
bigbluebutton\bbb-common-web\src\main\java\org\bigbluebutton\api\domain\CaptionTrack.java,0.22514126641409737,2.2658168247767856,0.0033360147050448827,0.05722359929765974,0.02861179964882987,BBB web,2.2658168247767856
bigbluebutton\bbb-common-web\src\main\java\org\bigbluebutton\api\service\ValidationService.java,0.5143283843994141,2.727289036342076,0.2114074434552874,0.17358700888497489,0.26621943882533483,BBB web,2.727289036342076
bigbluebutton\bbb-common-web\src\main\java\org\bigbluebutton\api\domain\Recordings.java,0.5160856519426619,2.450911385672433,0.0475053106035505,0.10155136925833566,0.12757470267159599,BBB web,2.450911385672433
bigbluebutton\bbb-common-web\src\main\java\org\bigbluebutton\api\messaging\messages\UserRoleChanged.java,0.6416271754673549,2.386053248814174,0.12304104396275112,0.11253069468906947,0.3326645987374442,BBB web,2.386053248814174
bigbluebutton\bbb-common-web\src\main\java\org\bigbluebutton\api\messaging\messages\PrivateGuestLobbyMessageChanged.java,0.49809330531529017,2.3175733293805805,0.07375326837812152,0.05722380365644183,0.43685057503836494,BBB web,2.3175733293805805
bigbluebutton\bbb-common-web\src\main\java\org\bigbluebutton\presentation\handlers\PdfPageCounterHandler.java,0.17427801404680524,2.4021473475864954,0.11953936985560826,0.09424038614545549,0.16415805816650392,BBB web,2.4021473475864954
bigbluebutton\akka-bbb-fsesl\src\main\java\org\bigbluebutton\freeswitch\voice\freeswitch\actions\BroadcastConferenceCommand.java,0.3383271626063756,1.3464347839355468,3125.8643341064453,4092.9660415649414,0.028610226086207797,FreeSWITCH,4092.9660415649414
bigbluebutton\bbb-common-web\src\main\java\org\bigbluebutton\api2\domain\VoiceProp2.java,0.31153779711042134,2.2904793875558034,0.031964748246329173,0.17151013783046176,0.028612211772373743,BBB web,2.2904793875558034
bigbluebutton\akka-bbb-apps\src\main\scala\org\bigbluebutton\core\util\jhotdraw\PathCommands.java,2020.4738807678223,1.153971971784319,0.026190808841160367,0.08341544015066964,0.02861231735774449,Apps,2020.4738807678223
bigbluebutton\bbb-common-web\src\main\java\org\bigbluebutton\api\domain\Breakout.java,0.3762998308454241,2.3162610735212055,0.003240254521369934,0.05722218922206334,0.07997493062700545,BBB web,2.3162610735212055
bigbluebutton\bbb-common-web\src\main\java\org\bigbluebutton\api\model\constraint\MeetingIDConstraint.java,0.6761825016566685,2.560742405482701,0.22656631469726562,0.2587224415370396,0.5389762878417969,BBB web,2.560742405482701
bigbluebutton\bbb-common-web\src\main\java\org\bigbluebutton\api\model\request\GetJoinUrl.java,0.3616403034755162,2.4493148803710936,0.09738685744149345,0.17941620690482005,0.07741341590881348,BBB web,2.4493148803710936
bigbluebutton\bbb-common-web\src\main\java\org\bigbluebutton\api\messaging\messages\RegisterUser.java,0.5532882145472935,2.3771030970982143,0.08794300896780831,0.07545661926269531,0.31381310054234096,BBB web,2.3771030970982143
bigbluebutton\bbb-common-web\src\main\java\org\bigbluebutton\presentation\handlers\ImageResizerHandler.java,0.15498782566615513,2.390960475376674,0.12303536278860909,0.0911916937146868,0.1147498539515904,BBB web,2.390960475376674
bigbluebutton\akka-bbb-fsesl\src\main\java\org\bigbluebutton\freeswitch\voice\freeswitch\actions\GetAllUsersCommand.java,0.4454438345772879,1.43216062273298,2931.7813873291016,4022.064552307129,0.06020032337733677,FreeSWITCH,4022.064552307129
bigbluebutton\bbb-common-web\src\main\java\org\bigbluebutton\api\messaging\messages\UpdateRecordingStatus.java,0.4680452074323382,2.3182560511997767,0.07424071856907435,0.05722463471548898,0.33498262677873886,BBB web,2.3182560511997767
bigbluebutton\bbb-common-web\src\main\java\org\bigbluebutton\api\model\request\LearningDashboard.java,0.3616403034755162,2.4493148803710936,0.09738685744149345,0.17941620690482005,0.07741341590881348,BBB web,2.4493148803710936
bigbluebutton\bbb-common-web\src\main\java\org\bigbluebutton\presentation\ConversionUpdateMessage.java,0.2615424019949777,2.456251525878906,0.1169010979788644,0.18813977922712052,0.29836180550711494,BBB web,2.456251525878906
bigbluebutton\bbb-common-web\src\main\java\org\bigbluebutton\api\messaging\messages\PositionInWaitingQueueUpdated.java,0.488709477015904,2.3177422659737723,0.0738741193498884,0.05722400801522391,0.3332383019583566,BBB web,2.3177422659737723
bigbluebutton\bbb-common-web\src\main\java\org\bigbluebutton\api\model\request\JoinMeeting.java,0.6155782972063337,2.538073294503348,0.21968108585902624,0.2180192266191755,0.28155321393694194,BBB web,2.538073294503348
bigbluebutton\bbb-common-web\src\main\java\org\bigbluebutton\api\model\validator\IsIntegralValidator.java,0.29572977338518414,2.347540283203125,0.08199607304164341,0.11539387021745955,0.06967329978942871,BBB web,2.347540283203125
bigbluebutton\bbb-common-web\src\main\java\org\bigbluebutton\presentation\imp\PageExtractorImp.java,0.34564203534807475,2.4180402483258927,0.07768688201904297,0.1558126449584961,0.14140517371041433,BBB web,2.4180402483258927
bigbluebutton\bbb-common-web\src\main\java\org\bigbluebutton\api\model\request\SignOut.java,0.3616403034755162,2.4945759364536833,0.1387448719569615,0.17941620690482005,0.07741341590881348,BBB web,2.4945759364536833
bigbluebutton\bbb-common-web\src\main\java\org\bigbluebutton\presentation\imp\PdfPageDownscaler.java,0.4047224044799805,2.455667986188616,0.09889204842703683,0.15388648169381278,0.16832941600254603,BBB web,2.455667986188616
bigbluebutton\bbb-common-web\src\main\java\org\bigbluebutton\api\service\impl\RecordingServiceFileImpl.java,1.1538394383021764,2.929444013323103,0.34675889696393697,0.4855420248849051,1.5336170741489956,BBB web,2.929444013323103
bigbluebutton\bbb-common-web\src\main\java\org\bigbluebutton\api\messaging\converters\messages\PublishedRecordingMessage.java,0.28922407967703684,2.2660884312220984,0.0738741193498884,0.05722400801522391,0.21333808898925782,BBB web,2.2660884312220984
bigbluebutton\bbb-common-web\src\main\java\org\bigbluebutton\api\messaging\ReceivedMessage.java,0.31737962450299945,2.267073495047433,0.07473911557878767,0.05722547939845494,0.2457280022757394,BBB web,2.267073495047433
bigbluebutton\bbb-common-web\src\main\java\org\bigbluebutton\api\model\constraint\JoinPasswordConstraint.java,0.3166427067347935,2.4058290754045757,0.1373499870300293,0.13138874598911832,0.30383872985839844,BBB web,2.4058290754045757
bigbluebutton\bbb-common-web\src\main\java\org\bigbluebutton\api\domain\Metadata.java,0.3441560472760882,2.311079842703683,0.09491920471191406,0.1171236174447196,0.0855299745287214,BBB web,2.311079842703683
bigbluebutton\bbb-common-web\src\main\java\org\bigbluebutton\api\model\validator\GetChecksumValidator.java,0.5871737343924386,2.6067328316824776,0.3261774608067104,0.35499632699149,0.26860882895333427,BBB web,2.6067328316824776
bigbluebutton\bbb-common-web\src\main\java\org\bigbluebutton\api\model\constraint\PostChecksumConstraint.java,0.38234356471470426,2.469809831891741,0.20406911032540456,0.17651213237217495,0.31254681178501675,BBB web,2.469809831891741
bigbluebutton\bbb-common-web\src\main\java\org\bigbluebutton\api\model\request\GuestWait.java,0.4880457741873605,2.489378138950893,0.09531102180480958,0.17808658054896764,0.12014839989798409,BBB web,2.489378138950893
bigbluebutton\bbb-common-web\src\main\java\org\bigbluebutton\presentation\imp\SvgImageCreatorImp.java,0.65415404183524,2.6444292340959823,0.3835988453456334,0.4128859383719308,0.4314953122820173,BBB web,2.6444292340959823
bigbluebutton\bbb-common-web\src\main\java\org\bigbluebutton\api\model\validator\SizeValidator.java,0.31925882611955914,2.3723687308175223,0.08095101628984724,0.11467016765049526,0.06916264806474959,BBB web,2.3723687308175223
bigbluebutton\bbb-common-web\src\main\java\org\bigbluebutton\presentation\imp\OfficeDocumentValidator.java,0.5744872501918248,2.585209219796317,0.17916667120797294,0.2595701217651367,0.4204716546194894,BBB web,2.585209219796317
bigbluebutton\akka-bbb-fsesl\src\main\java\org\bigbluebutton\freeswitch\voice\events\AudioFloorChangedEvent.java,0.26088294982910154,1.36563720703125,3252.104072570801,3743.3105087280273,0.1176384653363909,FreeSWITCH,3743.3105087280273
bigbluebutton\bbb-common-message\src\main\java\org\bigbluebutton\common2\redis\pubsub\MessageToSend.java,0.16491167885916574,1.2002307346888952,0.21959070478166853,0.05722442354474749,8.702536446707589,Redis PubSub,8.702536446707589
bigbluebutton\bbb-common-web\src\main\java\org\bigbluebutton\presentation\imp\OfficeDocumentValidator2.java,0.4518841334751674,2.4682165963309153,0.1244666644505092,0.26769918714250834,0.376882689339774,BBB web,2.4682165963309153
bigbluebutton\akka-bbb-fsesl\src\main\java\org\bigbluebutton\freeswitch\voice\IVoiceConferenceService.java,0.3334045137677874,1.3631952558244977,2932.346954345703,3586.769676208496,0.059521423067365374,FreeSWITCH,3586.769676208496
bigbluebutton\bbb-common-web\src\main\java\org\bigbluebutton\api\messaging\messages\UserSharedWebcam.java,0.5238595145089285,2.3175733293805805,0.10384888648986816,0.12190997259957449,0.3326645987374442,BBB web,2.3175733293805805
bigbluebutton\bbb-common-message\src\main\java\org\bigbluebutton\common2\redis\pubsub\ReceivedMessage.java,0.19235225405011858,1.1990432739257812,0.21750828879220144,0.05722339493887765,8.623712158203125,Redis PubSub,8.623712158203125
bigbluebutton\akka-bbb-fsesl\src\main\java\org\bigbluebutton\freeswitch\voice\freeswitch\actions\RecordConferenceCommand.java,0.3383271626063756,1.3464347839355468,3125.8643341064453,4092.9660415649414,0.028610226086207797,FreeSWITCH,4092.9660415649414
bigbluebutton\bbb-common-web\src\main\java\org\bigbluebutton\api2\domain\Meeting2.java,0.49089987618582587,2.341434805733817,0.03130690029689244,0.2000713348388672,0.08151513508387974,BBB web,2.341434805733817
bigbluebutton\akka-bbb-apps\src\main\scala\org\bigbluebutton\core\util\jhotdraw\BezierWrapper.java,1902.259292602539,1.185227530343192,0.060834503173828124,0.09216502053397042,0.04169218540191651,Apps,1902.259292602539
bigbluebutton\bigbluebutton-web\test\groovy\org\bigbluebutton\api\messaging\NullMessagingService.java,0.5132608686174666,1.2999943324497767,0.10632189341953822,0.1715117863246373,0.10871667861938476,BBB web,1.2999943324497767
bigbluebutton\bbb-common-web\src\main\java\org\bigbluebutton\api\model\entity\CallbackData.java,0.37761110578264506,2.4285993303571427,0.11015445164271763,0.09830523218427385,0.1084033693586077,BBB web,2.4285993303571427
bigbluebutton\bbb-common-web\src\main\java\org\bigbluebutton\api\util\RecordingMetadataReaderHelper.java,0.368125970023019,2.4337081909179688,0.1049004077911377,0.2188911165509905,1.4054021562848773,BBB web,2.4337081909179688
bigbluebutton\bbb-common-web\src\main\java\org\bigbluebutton\api\model\validator\UserSessionValidator.java,0.352273314339774,2.3757742745535713,0.08178487505231585,0.14381911414010184,0.06957013947623117,BBB web,2.3757742745535713
bigbluebutton\bbb-common-web\src\main\java\org\bigbluebutton\api\LearningDashboardService.java,0.8016597202845982,2.708634512765067,0.2895995821271624,0.3018768583025251,0.3311737333025251,BBB web,2.708634512765067
bigbluebutton\bbb-common-web\src\main\java\org\bigbluebutton\api\domain\Image.java,0.23351165226527623,2.2736424037388394,0.03142094612121582,0.07135638509477887,0.0427459682737078,BBB web,2.2736424037388394
bigbluebutton\bbb-common-web\src\main\java\org\bigbluebutton\presentation\handlers\SvgConversionHandler.java,0.18512214933122909,2.405259050641741,0.13885703768048968,0.12281194414411273,0.18039327348981585,BBB web,2.405259050641741
bigbluebutton\bbb-common-web\src\main\java\org\bigbluebutton\api\domain\RecordingMetadataPlayback.java,0.2412773949759347,2.2907239641462054,0.002938959002494812,0.05721753665379115,0.028608768326895576,BBB web,2.2907239641462054
bigbluebutton\akka-bbb-fsesl\src\main\java\org\bigbluebutton\freeswitch\voice\freeswitch\actions\ConferenceCheckRecordCommand.java,0.30552098410470147,1.4078123910086495,2789.3038940429688,3773.879165649414,0.06511176654270717,FreeSWITCH,3773.879165649414
bigbluebutton\bbb-common-web\src\main\java\org\bigbluebutton\api\messaging\converters\messages\DestroyMeetingMessage.java,0.4441852569580078,2.3177422659737723,0.0738741193498884,0.05722400801522391,0.2649918147495815,BBB web,2.3177422659737723
bigbluebutton\bbb-common-web\src\main\java\org\bigbluebutton\api\messaging\messages\GuestsStatus.java,0.4241271155221122,2.266644723074777,0.10467376027788435,0.09359622001647949,0.2143580709184919,BBB web,2.266644723074777
bigbluebutton\bbb-common-web\src\main\java\org\bigbluebutton\api\domain\RegisteredUser.java,0.33083463396344864,2.26196768624442,0.03169539315359933,0.0917252608707973,0.028608768326895576,BBB web,2.26196768624442
bigbluebutton\bbb-common-web\src\main\java\org\bigbluebutton\presentation\imp\PdfPageCounter.java,0.2979870115007673,2.4693115234375,0.1215116092136928,0.11728500638689314,0.23674635205950056,BBB web,2.4693115234375
bigbluebutton\akka-bbb-fsesl\src\main\java\org\bigbluebutton\freeswitch\voice\freeswitch\IDelayedCommandListener.java,0.1002849987574986,1.298643820626395,3131.011848449707,4045.0570678710938,0.028613066673278807,FreeSWITCH,4045.0570678710938
bigbluebutton\bbb-common-web\src\main\java\org\bigbluebutton\api\service\XmlService.java,0.3790945598057338,2.5128433227539064,0.06572281973702566,0.05722082683018276,0.08913980892726353,BBB web,2.5128433227539064
bigbluebutton\bbb-common-web\src\main\java\org\bigbluebutton\presentation\imp\ImageResizerImp.java,0.29561075483049665,2.490623256138393,0.11682976313999721,0.12217066628592355,0.21253564017159599,BBB web,2.490623256138393
bigbluebutton\akka-bbb-fsesl\src\main\java\org\bigbluebutton\freeswitch\voice\freeswitch\response\XMLResponseConferenceListParser.java,0.15383499690464564,1.2799288068498884,2593.5327911376953,3691.937370300293,0.04069761208125523,FreeSWITCH,3691.937370300293
bigbluebutton\akka-bbb-apps\src\main\scala\org\bigbluebutton\core\util\jhotdraw\Bezier.java,1816.618881225586,1.204231916155134,0.1366213117327009,0.13893931252615793,0.10081820487976074,Apps,1816.618881225586
bigbluebutton\bbb-common-web\src\main\java\org\bigbluebutton\api\model\validator\JoinPasswordValidator.java,0.5136109488351005,2.452907235281808,0.15202391488211495,0.15136865888323103,0.19048295702253068,BBB web,2.452907235281808
bigbluebutton\bbb-common-web\src\main\java\org\bigbluebutton\api\domain\Playback.java,0.2386960438319615,2.2911612374441965,0.017083115237099784,0.057215493065970284,0.028607746532985142,BBB web,2.2911612374441965
bigbluebutton\akka-bbb-apps\src\main\scala\org\bigbluebutton\core\util\jhotdraw\Shapes.java,1993.8183975219727,1.1509497506277901,0.03924793515886579,0.08796072006225586,0.03710569994790214,Apps,1993.8183975219727
bigbluebutton\akka-bbb-fsesl\src\main\java\org\bigbluebutton\freeswitch\voice\events\ConferenceEventListener.java,0.3902125494820731,1.427383531842913,3597.672996520996,3830.7498931884766,0.16301954814365932,FreeSWITCH,3830.7498931884766
bigbluebutton\bbb-common-web\src\main\java\org\bigbluebutton\api\domain\BreakoutRoomsParams.java,0.22179767063685826,2.2647696358816964,0.003227021438734872,0.057221991675240655,0.028610995837620327,BBB web,2.2647696358816964
bigbluebutton\bbb-common-web\src\main\java\org\bigbluebutton\presentation\ImageResizer.java,0.13283800397600445,2.300936235700335,0.003561563151223319,0.0572267872946603,0.10391585486275809,BBB web,2.300936235700335
bigbluebutton\akka-bbb-fsesl\src\main\java\org\bigbluebutton\freeswitch\voice\events\VoiceUserLockedEvent.java,0.38080730438232424,1.4274989536830358,3468.4556198120117,3779.09610748291,0.1184072630746024,FreeSWITCH,3779.09610748291
bigbluebutton\bbb-common-web\src\main\java\org\bigbluebutton\api\ApiParams.java,0.4794415610177176,2.4391102382114958,0.10065276963370187,0.2418041501726423,0.14889135360717773,BBB web,2.4391102382114958
bigbluebutton\bbb-common-web\src\main\java\org\bigbluebutton\api\domain\Recording.java,0.5969698224748884,2.3581490652901786,0.04641854081835065,0.10022495133536202,0.21640866143362864,BBB web,2.3581490652901786
bigbluebutton\bbb-common-message\src\main\java\org\bigbluebutton\common2\redis\RedisAwareCommunicator.java,0.5009664263044085,1.375205339704241,0.5565910884312221,0.21865696225847517,4.597857666015625,Redis PubSub,4.597857666015625
bigbluebutton\bbb-common-web\src\main\java\org\bigbluebutton\api\domain\MeetingLayout.java,0.31568126678466796,2.2959363664899555,0.00349848781313215,0.057225915363856725,0.05718438284737723,BBB web,2.2959363664899555
bigbluebutton\bbb-common-web\src\main\java\org\bigbluebutton\api2\IBbbWebApiGWApp.java,0.6398039136614119,2.4267425537109375,0.12850401742117745,0.21053192956107003,0.32986155918666293,BBB web,2.4267425537109375
bigbluebutton\akka-bbb-fsesl\src\main\java\org\bigbluebutton\freeswitch\voice\commands\GetUsersCommand.java,0.09609465599060059,1.3218287876674106,3124.170570373535,3930.0512313842773,0.028612634113856724,FreeSWITCH,3930.0512313842773
bigbluebutton\akka-bbb-apps\src\main\scala\org\bigbluebutton\core\util\jhotdraw\Geom.java,1838.7930870056152,1.1462060110909598,0.0582355090550014,0.1330301693507603,0.586501966203962,Apps,1838.7930870056152
bigbluebutton\bbb-common-web\src\main\java\org\bigbluebutton\presentation\imp\PngCreatorImp.java,0.7145241873604911,2.680868094308036,0.32302068982805526,0.3719914845057896,0.4175410406930106,BBB web,2.680868094308036
bigbluebutton\bbb-common-web\src\main\java\org\bigbluebutton\api\pub\IPublisherService.java,0.6291134970528739,2.4093996320452007,0.11923291342599052,0.19555443355015345,0.3120038168770926,BBB web,2.4093996320452007
bigbluebutton\bbb-common-message\src\main\java\org\bigbluebutton\common2\redis\pubsub\MessageHandler.java,0.16290343148367745,1.2019529070172992,0.22259949275425503,0.057225915363856725,8.770025634765625,Redis PubSub,8.770025634765625
bigbluebutton\bbb-common-web\src\main\java\org\bigbluebutton\api\model\constraint\IsBooleanConstraint.java,0.36991732461111887,2.457633318219866,0.10899332591465541,0.1423257555280413,0.277881840297154,BBB web,2.457633318219866
bigbluebutton\bbb-common-web\src\main\java\org\bigbluebutton\api\service\impl\XmlServiceImpl.java,0.6710157121930803,2.5511847359793527,0.1768514633178711,0.14964466094970702,0.3077049800327846,BBB web,2.5511847359793527
bigbluebutton\bbb-common-web\src\main\java\org\bigbluebutton\api2\domain\MeetingProp2.java,0.3836719512939453,2.2878971644810266,0.0031004022274698528,0.05722007070268904,0.05718146732875279,BBB web,2.2878971644810266
bigbluebutton\bbb-common-web\src\main\java\org\bigbluebutton\api\model\validator\NotNullValidator.java,0.3267289297921317,2.377482169015067,0.139994934626988,0.1445575169154576,0.09866259438650948,BBB web,2.377482169015067
bigbluebutton\akka-bbb-fsesl\src\main\java\org\bigbluebutton\freeswitch\voice\freeswitch\actions\FreeswitchCommand.java,0.2435178211757115,1.3216658455984933,3100.7791137695312,4209.016761779785,0.028611394337245397,FreeSWITCH,4209.016761779785
bigbluebutton\akka-bbb-fsesl\src\main\java\org\bigbluebutton\freeswitch\voice\events\VoiceUserTalkingEvent.java,0.3214136396135603,1.3681053161621093,3322.941207885742,3779.09610748291,0.1184072630746024,FreeSWITCH,3779.09610748291
bigbluebutton\akka-bbb-fsesl\src\main\java\org\bigbluebutton\freeswitch\voice\freeswitch\actions\TransferUserToMeetingCommand.java,0.2570110866001674,1.3190994262695312,2938.3564376831055,4027.649459838867,0.02861060755593436,FreeSWITCH,4027.649459838867
bigbluebutton\bbb-common-web\src\main\java\org\bigbluebutton\presentation\imp\ExternalProcessExecutor.java,0.4114774431501116,2.491793169294085,0.15186266217912947,0.21828152792794364,0.20357160568237304,BBB web,2.491793169294085
bigbluebutton\akka-bbb-fsesl\src\main\java\org\bigbluebutton\freeswitch\voice\events\VoiceUserJoinedEvent.java,0.35185040065220424,1.3968205043247768,3298.625831604004,3651.3241577148438,0.1147470201764788,FreeSWITCH,3651.3241577148438
bigbluebutton\bbb-common-web\src\main\java\org\bigbluebutton\api\messaging\messages\CreateBreakoutRoom.java,0.4218294416155134,2.3362195696149555,0.09498609815325056,0.17149685450962612,0.29898738861083984,BBB web,2.3362195696149555
bigbluebutton\akka-bbb-fsesl\src\main\java\org\bigbluebutton\freeswitch\voice\commands\EjectUserCommand.java,0.09540066719055176,1.319126238141741,3077.4020767211914,3890.1646041870117,0.028611901828220914,FreeSWITCH,3890.1646041870117
bigbluebutton\bbb-common-web\src\main\java\org\bigbluebutton\api\model\constraint\NotNull.java,0.3879356929234096,2.4785448346819194,0.16237859725952147,0.1679001944405692,0.2980213165283203,BBB web,2.4785448346819194
bigbluebutton\bbb-common-web\src\main\java\org\bigbluebutton\api2\domain\WelcomeProp2.java,0.31153779711042134,2.261907958984375,0.003393319887774331,0.05722442354474749,0.028612211772373743,BBB web,2.261907958984375
bigbluebutton\bbb-common-web\src\main\java\org\bigbluebutton\api\model\constraint\list\NotNullList.java,0.3716021946498326,2.4771946498325894,0.16517034258161273,0.1701263427734375,0.19938748223440989,BBB web,2.4771946498325894
bigbluebutton\akka-bbb-fsesl\src\main\java\org\bigbluebutton\freeswitch\voice\freeswitch\DelayedCommandSenderService.java,0.33488998413085935,1.3097533089773996,2848.553047180176,3907.0955657958984,0.37227399008614676,FreeSWITCH,3907.0955657958984
bigbluebutton\bbb-common-web\src\main\java\org\bigbluebutton\api\domain\BreakoutRoom.java,0.22951687404087612,2.2672186715262277,0.0034830663885389054,0.05722569738115583,0.028612848690577914,BBB web,2.2672186715262277
bigbluebutton\bbb-common-web\src\main\java\org\bigbluebutton\api\domain\Meeting.java,0.7545276641845703,2.5661649431501115,0.28872716086251393,0.3295882088797433,0.2709529059273856,BBB web,2.5661649431501115
bigbluebutton\bigbluebutton-web\test\groovy\org\bigbluebutton\api\ParamsProcessorUtilTest.java,0.5660297393798828,1.379287828717913,0.22518185206821986,0.18628087724958148,0.16965819767543247,BBB web,1.379287828717913
bigbluebutton\bbb-common-web\src\main\java\org\bigbluebutton\api\MeetingService.java,1.1437248229980468,2.8879828316824776,0.6572836739676339,0.47132393973214287,1.6863000052315849,BBB web,2.8879828316824776
bigbluebutton\akka-bbb-fsesl\src\main\java\org\bigbluebutton\freeswitch\voice\FreeswitchConferenceEventListener.java,0.6962752205984933,1.5142072405133928,3102.2480392456055,3192.2695922851562,0.38954315185546873,FreeSWITCH,3192.2695922851562
bigbluebutton\bbb-common-web\src\main\java\org\bigbluebutton\api\model\constraint\IsIntegralConstraint.java,0.3681046622140067,2.4563162667410716,0.10834740911211287,0.14181021281651088,0.2764214924403599,BBB web,2.4563162667410716
bigbluebutton\bbb-common-web\src\main\java\org\bigbluebutton\api\model\request\Request.java,0.3251988547188895,2.4533030918666294,0.08417069571358816,0.116897337777274,0.0707341398511614,BBB web,2.4533030918666294
bigbluebutton\bbb-common-web\src\main\java\org\bigbluebutton\api\domain\Config.java,0.22686454227992467,2.2663646153041292,0.003393319887774331,0.05722442354474749,0.028612211772373743,BBB web,2.2663646153041292
bigbluebutton\bbb-common-web\src\main\java\org\bigbluebutton\api\messaging\messages\GuestPolicyChanged.java,0.4680452074323382,2.3182560511997767,0.07424071856907435,0.05722463471548898,0.33498262677873886,BBB web,2.3182560511997767
bigbluebutton\bbb-common-web\src\main\java\org\bigbluebutton\api2\domain\RecordProp2.java,0.31153779711042134,2.261907958984375,0.003393319887774331,0.05722442354474749,0.028612211772373743,BBB web,2.261907958984375
bigbluebutton\bbb-common-web\src\main\java\org\bigbluebutton\api\util\ResponseBuilder.java,0.6161339896065848,2.4751661028180805,0.14037599563598632,0.15178744452340262,0.37059593200683594,BBB web,2.4751661028180805
bigbluebutton\bbb-common-web\src\main\java\org\bigbluebutton\api\model\validator\NotEmptyValidator.java,0.3267289297921317,2.377482169015067,0.139994934626988,0.1445575169154576,0.09866259438650948,BBB web,2.377482169015067
bigbluebutton\bbb-common-message\src\main\java\org\bigbluebutton\common2\redis\RedisStorageService.java,0.8848664964948382,1.4972870962960378,0.7009316035679408,0.40093092237200056,3.6401883806501116,Redis PubSub,3.6401883806501116
bigbluebutton\bbb-common-web\src\main\java\org\bigbluebutton\presentation\imp\PdfSlidesGenerationService.java,0.12863298143659319,2.3423187255859377,0.06425501278468541,0.05721932819911412,0.1366748809814453,BBB web,2.3423187255859377
bigbluebutton\bbb-common-web\src\main\java\org\bigbluebutton\api\messaging\messages\CreateMeeting.java,0.5008568355015346,2.329058837890625,0.07448852402823312,0.05722505705697196,0.34661952427455356,BBB web,2.329058837890625
bigbluebutton\akka-bbb-apps\src\test\java\org\bigbluebutton\xml\Simple.java,1937.5928115844727,1.102305167061942,0.02444542476109096,0.0572267872946603,0.02861339364733015,Apps,1937.5928115844727
bigbluebutton\bbb-common-web\src\main\java\org\bigbluebutton\api\service\SessionService.java,0.5516077859061105,2.535868399483817,0.0032806130392210825,0.08579421724591936,0.13618452889578683,BBB web,2.535868399483817
bigbluebutton\akka-bbb-fsesl\src\main\java\org\bigbluebutton\freeswitch\voice\freeswitch\response\ConferenceMember.java,0.0960301399230957,1.2764807564871652,2758.039894104004,3767.5799560546875,0.05594062464577811,FreeSWITCH,3767.5799560546875
bigbluebutton\bbb-common-web\src\main\java\org\bigbluebutton\presentation\handlers\Pdf2PngPageConverterHandler.java,0.13296315329415456,2.3703999110630583,0.10137337957109724,0.05722701208932059,0.10403944424220495,BBB web,2.3703999110630583
bigbluebutton\bbb-common-web\src\main\java\org\bigbluebutton\presentation\handlers\AddNamespaceToSvgHandler.java,0.13296315329415456,2.3703999110630583,0.10137337957109724,0.05722701208932059,0.10403944424220495,BBB web,2.3703999110630583
bigbluebutton\bbb-common-web\src\main\java\org\bigbluebutton\api\domain\User.java,0.6548504420689174,2.458185468401228,0.3259896959577288,0.3340017318725586,0.04293388979775565,BBB web,2.458185468401228
bigbluebutton\bbb-common-web\src\main\java\org\bigbluebutton\presentation\imp\ImageSlidesGenerationService.java,0.2050370625087193,2.440301513671875,0.13083408900669644,0.15613414219447544,0.29678895132882255,BBB web,2.440301513671875
bigbluebutton\bbb-common-web\src\main\java\org\bigbluebutton\api2\domain\DurationProp2.java,0.30768446241106306,2.2611600603376116,0.0033080820526395524,0.05722319058009556,0.02861159529004778,BBB web,2.2611600603376116
bigbluebutton\bbb-common-web\src\main\java\org\bigbluebutton\presentation\DocumentConversionService.java,0.160915402003697,2.328566414969308,0.00349848781313215,0.057225915363856725,0.10342792783464705,BBB web,2.328566414969308
bigbluebutton\bbb-common-web\src\main\java\org\bigbluebutton\presentation\imp\SlidesGenerationProgressNotifier.java,0.3469657897949219,2.4945286342075894,0.17864879880632673,0.13074227741786412,0.31427533285958426,BBB web,2.4945286342075894
bigbluebutton\bbb-common-web\src\main\java\org\bigbluebutton\api\HTML5LoadBalancingService.java,0.40890026092529297,2.674782453264509,0.17437244142804828,0.19189167022705078,0.2213963644845145,BBB web,2.674782453264509
bigbluebutton\bbb-common-web\src\main\java\org\bigbluebutton\api\messaging\messages\PresentationUploadToken.java,0.5195414951869419,2.3740513392857143,0.07327639034816197,0.05722298622131348,0.3589790344238281,BBB web,2.3740513392857143
bigbluebutton\bbb-common-web\src\main\java\org\bigbluebutton\api\messaging\messages\UserLeft.java,0.5268830980573381,2.3182560511997767,0.10450718743460519,0.09354439462934222,0.33498262677873886,BBB web,2.3182560511997767
bigbluebutton\bbb-common-web\src\main\java\org\bigbluebutton\api\messaging\messages\IMessage.java,0.32308521270751955,2.267962210518973,0.07550809723990304,0.0572267872946603,0.30121498107910155,BBB web,2.267962210518973
bigbluebutton\bbb-common-web\src\main\java\org\bigbluebutton\api\messaging\messages\UserLockedInMeeting.java,0.583253152029855,2.376966857910156,0.22263618196759904,0.09333854402814593,0.3326645987374442,BBB web,2.376966857910156
bigbluebutton\bbb-common-web\src\main\java\org\bigbluebutton\api\model\constraint\GetChecksumConstraint.java,0.38234356471470426,2.469809831891741,0.20406911032540456,0.17651213237217495,0.31254681178501675,BBB web,2.469809831891741
bigbluebutton\bbb-common-web\src\main\java\org\bigbluebutton\api\messaging\messages\GuestStatusChangedEventMsg.java,0.46519246782575335,2.3175733293805805,0.07375326837812152,0.05722380365644183,0.3326645987374442,BBB web,2.3175733293805805
bigbluebutton\bbb-common-web\src\main\java\org\bigbluebutton\api\RecordingService.java,0.697337886265346,2.429312351771763,0.04964231763567243,0.11247798374720983,0.12721428189958844,BBB web,2.429312351771763
bigbluebutton\akka-bbb-fsesl\src\main\java\org\bigbluebutton\freeswitch\voice\freeswitch\actions\ForceEjectUserCommand.java,0.3991640635899135,1.405728803362165,3360.8534240722656,4178.563194274902,0.04060174737657819,FreeSWITCH,4178.563194274902
bigbluebutton\akka-bbb-fsesl\src\main\java\org\bigbluebutton\freeswitch\voice\events\VoiceConferenceEvent.java,0.26582908630371094,1.3722213745117187,3343.3560943603516,3778.7900924682617,0.11967882428850446,FreeSWITCH,3778.7900924682617
bigbluebutton\bbb-common-web\src\main\java\org\bigbluebutton\api\util\MeetingResponseDetail.java,0.41338391985212053,2.3285376412527903,0.003393319887774331,0.05722442354474749,0.0907853399004255,BBB web,2.3285376412527903
bigbluebutton\bbb-common-web\src\main\java\org\bigbluebutton\presentation\imp\PageCounterService.java,0.1559427261352539,2.3179203578404017,0.046356701850891115,0.09650628907339913,0.11837269919259208,BBB web,2.3179203578404017
bigbluebutton\bbb-common-web\src\main\java\org\bigbluebutton\api\model\request\CreateMeeting.java,0.4299543925694057,2.4927213396344867,0.16836113248552595,0.33427837916782926,0.2557234355381557,BBB web,2.4927213396344867
bigbluebutton\bbb-common-web\src\main\java\org\bigbluebutton\api\model\constraint\list\SizeList.java,0.365074702671596,2.470667157854353,0.10802748543875558,0.14155491420200894,0.1708160536629813,BBB web,2.470667157854353
bigbluebutton\bbb-common-web\src\main\java\org\bigbluebutton\api\messaging\ReceivedMessageHandler.java,0.6031503949846541,2.4340687343052454,0.3619386400495257,0.12314323697771346,6.838558523995536,Redis PubSub,6.838558523995536
bigbluebutton\akka-bbb-apps\src\main\scala\org\bigbluebutton\core\util\jhotdraw\PathData.java,2001.053810119629,1.152388654436384,0.05993761335100446,0.18835671288626535,0.02861149311065674,Apps,2001.053810119629
bigbluebutton\bbb-common-web\src\main\java\org\bigbluebutton\api\messaging\messages\GuestLobbyMessageChanged.java,0.5011328016008649,2.3182560511997767,0.07424071856907435,0.05722463471548898,0.43976007189069477,BBB web,2.3182560511997767
bigbluebutton\bbb-common-web\src\main\java\org\bigbluebutton\api\model\shared\PostChecksum.java,0.317697879246303,2.3481009347098216,0.07933399336678641,0.11354889188494001,0.06837147985185896,BBB web,2.3481009347098216
bigbluebutton\bbb-common-web\src\main\java\org\bigbluebutton\api\domain\Extension.java,0.22179767063685826,2.269430106026786,0.003227021438734872,0.057221991675240655,0.028610995837620327,BBB web,2.269430106026786
bigbluebutton\bbb-common-web\src\main\java\org\bigbluebutton\api\model\request\SimpleRequest.java,0.36616698673793246,2.486143275669643,0.12357615062168666,0.23867394583565849,0.08200360025678362,BBB web,2.486143275669643
bigbluebutton\bbb-common-web\src\main\java\org\bigbluebutton\api\messaging\messages\EndBreakoutRoom.java,0.31530584607805523,2.267073495047433,0.07473911557878767,0.05722547939845494,0.2854800088065011,BBB web,2.267073495047433
bigbluebutton\bbb-common-web\src\main\java\org\bigbluebutton\presentation\GeneratedSlidesInfoHelper.java,0.13296315329415456,2.301175580705915,0.003577689187867301,0.05722701208932059,0.10403944424220495,BBB web,2.301175580705915
bigbluebutton\bbb-common-web\src\main\java\org\bigbluebutton\api\model\validator\PatternValidator.java,0.31464097159249443,2.3458729335239954,0.08095101628984724,0.11467016765049526,0.0947514261518206,BBB web,2.3458729335239954
bigbluebutton\bbb-common-web\src\main\java\org\bigbluebutton\api\domain\MeetingInfo.java,0.41096621922084264,2.2925953456333708,0.0031498385327202935,0.05722082683018276,0.05718184198651995,BBB web,2.2925953456333708
bigbluebutton\bbb-common-web\src\main\java\org\bigbluebutton\api2\domain\PasswordProp2.java,0.3141732897077288,2.2624269757952007,0.0034526279994419643,0.05722526822771345,0.028612634113856724,BBB web,2.2624269757952007
bigbluebutton\bigbluebutton-web\pres-checker\src\main\java\org\bigbluebutton\prescheck\Main.java,0.48478072030203684,1.3533715384347098,0.11321475165230888,0.1963776179722377,0.06561765670776368,BBB web,1.3533715384347098
bigbluebutton\bbb-common-web\src\main\java\org\bigbluebutton\api2\domain\UsersProp2.java,0.5100976126534599,2.291398402622768,0.0567000150680542,0.1833092280796596,0.05718020030430385,BBB web,2.291398402622768
bigbluebutton\bbb-common-web\src\main\java\org\bigbluebutton\api\model\shared\Checksum.java,0.3600840159824916,2.381682695661272,0.21932595116751535,0.17040188653128488,0.28416006905691965,BBB web,2.381682695661272
bigbluebutton\bbb-common-web\src\main\java\org\bigbluebutton\api\model\entity\Recording.java,0.5323789324079241,2.404921395438058,0.10696533748081752,0.10008890969412668,0.19319611958095007,BBB web,2.404921395438058
bigbluebutton\bbb-common-message\src\main\java\org\bigbluebutton\common2\redis\pubsub\ReceivedMessageHandler.java,0.44454405648367745,1.3690035138811385,0.4744049072265625,0.13838273457118444,8.782256208147322,Redis PubSub,8.782256208147322
bigbluebutton\akka-bbb-fsesl\src\main\java\org\bigbluebutton\freeswitch\voice\events\ConfMember.java,0.35727866036551337,1.4028670174734934,3362.980308532715,3700.5311584472656,0.11615735462733677,FreeSWITCH,3700.5311584472656
bigbluebutton\bbb-common-web\src\main\java\org\bigbluebutton\api\messaging\messages\UserUnsharedWebcam.java,0.5238595145089285,2.3175733293805805,0.10384888648986816,0.09333854402814593,0.3326645987374442,BBB web,2.3175733293805805
bigbluebutton\bbb-common-web\src\main\java\org\bigbluebutton\api\model\shared\Password.java,0.5824150085449219,2.4606288364955358,0.21474768774850028,0.1706582614353725,0.34342250823974607,BBB web,2.4606288364955358
bigbluebutton\bbb-common-web\src\main\java\org\bigbluebutton\api\model\validator\MeetingEndedValidator.java,0.5707909720284599,2.4580006190708708,0.08157478060041155,0.1151022093636649,0.15202929633004325,BBB web,2.4580006190708708
bigbluebutton\bbb-common-web\src\main\java\org\bigbluebutton\api\model\shared\GetChecksum.java,0.34183156149727956,2.377892630440848,0.20455619267054967,0.1656289918082101,0.25480022430419924,BBB web,2.377892630440848
bigbluebutton\bbb-common-web\src\main\java\org\bigbluebutton\api\model\shared\JoinPassword.java,0.3057466779436384,2.3532296316964287,0.08553273337227958,0.11783726555960519,0.07139734540666853,BBB web,2.3532296316964287
bigbluebutton\bbb-common-web\src\main\java\org\bigbluebutton\api\messaging\converters\messages\EndMeetingMessage.java,0.4441852569580078,2.3177422659737723,0.0738741193498884,0.05722400801522391,0.2649918147495815,BBB web,2.3177422659737723
bigbluebutton\bbb-common-web\src\main\java\org\bigbluebutton\api\model\constraint\Size.java,0.438806642804827,2.5312430245535715,0.2192934308733259,0.19565888813563756,0.32244652339390345,BBB web,2.5312430245535715
bigbluebutton\akka-bbb-fsesl\src\main\java\org\bigbluebutton\freeswitch\voice\commands\MuteUserCommand.java,0.09491992677961077,1.317272731236049,3045.611228942871,3862.549285888672,0.028611394337245397,FreeSWITCH,3862.549285888672
bigbluebutton\bbb-common-web\src\main\java\org\bigbluebutton\api\util\HTML5ProcessLine.java,0.21702477591378347,2.346205139160156,0.003076261281967163,0.05721970285688128,0.02860985142844064,BBB web,2.346205139160156
bigbluebutton\bbb-common-web\src\main\java\org\bigbluebutton\api\model\shared\ModeratorPassword.java,0.3064007350376674,2.3536043439592635,0.08576412200927734,0.11799680164882115,0.07150991303580148,BBB web,2.3536043439592635
