file_path,IMBS,KDE,LBP_MRF,LBSP,MultiLayer,PBAS,SigmaDelta,T2F,TwoPoints,ViBe,VuMeter,general,lb,main,best_module,best_likelihood
bgslibrary\bgslibrary\algorithms\IndependentMultimodal.cpp,92.56019592285156,11.31079387664795,10.727147102355957,6.519565582275391,7.1971611976623535,14.76085376739502,7.1971611976623535,4.115662574768066,5.302629470825195,3.108466625213623,7.1971611976623535,7.668667793273926,7.409862041473389,13.239564895629883,IMBS,92.56019592285156
bgslibrary\bgslibrary\algorithms\T2F\T2FMRF.cpp,10.572314262390137,15.551471710205078,51.799564361572266,6.699409008026123,9.785481452941895,28.200435638427734,6.737126350402832,228.0496368408203,5.150935649871826,13.918792724609375,6.737126350402832,7.316760063171387,72.09871673583984,13.890188217163086,T2F,228.0496368408203
bgslibrary\bgslibrary\algorithms\lb\BGModelSom.h,1.1390479803085327,7.022190570831299,28.56331443786621,2.2954769134521484,1.1390479803085327,7.570460319519043,1.1390479803085327,18.209075927734375,3.3389437198638916,1.1390479803085327,1.1390479803085327,3.5720248222351074,98.72450256347656,3.708660840988159,lb,98.72450256347656
bgslibrary\bgslibrary\algorithms\LBAdaptiveSOM.cpp,19.30026626586914,10.92972469329834,26.952526092529297,6.3660101890563965,7.028829574584961,13.439643859863281,7.028829574584961,4.005988121032715,5.228780269622803,15.677212715148926,7.028829574584961,7.514233112335205,86.90692901611328,14.89484977722168,lb,86.90692901611328
bgslibrary\bgslibrary\algorithms\LBP_MRF.h,18.67530632019043,0.3511074185371399,154.52349853515625,46.77309036254883,6.082672119140625,25.9190731048584,3.6121373176574707,26.09286880493164,3.3451716899871826,1.141602873802185,3.6121373176574707,3.6223208904266357,72.9316177368164,11.301511764526367,LBP_MRF,154.52349853515625
bgslibrary\bgslibrary\algorithms\TwoPoints.cpp,18.95162010192871,8.734359741210938,12.12267780303955,6.671736240386963,5.506137371063232,18.51173973083496,2.4407193660736084,3.243079900741577,149.47723388671875,2.4407193660736084,2.4407193660736084,5.006581783294678,5.877331733703613,14.787420272827148,TwoPoints,149.47723388671875
bgslibrary\gui\mfc\src\targetver.h,0.0,0.0,10.867718696594238,0.0,0.0,0.0,0.0,0.3018810749053955,0.0,0.0,0.0,0.0,1.1141974925994873,0.0,LBP_MRF,10.867718696594238
bgslibrary\bgslibrary\algorithms\MultiLayer\BlobLibraryConfiguration.h,1.129473090171814,0.0,0.0,2.275130271911621,102.08457946777344,0.0,1.129473090171814,0.0,3.3156039714813232,1.129473090171814,1.129473090171814,3.4046034812927246,1.1456571817398071,3.4046034812927246,MultiLayer,102.08457946777344
bgslibrary\bgslibrary\algorithms\LBSP\LBSP_.cpp,6.994213104248047,14.409027099609375,50.36412811279297,105.18700408935547,1.0690513849258423,1.626373529434204,1.4168578386306763,24.059120178222656,3.5161261558532715,17.990829467773438,1.4168578386306763,3.4960861206054688,40.69761276245117,12.977459907531738,LBSP,105.18700408935547
bgslibrary\bgslibrary\algorithms\LBSP\BackgroundSubtractorLOBSTER.h,2.4554879665374756,4.0,40.61843490600586,108.59319305419922,3.130889415740967,4.182950496673584,5.40924072265625,2.1721386909484863,4.643655300140381,18.456668853759766,3.4554879665374756,5.581168174743652,76.03905487060547,11.888776779174805,LBSP,108.59319305419922
bgslibrary\bgslibrary\tools\PerformanceUtils.h,0.34370315074920654,0.0,0.0,1.0,0.0,1.3437031507492065,0.34370315074920654,0.0,1.404352068901062,1.3437031507492065,1.3437031507492065,1.0,1.0311094522476196,0.0,TwoPoints,1.404352068901062
bgslibrary\bgslibrary\algorithms\MultiLayer\OpenCvDataConversion.h,9.784303665161133,12.610536575317383,13.427703857421875,2.7070391178131104,91.49664306640625,0.0,1.1087291240692139,0.37299177050590515,5.997196197509766,1.1087291240692139,1.1087291240692139,3.692366361618042,4.984830379486084,10.506352424621582,MultiLayer,91.49664306640625
bgslibrary\bgslibrary\algorithms\DPPratiMediod.h,18.29794692993164,0.3471217751502991,6.60389518737793,2.6049323081970215,1.1406630277633667,22.264450073242188,1.1406630277633667,0.17379926145076752,3.3428807258605957,1.1406630277633667,1.1406630277633667,3.6133711338043213,1.5058443546295166,12.91780948638916,PBAS,22.264450073242188
bgslibrary\bgslibrary\algorithms\dp\BgsParams.h,1.1426753997802734,0.0,0.0,2.303184986114502,1.1426753997802734,0.0,1.1426753997802734,0.0,3.3477859497070312,16.731460571289062,1.1426753997802734,3.4458603858947754,1.160509705543518,3.4458603858947754,ViBe,16.731460571289062
bgslibrary\bgslibrary\algorithms\PAWCS.h,19.51709747314453,4.353134632110596,33.963104248046875,97.35334014892578,3.1420774459838867,21.636489868164062,3.1420774459838867,2.175030469894409,4.3463287353515625,2.1420774459838867,3.1420774459838867,5.619022846221924,41.5098991394043,12.138910293579102,LBSP,97.35334014892578
bgslibrary\bgslibrary\algorithms\dp\AdaptiveMedianBGS.h,2.917351245880127,7.118634223937988,16.948165893554688,5.851914405822754,4.697010040283203,14.876781463623047,4.697010040283203,3.559317111968994,5.115299224853516,2.917351245880127,4.697010040283203,7.166680335998535,10.166154861450195,16.92017936706543,LBP_MRF,16.948165893554688
bgslibrary\bgslibrary\algorithms\dp\PratiMediodBGS.h,3.4214653968811035,7.841123104095459,17.00632095336914,6.2021803855896,5.053088188171387,20.085128784179688,5.381746292114258,3.9205615520477295,5.61198616027832,16.76102066040039,5.381746292114258,7.512388229370117,11.128573417663574,17.430856704711914,PBAS,20.085128784179688
bgslibrary\bgslibrary\algorithms\LBSP\BackgroundSubtractorLBSP_.h,2.3919737339019775,4.0,40.12335205078125,94.48544311523438,3.1300861835479736,2.261887550354004,3.3919737339019775,2.308130979537964,4.578985691070557,18.366525650024414,3.3919737339019775,5.591538429260254,42.54827117919922,16.191102981567383,LBSP,94.48544311523438
bgslibrary\bgslibrary\algorithms\MultiLayer\BlobResult.cpp,1.32501220703125,0.0,0.0,22.50506591796875,87.58773040771484,1.7397693395614624,1.32501220703125,30.621152877807617,5.3000335693359375,7.815046310424805,1.32501220703125,9.907448768615723,5.4013285636901855,12.296886444091797,MultiLayer,87.58773040771484
bgslibrary\bgslibrary\algorithms\DPZivkovicAGMM.cpp,19.279396057128906,10.92972469329834,10.274738311767578,6.3660101890563965,7.028829574584961,24.80069923400879,7.028829574584961,7.337718486785889,5.228780269622803,15.677212715148926,7.028829574584961,7.514233112335205,50.756710052490234,14.910813331604004,lb,50.756710052490234
bgslibrary\bgslibrary\algorithms\KNN.h,19.51709747314453,22.81334114074707,6.654232978820801,4.613239288330078,3.1420774459838867,21.636489868164062,3.1420774459838867,2.175030469894409,5.191547393798828,2.1420774459838867,3.1420774459838867,5.619022846221924,4.5098981857299805,12.138910293579102,KDE,22.81334114074707
bgslibrary\bgslibrary\algorithms\SuBSENSE.h,19.51709747314453,4.353134632110596,33.963104248046875,97.85388946533203,3.1420774459838867,21.636489868164062,3.1420774459838867,2.175030469894409,4.3463287353515625,2.1420774459838867,3.1420774459838867,5.619022846221924,41.5098991394043,12.138910293579102,LBSP,97.85388946533203
bgslibrary\bgslibrary\algorithms\VuMeter\TBackground.h,3.341675281524658,7.325202941894531,0.0,5.961510181427002,4.803264617919922,4.032312870025635,5.172976016998291,3.6626014709472656,5.543892860412598,3.341675281524658,131.2531280517578,8.62745475769043,7.761282444000244,5.550454616546631,VuMeter,131.2531280517578
bgslibrary\bgslibrary\algorithms\KDE\KernelTable.h,1.144622564315796,87.32049560546875,0.0,2.3073229789733887,1.144622564315796,0.0,1.144622564315796,0.0,4.120523452758789,1.144622564315796,1.144622564315796,3.4519455432891846,1.1627004146575928,3.4519455432891846,KDE,87.32049560546875
bgslibrary\bgslibrary\algorithms\SuBSENSE.cpp,19.47430992126465,10.989599227905273,49.7681884765625,117.47003936767578,7.055635929107666,15.393310546875,8.888556480407715,4.149562358856201,5.240488529205322,13.279952049255371,7.055635929107666,7.546339511871338,73.41532135009766,21.467479705810547,LBSP,117.47003936767578
bgslibrary\bgslibrary\algorithms\lb\Types.h,21.850292205810547,17.229957580566406,23.426654815673828,2.2974283695220947,1.1399662494659424,0.3684156835079193,1.508381962776184,1.564037561416626,3.7095978260040283,1.508381962776184,1.508381962776184,3.437394618988037,98.28838348388672,3.437394618988037,lb,98.28838348388672
bgslibrary\bgslibrary\algorithms\AdaptiveBackgroundLearning.h,18.554250717163086,0.3541572690010071,6.6627044677734375,2.614647388458252,1.1423161029815674,23.36107635498047,1.1423161029815674,0.17523743212223053,3.346909999847412,1.1423161029815674,1.1423161029815674,3.6199750900268555,1.5105804204940796,11.148544311523438,PBAS,23.36107635498047
bgslibrary\bgslibrary\algorithms\T2F\MRF.h,3.6363415718078613,9.99099349975586,73.4330825805664,8.886810302734375,6.134089946746826,4.99549674987793,6.134089946746826,120.14147186279297,7.194411277770996,15.442395210266113,6.134089946746826,10.185404777526855,12.790580749511719,7.687656402587891,T2F,120.14147186279297
bgslibrary\bgslibrary\algorithms\dp\Eigenbackground.h,3.119161605834961,7.929430961608887,16.309715270996094,6.2554240226745605,5.101519584655762,13.183926582336426,5.101519584655762,3.9647154808044434,5.315831661224365,16.889265060424805,5.101519584655762,7.562630653381348,10.39443588256836,16.306930541992188,ViBe,16.889265060424805
bgslibrary\bgslibrary\algorithms\lb\BGModel.cpp,1.1342049837112427,0.46438297629356384,22.926755905151367,2.2851855754852295,1.1342049837112427,0.0,1.1342049837112427,0.0,3.327138662338257,1.1342049837112427,1.1342049837112427,3.5489587783813477,95.6298828125,3.6777124404907227,lb,95.6298828125
bgslibrary\wrapper\java\src\bgslibrary_BgsLib.h,0.0,0.0,5.203388690948486,0.0,0.0,0.0,0.0,0.14453858137130737,1.0678967237472534,0.0,0.0,0.0,0.9224015474319458,0.0,LBP_MRF,5.203388690948486
bgslibrary\bgslibrary\algorithms\FuzzyChoquetIntegral.h,20.38233184814453,7.591002941131592,6.803722381591797,6.227746486663818,4.762343406677246,24.63483428955078,4.762343406677246,5.800769329071045,5.15783166885376,2.951620101928711,4.762343406677246,7.241071701049805,9.949323654174805,14.0880708694458,PBAS,24.63483428955078
bgslibrary\bgslibrary\algorithms\StaticFrameDifference.h,18.629106521606445,0.3562201261520386,6.679717540740967,2.6174848079681396,1.1427955627441406,21.479671478271484,1.1427955627441406,0.17565271258354187,3.348078727722168,1.1427955627441406,1.1427955627441406,3.6218886375427246,1.5119503736495972,11.167900085449219,PBAS,21.479671478271484
bgslibrary\bgslibrary\algorithms\LOBSTER.h,19.51709747314453,4.353134632110596,33.963104248046875,97.81051635742188,3.1420774459838867,21.636489868164062,3.1420774459838867,2.175030469894409,4.3463287353515625,2.1420774459838867,3.1420774459838867,5.619022846221924,41.5098991394043,12.138910293579102,LBSP,97.81051635742188
bgslibrary\bgslibrary\algorithms\dp\ZivkovicAGMM.cpp,3.007502317428589,16.640758514404297,44.53025436401367,6.672491550445557,11.356035232543945,20.51030731201172,6.663661479949951,29.94035530090332,5.146675109863281,15.407675743103027,6.663661479949951,7.290194511413574,44.49940872192383,14.860889434814453,LBP_MRF,44.53025436401367
bgslibrary\bgslibrary\algorithms\LBMixtureOfGaussians.cpp,19.47430992126465,10.989599227905273,27.344316482543945,6.390151023864746,7.055635929107666,14.284516334533691,7.055635929107666,4.023470878601074,5.240488529205322,15.838080406188965,7.055635929107666,7.538640022277832,87.75354766845703,14.96981430053711,lb,87.75354766845703
bgslibrary\bgslibrary\algorithms\KDE\NPBGSubtractor.h,1.1359264850616455,96.82450103759766,0.32759809494018555,28.101499557495117,1.1359264850616455,1.739555835723877,4.983860015869141,0.0,4.655982971191406,1.1359264850616455,1.1359264850616455,3.557114839553833,1.285261631011963,13.0545015335083,KDE,96.82450103759766
bgslibrary\bgslibrary\algorithms\LBP_MRF\graph.h,2.438959836959839,49.65912628173828,175.35397338867188,67.81282806396484,3.1120240688323975,1.3104512691497803,2.438959836959839,38.303993225097656,5.496583461761475,26.926555633544922,2.438959836959839,4.876039505004883,69.26915740966797,5.713386535644531,LBP_MRF,175.35397338867188
bgslibrary\bgslibrary\algorithms\KDE\KernelTable.cpp,1.5151450634002686,82.82518768310547,12.022998809814453,3.213927745819092,1.1317028999328613,0.38344207406044006,1.5151450634002686,0.0,4.403865337371826,1.5151450634002686,1.5151450634002686,3.577399730682373,5.602928638458252,10.654519081115723,KDE,82.82518768310547
bgslibrary\gui\qt\qt_utils.h,0.3511667847633362,16.24268341064453,19.81025505065918,2.1314451694488525,2.1314451694488525,2.482611894607544,0.3511667847633362,2.622523307800293,0.3511667847633362,0.3511667847633362,0.3511667847633362,0.1746181696653366,2.6589391231536865,6.111635684967041,LBP_MRF,19.81025505065918
bgslibrary\bgslibrary\algorithms\dp\MeanBGS.h,3.121868371963501,7.938485622406006,16.34729766845703,6.260892391204834,5.106489658355713,13.229607582092285,5.106489658355713,3.969242811203003,5.3191752433776855,3.121868371963501,5.106489658355713,7.568934917449951,10.866911888122559,24.159015655517578,main,24.159015655517578
bgslibrary\bgslibrary\algorithms\VuMeter\TBackgroundVuMeter.cpp,3.221086025238037,7.056999206542969,40.92961120605469,6.369927406311035,6.847713470458984,24.646251678466797,4.985335826873779,86.09274291992188,6.159716606140137,10.043212890625,103.29325866699219,13.09589958190918,8.208213806152344,8.730490684509277,VuMeter,103.29325866699219
bgslibrary\bgslibrary\FrameProcessor.cpp,68.4690170288086,91.86439514160156,190.86492919921875,22.419769287109375,101.21763610839844,61.27410125732422,116.42078399658203,63.186248779296875,118.9447021484375,62.7115478515625,114.2979965209961,1.3285120725631714,56.29893493652344,19.85837173461914,LBP_MRF,190.86492919921875
bgslibrary\bgslibrary\algorithms\MixtureOfGaussianV2.h,19.48012351989746,4.352118015289307,12.598664283752441,4.611837863922119,3.1418397426605225,23.243844985961914,3.1418397426605225,3.340181827545166,4.345749378204346,2.1418397426605225,3.1418397426605225,5.783431053161621,7.729838848114014,12.129304885864258,PBAS,23.243844985961914
bgslibrary\bgslibrary\algorithms\ViBe.h,20.809606552124023,6.5319600105285645,10.256366729736328,4.678867816925049,4.597222328186035,21.72171974182129,3.769242763519287,2.593390703201294,4.379848480224609,72.57430267333984,2.177630662918091,6.125031471252441,7.600523471832275,13.59337043762207,ViBe,72.57430267333984
bgslibrary\bgslibrary\algorithms\LBFuzzyGaussian.cpp,19.47430992126465,10.989599227905273,27.344316482543945,6.390151023864746,7.055635929107666,14.284516334533691,7.055635929107666,4.023470878601074,5.240488529205322,15.838080406188965,7.055635929107666,7.538640022277832,87.75354766845703,14.96981430053711,lb,87.75354766845703
bgslibrary\bgslibrary\algorithms\FuzzySugenoIntegral.cpp,17.686458587646484,16.167110443115234,105.55047607421875,54.3345832824707,9.944844245910645,20.579343795776367,8.50019359588623,54.23890686035156,6.790523529052734,15.0903902053833,8.50019359588623,11.015830993652344,90.02516174316406,16.00811195373535,LBP_MRF,105.55047607421875
bgslibrary\bgslibrary\algorithms\MultiLayer\BGS.h,5.205709934234619,41.088584899902344,146.6894073486328,109.25070190429688,106.4028091430664,25.339141845703125,6.967729568481445,65.45340728759766,8.594167709350586,27.455293655395508,6.967729568481445,13.114991188049316,106.1330337524414,31.612398147583008,LBP_MRF,146.6894073486328
bgslibrary\bgslibrary\algorithms\T2FMRF_UV.cpp,18.732681274414062,12.675445556640625,65.1412582397461,8.276040077209473,7.918846607208252,24.685354232788086,7.918846607208252,69.55016326904297,7.07996940612793,15.180978775024414,7.918846607208252,8.421506881713867,51.84022903442383,14.97332763671875,T2F,69.55016326904297
bgslibrary\bgslibrary\algorithms\lb\BGModelFuzzyGauss.cpp,1.8343756198883057,18.849964141845703,57.83163833618164,2.266493558883667,1.12540864944458,18.57447624206543,1.8343756198883057,6.671200752258301,4.0146636962890625,1.8343756198883057,1.8343756198883057,3.4881551265716553,133.737060546875,20.460691452026367,lb,133.737060546875
bgslibrary\gui\mfc\src\App.h,0.0,0.0,44.58258056640625,0.0,0.0,0.0,0.0,0.44668158888816833,0.0,0.0,0.0,0.0,2.87274432182312,5.21128511428833,LBP_MRF,44.58258056640625
bgslibrary\bgslibrary\algorithms\dp\WrenGA.h,3.119161605834961,7.929430961608887,16.309715270996094,6.2554240226745605,5.101519584655762,13.183926582336426,5.101519584655762,7.5329270362854,5.315831661224365,3.119161605834961,5.101519584655762,7.562630653381348,28.66384506225586,17.067655563354492,lb,28.66384506225586
bgslibrary\bgslibrary\algorithms\LBFuzzyGaussian.h,18.51709747314453,0.4100036919116974,27.19275665283203,2.613239288330078,1.1420775651931763,20.154335021972656,1.1420775651931763,0.17503051459789276,3.3463287353515625,1.1420775651931763,1.1420775651931763,3.619022846221924,90.92034912109375,11.138910293579102,lb,90.92034912109375
bgslibrary\bgslibrary\algorithms\TwoPoints.h,19.49220848083496,6.595478534698486,10.32028865814209,4.708191871643066,4.637850284576416,21.97113037109375,2.190477132797241,2.6219916343688965,146.83738708496094,2.190477132797241,2.190477132797241,4.666001319885254,5.004786968231201,12.16860294342041,TwoPoints,146.83738708496094
bgslibrary\gui\qt\texteditor.cpp,6.652712821960449,15.83362865447998,10.350719451904297,5.558901786804199,9.958497047424316,7.097165584564209,6.9953718185424805,3.9460926055908203,8.041680335998535,25.065950393676758,9.935525894165039,5.083948135375977,7.220385551452637,7.502312183380127,ViBe,25.065950393676758
bgslibrary\bgslibrary\algorithms\KDE\NPBGmodel.h,1.1420775651931763,84.43495178222656,13.654436111450195,3.2348856925964355,1.1420775651931763,0.0,1.1420775651931763,0.0,4.100804805755615,13.459407806396484,1.1420775651931763,3.4439921379089355,1.159837245941162,4.376963138580322,KDE,84.43495178222656
bgslibrary\bgslibrary\algorithms\dp\GrimsonGMM.cpp,3.055396795272827,15.835777282714844,41.23410415649414,6.761846542358398,9.952327728271484,19.32939338684082,6.759450435638428,18.072769165039062,5.1945695877075195,12.799772262573242,6.759450435638428,7.385983467102051,44.308921813964844,14.908783912658691,lb,44.308921813964844
bgslibrary\bgslibrary\algorithms\DPAdaptiveMedian.cpp,19.179115295410156,11.059797286987305,10.203857421875,6.436711311340332,7.096803665161133,24.64499855041504,7.096803665161133,4.083117485046387,5.26445198059082,15.567214012145996,7.096803665161133,7.584630012512207,33.89701461791992,14.884926795959473,lb,33.89701461791992
bgslibrary\bgslibrary\algorithms\SigmaDelta\sdLaMa091.h,2.8477625846862793,8.68885612487793,24.740999221801758,6.857890605926514,6.3859992027282715,10.162181854248047,128.78562927246094,3.5863380432128906,5.0359296798706055,2.8477625846862793,6.3859992027282715,6.842775821685791,7.755645275115967,11.612621307373047,SigmaDelta,128.78562927246094
bgslibrary\bgslibrary\algorithms\LBMixtureOfGaussians.h,18.51709747314453,0.4100036919116974,27.19275665283203,2.613239288330078,1.1420775651931763,20.154335021972656,1.1420775651931763,0.17503051459789276,3.3463287353515625,1.1420775651931763,1.1420775651931763,3.619022846221924,90.92034912109375,11.138910293579102,lb,90.92034912109375
bgslibrary\bgslibrary\algorithms\MixtureOfGaussianV1.cpp,20.003463745117188,11.500636100769043,16.609272003173828,9.258543014526367,7.361715793609619,16.046770095825195,7.361715793609619,6.780458927154541,5.3326497077941895,16.239547729492188,7.361715793609619,7.888549327850342,10.664794921875,13.557883262634277,IMBS,20.003463745117188
bgslibrary\bgslibrary\algorithms\WeightedMovingVariance.cpp,17.06513214111328,9.712119102478027,17.687164306640625,7.883849143981934,6.564394950866699,11.99862289428711,6.564394950866699,51.76363754272461,4.920241832733154,18.195837020874023,6.564394950866699,6.932662010192871,8.776599884033203,22.605239868164062,T2F,51.76363754272461
bgslibrary\bgslibrary\algorithms\AdaptiveBackgroundLearning.cpp,19.192832946777344,11.543784141540527,17.04383659362793,9.14514446258545,7.39130163192749,17.053821563720703,7.39130163192749,49.26286315917969,5.367877960205078,16.667253494262695,7.39130163192749,7.80797815322876,7.7025465965271,13.500785827636719,T2F,49.26286315917969
bgslibrary\bgslibrary\algorithms\LBSP\BackgroundSubtractorLOBSTER.cpp,5.3878374099731445,18.911548614501953,40.89122772216797,99.76934051513672,3.6053054332733154,3.764554262161255,3.2786741256713867,13.109704971313477,5.556997299194336,19.63433265686035,4.278674125671387,7.282581329345703,42.914695739746094,15.241263389587402,LBSP,99.76934051513672
bgslibrary\bgslibrary\algorithms\dp\Eigenbackground.cpp,3.1128733158111572,9.845741271972656,29.738073348999023,7.037382125854492,9.387063026428223,10.80424976348877,6.93962287902832,46.326011657714844,5.2660393714904785,10.935734748840332,6.93962287902832,11.127939224243164,11.542109489440918,17.365238189697266,T2F,46.326011657714844
bgslibrary\bgslibrary\FrameProcessor.h,68.8187026977539,90.72589111328125,196.43292236328125,30.45795249938965,96.0916748046875,16.051790237426758,115.17752075195312,61.94527053833008,117.69458770751953,62.25381088256836,113.11392974853516,1.3747191429138184,62.157997131347656,12.477972984313965,LBP_MRF,196.43292236328125
bgslibrary\wrapper\matlab\mxarray.h,18.376508712768555,0.05440965294837952,10.192575454711914,10.223856925964355,0.0,4.8789849281311035,0.7320879697799683,5.241086006164551,2.9895544052124023,17.513376235961914,0.7320879697799683,1.9280579090118408,7.053198337554932,7.872826099395752,IMBS,18.376508712768555
bgslibrary\bgslibrary\algorithms\FrameDifference.cpp,20.181385040283203,11.56103801727295,10.814456939697266,9.313308715820312,7.391539573669434,16.268779754638672,7.391539573669434,4.208582878112793,5.342416763305664,3.1530802249908447,7.391539573669434,7.74576997756958,7.543953895568848,14.193831443786621,IMBS,20.181385040283203
bgslibrary\bgslibrary\algorithms\KDE\NPBGmodel.cpp,1.1359264850616455,82.29475402832031,17.20428466796875,3.336498498916626,1.1359264850616455,0.0,1.1359264850616455,0.0,4.053147315979004,14.817709922790527,1.1359264850616455,3.4247703552246094,1.1529173851013184,4.4724249839782715,KDE,82.29475402832031
bgslibrary\gui\qt\qt_utils.cpp,0.3909761905670166,16.63714027404785,34.51265335083008,2.7449235916137695,4.385179042816162,2.3021433353424072,0.3909761905670166,2.4232232570648193,1.665866494178772,28.27748680114746,0.3909761905670166,3.9570319652557373,3.406137704849243,7.299503803253174,LBP_MRF,34.51265335083008
bgslibrary\bgslibrary\algorithms\VuMeter.h,20.222087860107422,7.611559867858887,7.9888482093811035,6.239784240722656,4.772095680236816,26.045413970947266,4.772095680236816,3.8051414489746094,5.1599602699279785,2.956731081008911,142.38079833984375,7.246912479400635,7.095391750335693,22.19420051574707,VuMeter,142.38079833984375
bgslibrary\wrapper\python\ndarray_converter.h,0.0,0.0,12.57248592376709,0.30689430236816406,0.0,0.0,0.0,1.8889122009277344,0.0,0.0,0.0,0.3256080448627472,1.4182020425796509,6.754584789276123,LBP_MRF,12.57248592376709
bgslibrary\bgslibrary\algorithms\WeightedMovingMean.cpp,18.688220977783203,11.31734561920166,17.270383834838867,8.913761138916016,7.325777530670166,14.332491874694824,7.325777530670166,50.238243103027344,5.302821159362793,16.985538482666016,7.325777530670166,7.679933071136475,7.540373802185059,13.458338737487793,T2F,50.238243103027344
bgslibrary\bgslibrary\algorithms\SigmaDelta.h,18.65476417541504,0.35313481092453003,6.654232978820801,2.873277187347412,1.2797447443008423,19.636489868164062,142.56028747558594,0.17503051459789276,3.6216630935668945,1.2797447443008423,1.2797447443008423,4.016727924346924,1.6322691440582275,11.536615371704102,SigmaDelta,142.56028747558594
bgslibrary\bgslibrary\algorithms\LBP_MRF\MEImage.hpp,2.1702187061309814,21.766597747802734,153.33045959472656,49.54559326171875,6.348206996917725,5.813279151916504,2.1702187061309814,24.18048095703125,5.039687156677246,11.033158302307129,2.1702187061309814,13.152436256408691,99.67981719970703,41.31227111816406,LBP_MRF,153.33045959472656
bgslibrary\bgslibrary\algorithms\DPMean.h,18.29794692993164,0.3471217751502991,6.60389518737793,2.6049323081970215,1.1406630277633667,22.264450073242188,1.1406630277633667,0.17379926145076752,3.3428807258605957,1.1406630277633667,1.1406630277633667,3.6133711338043213,1.5058443546295166,12.91780948638916,PBAS,22.264450073242188
bgslibrary\bgslibrary\algorithms\MixtureOfGaussianV2.cpp,20.02029800415039,11.40526008605957,17.08724594116211,9.233513832092285,7.303340435028076,16.104528427124023,7.303340435028076,5.326480865478516,5.311420440673828,3.1232528686523438,7.303340435028076,7.859861850738525,10.758605003356934,13.113831520080566,IMBS,20.02029800415039
bgslibrary\bgslibrary\algorithms\LBSP\BackgroundSubtractorPAWCS.cpp,2.3627424240112305,5.835809707641602,46.84787368774414,91.8964614868164,3.1957108974456787,3.5151548385620117,3.7262279987335205,30.283613204956055,5.696439266204834,19.52318572998047,4.3627424240112305,7.258017063140869,83.34268951416016,32.991233825683594,LBSP,91.8964614868164
bgslibrary\bgslibrary\algorithms\MultiLayer\blob.cpp,7.3118462562561035,2.924119472503662,30.212987899780273,3.0767428874969482,73.18303680419922,9.292290687561035,3.084152936935425,17.40589714050293,4.314650535583496,8.95477294921875,1.6220932006835938,84.61215209960938,8.032271385192871,59.894046783447266,general,84.61215209960938
bgslibrary\bgslibrary\algorithms\dp\Image.cpp,12.395028114318848,2.0,0.0,2.2851855754852295,1.1342049837112427,0.0,1.1342049837112427,0.0,3.327138662338257,1.1342049837112427,1.1342049837112427,3.4193906784057617,1.319064974784851,3.4193906784057617,IMBS,12.395028114318848
bgslibrary\bgslibrary\algorithms\LBP_MRF\MEHistogram.cpp,14.261808395385742,29.951351165771484,120.54983520507812,38.4345817565918,5.449404239654541,18.727144241333008,2.2079641819000244,30.281923294067383,5.080533504486084,16.0073299407959,2.2079641819000244,5.39335823059082,60.34671401977539,6.905734539031982,LBP_MRF,120.54983520507812
bgslibrary\bgslibrary\algorithms\DPTexture.h,18.19073486328125,0.4039110541343689,9.050495147705078,2.6008682250976562,1.1399662494659424,20.46749496459961,1.1399662494659424,1.8081392049789429,3.341182231903076,13.145350456237793,1.1399662494659424,3.6105847358703613,4.773740291595459,12.882533073425293,PBAS,20.46749496459961
bgslibrary\wrapper\matlab\mxtypes.h,0.41251635551452637,0.0,0.0,0.0,0.0,0.41251635551452637,0.41251635551452637,18.195032119750977,0.41251635551452637,0.41251635551452637,0.41251635551452637,0.0,3.5409438610076904,0.5134925246238708,T2F,18.195032119750977
bgslibrary\bgslibrary\algorithms\lb\BGModelFuzzySom.h,1.138593316078186,6.994394779205322,23.535327911376953,2.29451060295105,1.138593316078186,7.528561592102051,1.138593316078186,2.0,3.3378353118896484,1.138593316078186,1.138593316078186,3.569843053817749,101.52364349365234,3.7057225704193115,lb,101.52364349365234
bgslibrary\bgslibrary\algorithms\DPEigenbackground.cpp,19.279396057128906,10.92972469329834,10.274738311767578,6.3660101890563965,7.028829574584961,24.80069923400879,7.028829574584961,19.273595809936523,5.228780269622803,15.677212715148926,7.028829574584961,7.514233112335205,34.098060607910156,14.910813331604004,lb,34.098060607910156
bgslibrary\bgslibrary\algorithms\LBSP\LBSP.h,1.4773293733596802,0.0,48.544830322265625,108.64613342285156,1.1087291240692139,0.8944482803344727,1.4773293733596802,22.07887077331543,3.633638858795166,18.04951286315918,1.4773293733596802,3.5256905555725098,40.58521270751953,10.716326713562012,LBSP,108.64613342285156
bgslibrary\bgslibrary\algorithms\LBSP\BackgroundSubtractorLBSP.h,2.395413398742676,4.0,40.35836410522461,94.82195281982422,3.130889415740967,2.26452374458313,3.395413398742676,2.309678554534912,4.583580493927002,18.39659309387207,3.395413398742676,5.594357490539551,42.5601806640625,16.24778175354004,LBSP,94.82195281982422
bgslibrary\gui\mfc\src\Dlg.cpp,19.62230682373047,206.13885498046875,60.4853515625,34.308780670166016,41.6180419921875,23.062658309936523,41.78831100463867,73.98902893066406,9.474523544311523,62.62558364868164,96.08528137207031,13.040046691894531,75.46890258789062,71.39302062988281,KDE,206.13885498046875
bgslibrary\bgslibrary\algorithms\dp\AdaptiveMedianBGS.cpp,10.049257278442383,9.785012245178223,35.363922119140625,24.728559494018555,6.869104385375977,16.43195343017578,6.869104385375977,4.035699844360352,5.309854507446289,3.137641668319702,6.869104385375977,7.588972568511963,9.584695816040039,16.47646713256836,LBP_MRF,35.363922119140625
bgslibrary\bgslibrary\algorithms\VuMeter\TBackground.cpp,3.4207682609558105,7.701573371887207,31.3153018951416,6.89197301864624,7.248870849609375,4.226369857788086,5.346161842346191,24.189390182495117,5.592981338500977,3.4207682609558105,118.20883178710938,11.24717903137207,8.037694931030273,6.3017683029174805,VuMeter,118.20883178710938
bgslibrary\bgslibrary\algorithms\T2FMRF_UM.h,17.912189483642578,0.33661365509033203,59.90672302246094,2.5903100967407227,1.1381416320800781,21.73220443725586,1.1381416320800781,60.614288330078125,4.070309162139893,1.1381416320800781,1.1381416320800781,3.603278875350952,17.681718826293945,12.790241241455078,T2F,60.614288330078125
bgslibrary\bgslibrary\algorithms\PAWCS.cpp,19.47430992126465,10.989599227905273,53.65068435668945,116.1774673461914,7.055635929107666,15.393310546875,8.399374961853027,4.2679548263549805,5.240488529205322,13.279952049255371,7.055635929107666,7.546339511871338,67.72048950195312,25.611209869384766,LBSP,116.1774673461914
bgslibrary\bgslibrary\algorithms\LBSP\LBSP.cpp,6.994213104248047,14.409027099609375,50.36412811279297,105.18700408935547,1.0690513849258423,1.626373529434204,1.4168578386306763,24.059120178222656,3.5161261558532715,17.990829467773438,1.4168578386306763,3.4960861206054688,40.69761276245117,12.977459907531738,LBSP,105.18700408935547
bgslibrary\bgslibrary\algorithms\LOBSTER.cpp,19.47430992126465,10.989599227905273,45.807159423828125,118.50067138671875,7.055635929107666,15.429242134094238,8.735655784606934,4.031169891357422,5.240488529205322,13.279952049255371,7.055635929107666,7.546339511871338,73.14402770996094,13.180017471313477,LBSP,118.50067138671875
bgslibrary\bgslibrary\algorithms\FuzzyChoquetIntegral.cpp,17.686458587646484,16.167110443115234,105.55047607421875,54.3345832824707,9.944844245910645,20.579343795776367,8.50019359588623,54.23890686035156,6.790523529052734,15.0903902053833,8.50019359588623,11.015830993652344,90.02516174316406,16.00811195373535,LBP_MRF,105.55047607421875
bgslibrary\bgslibrary\algorithms\MultiLayer\BackgroundSubtractionAPI.h,11.66972827911377,29.367164611816406,6.350072860717773,9.644086837768555,117.44261932373047,6.630973815917969,5.25327205657959,6.630973815917969,7.046659469604492,4.25327205657959,5.25327205657959,7.699228763580322,11.045331001281738,17.095062255859375,MultiLayer,117.44261932373047
bgslibrary\bgslibrary\algorithms\algorithms.cpp,1.1468777656555176,0.0,0.0,2.312115430831909,1.1468777656555176,0.0,1.1468777656555176,0.0,3.3505001068115234,1.1468777656555176,1.1468777656555176,3.4589931964874268,1.165237545967102,3.4589931964874268,general,3.4589931964874268
bgslibrary\bgslibrary\algorithms\IMBS\IMBS.cpp,74.76714324951172,16.64708709716797,34.719905853271484,32.75898361206055,5.614204406738281,11.930142402648926,10.3266019821167,33.993804931640625,7.043266296386719,25.11661148071289,5.97410774230957,9.160860061645508,62.54029846191406,33.382057189941406,IMBS,74.76714324951172
bgslibrary\bgslibrary\algorithms\LBP_MRF\block.h,1.1158623695373535,0.0,130.1470184326172,68.4122543334961,1.1158623695373535,0.0,1.1158623695373535,21.054317474365234,3.282426357269287,16.94403839111328,1.1158623695373535,4.566847324371338,64.17536163330078,3.9165055751800537,LBP_MRF,130.1470184326172
bgslibrary\bgslibrary\algorithms\dp\Image.h,22.374622344970703,0.0,0.0,2.2310495376586914,1.1087291240692139,0.0,1.1087291240692139,0.0,3.2650387287139893,1.1087291240692139,1.1087291240692139,3.4837098121643066,1.9107685089111328,3.3397786617279053,IMBS,22.374622344970703
bgslibrary\bgslibrary\algorithms\T2F\T2FGMM.h,3.036165714263916,11.050237655639648,26.96087074279785,6.089107036590576,6.659323692321777,14.516128540039062,4.938126564025879,93.57353973388672,5.229099273681641,3.036165714263916,4.938126564025879,7.391396522521973,11.957048416137695,21.55461883544922,T2F,93.57353973388672
bgslibrary\bgslibrary\VideoAnalysis.h,2.132796287536621,17.495681762695312,0.0,0.8129528760910034,0.0,1.1327961683273315,1.1327961683273315,0.0,2.19538950920105,14.594033241271973,1.1327961683273315,1.0,5.092822074890137,2.812952995300293,KDE,17.495681762695312
bgslibrary\bgslibrary\algorithms\lb\BGModelSom.cpp,1.489677906036377,25.504920959472656,42.78312301635742,2.247004747390747,1.1162375211715698,9.653359413146973,1.489677906036377,0.23031505942344666,3.6567814350128174,1.489677906036377,1.489677906036377,3.4465181827545166,114.47431945800781,16.736669540405273,lb,114.47431945800781
bgslibrary\bgslibrary\algorithms\FrameDifference.h,18.629106521606445,0.3562201261520386,6.679717540740967,2.6174848079681396,1.1427955627441406,21.479671478271484,1.1427955627441406,0.17565271258354187,3.348078727722168,1.1427955627441406,1.1427955627441406,3.6218886375427246,1.5119503736495972,12.167900085449219,PBAS,21.479671478271484
bgslibrary\bgslibrary\algorithms\T2FGMM_UM.cpp,18.78788948059082,10.757842063903809,10.065678596496582,6.296689033508301,6.951172828674316,24.07225227355957,6.951172828674316,43.578147888183594,5.194971084594727,15.216388702392578,6.951172828674316,7.443898677825928,49.587669372558594,14.695517539978027,lb,49.587669372558594
bgslibrary\wrapper\matlab\backgroundSubtractor_wrapper.cpp,22.929250717163086,90.56048583984375,128.53506469726562,44.5048713684082,94.43118286132812,45.15062713623047,112.1985092163086,58.42463684082031,115.83512878417969,70.98779296875,110.39671325683594,6.872553825378418,75.5737075805664,14.863723754882812,LBP_MRF,128.53506469726562
bgslibrary\gui\mfc\src\App.cpp,0.0,0.0,44.411502838134766,6.149109840393066,0.0,0.0,0.0,0.4371030926704407,0.6263204216957092,0.0,0.0,4.7319793701171875,4.180290222167969,5.673603057861328,LBP_MRF,44.411502838134766
bgslibrary\bgslibrary\algorithms\PBAS\PBAS.cpp,6.414278030395508,17.593856811523438,35.347408294677734,23.718875885009766,4.077088832855225,100.29673767089844,4.400346755981445,42.70614242553711,5.073793411254883,11.881559371948242,4.400346755981445,8.5845947265625,13.723054885864258,35.84470748901367,PBAS,100.29673767089844
bgslibrary\bgslibrary\Main.cpp,6.817208290100098,32.152217864990234,4.713894844055176,11.87485408782959,11.201704978942871,9.38641357421875,7.5720744132995605,7.2917399406433105,6.880589008331299,6.817208290100098,7.5720744132995605,17.986770629882812,13.951438903808594,78.47677612304688,main,78.47677612304688
bgslibrary\bgslibrary\algorithms\lb\BGModelFuzzyGauss.h,1.141366720199585,0.3501024842262268,29.102846145629883,2.3004043102264404,1.141366720199585,13.854207038879395,1.141366720199585,39.31911087036133,3.3445961475372314,1.141366720199585,1.141366720199585,3.5832066535949707,101.70524597167969,3.7237534523010254,lb,101.70524597167969
bgslibrary\bgslibrary\algorithms\KDE.cpp,18.968778610229492,119.36837005615234,10.74559211730957,7.038656234741211,6.865043640136719,12.89340591430664,10.274208068847656,4.868116855621338,6.4852294921875,17.260215759277344,6.865043640136719,7.313673496246338,6.9515862464904785,15.042444229125977,KDE,119.36837005615234
bgslibrary\bgslibrary\algorithms\MultiCue.h,15.21780776977539,16.269269943237305,11.573949813842773,28.0504150390625,10.198787689208984,36.45176696777344,4.817594528198242,8.522921562194824,5.442493438720703,15.98307991027832,4.817594528198242,6.272968292236328,18.977691650390625,19.367727279663086,PBAS,36.45176696777344
bgslibrary\bgslibrary\algorithms\ViBe\vibe-background-sequential.h,5.571110725402832,16.937416076660156,27.61465072631836,9.839620590209961,11.112011909484863,13.976789474487305,7.866856575012207,7.015003204345703,6.500422954559326,69.51822662353516,7.866856575012207,9.642877578735352,12.780141830444336,21.68783187866211,ViBe,69.51822662353516
bgslibrary\gui\qt\bgslibrary_gui.cpp,6.003138542175293,14.787309646606445,0.0,12.760307312011719,7.393654823303223,9.199965476989746,7.800250053405762,7.393654823303223,7.0641865730285645,6.003138542175293,7.800250053405762,12.91712760925293,13.196006774902344,63.94122314453125,main,63.94122314453125
bgslibrary\bgslibrary\algorithms\dp\Error.h,1.1453666687011719,15.074538230895996,6.407108783721924,3.5631353855133057,1.1453666687011719,0.0,1.1453666687011719,0.16946931183338165,4.030528545379639,1.1453666687011719,1.1453666687011719,3.454270601272583,1.333006739616394,5.23954963684082,KDE,15.074538230895996
bgslibrary\bgslibrary\algorithms\LBSimpleGaussian.cpp,19.6544132232666,11.050850868225098,27.74987030029297,6.414842128753662,7.0829243659973145,13.847067832946777,7.0829243659973145,4.041260719299316,5.252427101135254,16.002796173095703,7.0829243659973145,7.563555717468262,88.6326675415039,15.046158790588379,lb,88.6326675415039
bgslibrary\bgslibrary\algorithms\T2FGMM_UM.h,18.19073486328125,0.34419140219688416,6.57903528213501,2.6008682250976562,1.1399662494659424,22.11643409729004,1.1399662494659424,38.00687789916992,3.341182231903076,1.1399662494659424,1.1399662494659424,3.6105847358703613,15.672287940979004,12.882533073425293,T2F,38.00687789916992
bgslibrary\gui\mfc\src\Dlg.h,16.04202651977539,41.817657470703125,61.44009780883789,0.0,0.0,16.961084365844727,0.34655219316482544,0.7116740942001343,0.34655219316482544,1.3465521335601807,1.3465521335601807,0.40432417392730713,6.708887577056885,12.524016380310059,LBP_MRF,61.44009780883789
bgslibrary\bgslibrary\algorithms\TwoPoints\two_points.cpp,9.462471008300781,8.12974739074707,40.927730560302734,24.031625747680664,5.840409278869629,32.64506149291992,2.5131938457489014,3.4706501960754395,99.05694580078125,14.10478401184082,2.5131938457489014,4.698587417602539,7.441443920135498,19.013225555419922,TwoPoints,99.05694580078125
bgslibrary\bgslibrary\tools\FuzzyUtils.h,0.0,0.0,90.8297119140625,40.252559661865234,0.0,0.0,0.0,2.270484209060669,1.0602548122406006,0.0,0.0,0.0,70.05259704589844,15.200418472290039,LBP_MRF,90.8297119140625
bgslibrary\wrapper\python\ndarray_converter.cpp,11.252655029296875,1.0365912914276123,34.088294982910156,16.317127227783203,0.0,0.0,1.0,67.1365737915039,1.7637159824371338,15.787099838256836,0.0,0.6566527485847473,11.377150535583496,13.895059585571289,T2F,67.1365737915039
bgslibrary\bgslibrary\tools\PixelUtils.cpp,0.0,2.1216249465942383,6.949310302734375,0.0,2.1216249465942383,0.0,2.1216249465942383,19.833850860595703,1.0408703088760376,0.0,2.1216249465942383,1.0,0.0,1.477591633796692,T2F,19.833850860595703
bgslibrary\bgslibrary\algorithms\T2F\T2FMRF.h,3.0876870155334473,13.059943199157715,30.1510009765625,6.191836833953857,8.576532363891602,14.383075714111328,6.873386383056641,125.1030044555664,5.2770233154296875,3.0876870155334473,6.873386383056641,7.489367485046387,14.678988456726074,21.362882614135742,T2F,125.1030044555664
bgslibrary\bgslibrary\algorithms\algorithms.h,1.153489589691162,0.0,0.0,2.3261654376983643,1.153489589691162,0.0,1.153489589691162,0.0,3.3711423873901367,1.153489589691162,1.153489589691162,3.4796550273895264,1.1726758480072021,3.4796550273895264,general,3.4796550273895264
bgslibrary\bgslibrary\algorithms\PBAS\PBAS.h,2.528214931488037,20.08753776550293,21.109275817871094,9.640005111694336,4.1300859451293945,75.37702178955078,4.528214931488037,2.462739944458008,5.966805934906006,2.528214931488037,4.528214931488037,8.634234428405762,11.320963859558105,29.943506240844727,PBAS,75.37702178955078
bgslibrary\bgslibrary\algorithms\DPPratiMediod.cpp,19.179115295410156,11.059797286987305,10.203857421875,6.436711311340332,7.096803665161133,24.64499855041504,7.096803665161133,4.083117485046387,5.26445198059082,15.567214012145996,7.096803665161133,7.584630012512207,33.89701461791992,14.884926795959473,lb,33.89701461791992
bgslibrary\bgslibrary\algorithms\lb\BGModelMog.h,1.1406630277633667,0.3471217751502991,23.89039421081543,2.2989089488983154,1.1406630277633667,1.654464602470398,1.1406630277633667,0.0,3.3428807258605957,1.1406630277633667,1.1406630277633667,3.579803466796875,98.40306091308594,3.719153642654419,lb,98.40306091308594
bgslibrary\bgslibrary\algorithms\LBFuzzyAdaptiveSOM.h,18.51709747314453,0.4100036919116974,27.19275665283203,2.613239288330078,1.1420775651931763,19.636489868164062,1.1420775651931763,0.17503051459789276,3.3463287353515625,1.1420775651931763,1.1420775651931763,3.619022846221924,90.92034912109375,11.138910293579102,lb,90.92034912109375
bgslibrary\bgslibrary\algorithms\lb\BGModelFuzzySom.cpp,1.4825541973114014,25.244670867919922,49.21408462524414,2.2399847507476807,1.1129339933395386,9.524628639221191,1.4825541973114014,6.2250542640686035,3.6449084281921387,1.4825541973114014,1.4825541973114014,3.4319334030151367,121.4102554321289,16.329381942749023,lb,121.4102554321289
bgslibrary\bgslibrary\algorithms\CodeBook.cpp,15.333993911743164,11.279886245727539,24.74466896057129,27.377588272094727,3.0717036724090576,7.254406929016113,3.448624610900879,0.5257419943809509,4.373885631561279,14.172768592834473,3.448624610900879,3.5658273696899414,30.126192092895508,40.82756805419922,main,40.82756805419922
bgslibrary\bgslibrary\algorithms\MultiLayer.h,27.86918067932129,29.029129028320312,95.2303695678711,41.14886474609375,120.49005889892578,24.51003646850586,3.4049160480499268,6.288562297821045,7.990497589111328,13.82667064666748,3.4049160480499268,5.8752031326293945,71.99681854248047,36.53250503540039,MultiLayer,120.49005889892578
bgslibrary\bgslibrary\algorithms\LBSimpleGaussian.h,18.554250717163086,0.410692036151886,27.260196685791016,2.614647388458252,1.1423161029815674,19.69334602355957,1.1423161029815674,0.17523743212223053,3.346909999847412,1.1423161029815674,1.1423161029815674,3.6199750900268555,91.07278442382812,11.148544311523438,lb,91.07278442382812
bgslibrary\gui\qt\texteditor.h,0.0,0.0,0.0,0.0,0.0,0.0,0.0,0.0,0.6460968852043152,0.0,0.0,0.0,0.0,0.0,TwoPoints,0.6460968852043152
bgslibrary\bgslibrary\algorithms\T2FMRF_UM.cpp,18.732681274414062,12.675445556640625,65.1412582397461,8.276040077209473,7.918846607208252,24.685354232788086,7.918846607208252,69.55016326904297,7.07996940612793,15.180978775024414,7.918846607208252,8.421506881713867,51.84022903442383,14.97332763671875,T2F,69.55016326904297
bgslibrary\bgslibrary\algorithms\MultiLayer.cpp,25.542652130126953,39.99726104736328,111.85880279541016,49.469573974609375,121.14427185058594,25.14091682434082,8.866131782531738,54.202354431152344,9.092222213745117,20.347944259643555,8.866131782531738,11.127650260925293,84.09524536132812,41.061710357666016,MultiLayer,121.14427185058594
bgslibrary\bgslibrary\algorithms\LBP_MRF\MotionDetection.hpp,2.764909029006958,39.661529541015625,172.58047485351562,41.92683410644531,6.335237503051758,3.5703284740448,2.764909029006958,26.372297286987305,5.445531845092773,2.764909029006958,2.764909029006958,7.037989616394043,74.97996520996094,33.980751037597656,LBP_MRF,172.58047485351562
bgslibrary\gui\mfc\src\stdafx.cpp,0.0,0.0,10.867718696594238,0.0,0.0,0.0,0.0,0.3018810749053955,0.0,0.0,0.0,0.0,1.1141974925994873,0.0,LBP_MRF,10.867718696594238
bgslibrary\gui\qt\ui_mainwindow.h,13.645788192749023,35.061588287353516,5.827749252319336,6.675918102264404,7.955615997314453,4.705269813537598,7.338771343231201,48.64622497558594,6.7391228675842285,16.454923629760742,7.338771343231201,12.576011657714844,15.92895793914795,51.121829986572266,main,51.121829986572266
bgslibrary\bgslibrary\algorithms\GMG.cpp,23.613170623779297,23.408864974975586,11.589824676513672,7.357962131500244,7.2769598960876465,21.407045364379883,7.922171592712402,4.059366226196289,6.1474199295043945,17.435274124145508,7.922171592712402,10.896395683288574,9.35881233215332,17.055253982543945,IMBS,23.613170623779297
bgslibrary\bgslibrary\algorithms\dp\TextureBGS.cpp,2.322946071624756,20.901084899902344,79.19841003417969,27.798297882080078,4.762818336486816,4.665858745574951,2.322946071624756,5.124818325042725,5.0831522941589355,2.322946071624756,2.322946071624756,4.247830390930176,66.12934112548828,15.228081703186035,LBP_MRF,79.19841003417969
bgslibrary\bgslibrary\algorithms\IMBS\IMBS.hpp,59.51356887817383,6.180127143859863,10.60190200805664,4.89105224609375,4.862044811248779,2.875215768814087,6.75433349609375,23.974756240844727,4.60270881652832,25.680662155151367,5.165993690490723,8.281986236572266,9.556102752685547,16.45671844482422,IMBS,59.51356887817383
bgslibrary\bgslibrary\algorithms\dp\Bgs.h,3.09328293800354,9.743613243103027,17.4498291015625,6.204266548156738,6.981855392456055,15.287903785705566,6.981855392456055,3.903360366821289,5.296851634979248,3.09328293800354,6.981855392456055,7.487710952758789,9.147652626037598,16.5459041595459,LBP_MRF,17.4498291015625
bgslibrary\bgslibrary\algorithms\T2F\MRF.cpp,3.417463541030884,12.277961730957031,79.55255889892578,8.585712432861328,7.235789775848389,6.138980865478516,5.7381181716918945,98.07073211669922,7.060892105102539,19.217254638671875,5.7381181716918945,9.837185859680176,17.263935089111328,9.968911170959473,T2F,98.07073211669922
bgslibrary\bgslibrary\algorithms\lb\BGModelGauss.h,1.1423161029815674,0.3541572690010071,24.174102783203125,2.3024215698242188,1.1423161029815674,13.483736991882324,1.1423161029815674,0.0,3.346909999847412,1.1423161029815674,1.1423161029815674,3.5878114700317383,99.11290740966797,3.7299859523773193,lb,99.11290740966797
bgslibrary\bgslibrary\tools\FuzzyUtils.cpp,0.0,1.0,65.86125183105469,14.892017364501953,1.0,0.0,1.0,31.80463409423828,1.0318790674209595,0.0,1.0,0.0,50.41392135620117,16.716140747070312,LBP_MRF,65.86125183105469
bgslibrary\bgslibrary\algorithms\KDE\NPBGSubtractor.cpp,7.195854187011719,91.9065933227539,33.4526481628418,52.66176986694336,4.704905033111572,35.41459274291992,4.736025333404541,2.5251424312591553,5.664825439453125,1.0571367740631104,1.0571367740631104,5.458405017852783,4.636172294616699,24.89324188232422,KDE,91.9065933227539
bgslibrary\gui\qt\mainwindow.h,14.404022216796875,0.0,26.0747013092041,2.233721971511841,1.1099867820739746,22.132081985473633,1.465927004814148,17.16327476501465,5.148397922515869,2.4659271240234375,1.465927004814148,4.499181270599365,9.210341453552246,54.61723709106445,main,54.61723709106445
bgslibrary\bgslibrary\algorithms\LBFuzzyAdaptiveSOM.cpp,19.30026626586914,10.92972469329834,26.952526092529297,6.3660101890563965,7.028829574584961,13.439643859863281,7.028829574584961,4.005988121032715,5.228780269622803,15.677212715148926,7.028829574584961,7.514233112335205,86.90692901611328,14.89484977722168,lb,86.90692901611328
bgslibrary\bgslibrary\algorithms\LBSP\DistanceUtils.h,7.052346706390381,8.00865650177002,25.462881088256836,75.2301025390625,5.164575099945068,7.297093391418457,1.407173752784729,1.3917251825332642,5.606494903564453,17.82560157775879,1.407173752784729,7.49430513381958,41.21025466918945,9.569642066955566,LBSP,75.2301025390625
bgslibrary\bgslibrary\algorithms\ViBe.cpp,20.562166213989258,9.003762245178223,11.723702430725098,6.5553879737854,5.6739044189453125,18.890871047973633,2.4921271800994873,3.34468936920166,4.676871299743652,74.00452423095703,2.4921271800994873,6.572785377502441,6.786101341247559,15.61253547668457,ViBe,74.00452423095703
bgslibrary\bgslibrary\algorithms\_template_\MyBGS.cpp,18.436141967773438,3.4942731857299805,11.136529922485352,5.338508605957031,3.366546630859375,12.305315971374512,3.366546630859375,0.17457115650177002,3.327138662338257,1.1342049837112427,3.366546630859375,3.593961715698242,1.5001229047775269,11.241971015930176,IMBS,18.436141967773438
bgslibrary\bgslibrary\algorithms\MultiLayer\BlobResult.h,1.4611846208572388,0.0,0.0,29.894607543945312,103.64310455322266,1.9209320545196533,1.4611846208572388,0.0,4.807833194732666,12.418252944946289,1.4611846208572388,3.822457790374756,4.867698669433594,10.076712608337402,MultiLayer,103.64310455322266
bgslibrary\bgslibrary\algorithms\DPAdaptiveMedian.h,18.29794692993164,0.3471217751502991,6.60389518737793,2.6049323081970215,1.1406630277633667,24.264450073242188,1.1406630277633667,0.17379926145076752,3.3428807258605957,1.1406630277633667,1.1406630277633667,3.6133711338043213,1.5058443546295166,12.91780948638916,PBAS,24.264450073242188
bgslibrary\bgslibrary\tools\PixelUtils.h,0.0,2.0534424781799316,4.106884956359863,0.0,2.0534424781799316,0.0,2.0534424781799316,0.0,1.0598658323287964,0.0,2.0534424781799316,0.0,0.0,1.0,LBP_MRF,4.106884956359863
bgslibrary\bgslibrary\algorithms\dp\ZivkovicAGMM.h,3.108466625213623,11.348223686218262,36.54933547973633,6.233815670013428,6.8091721534729,14.742561340332031,5.081872940063477,6.224390506744385,5.302629470825195,3.108466625213623,5.081872940063477,7.537725925445557,12.835970878601074,21.70978546142578,LBP_MRF,36.54933547973633
bgslibrary\bgslibrary\algorithms\DPGrimsonGMM.cpp,19.279396057128906,10.92972469329834,10.274738311767578,6.3660101890563965,7.028829574584961,24.80069923400879,7.028829574584961,7.337718486785889,5.228780269622803,15.677212715148926,7.028829574584961,7.514233112335205,50.756710052490234,14.910813331604004,lb,50.756710052490234
bgslibrary\bgslibrary\algorithms\DPGrimsonGMM.h,18.29794692993164,0.3471217751502991,6.60389518737793,2.6049323081970215,1.1406630277633667,22.264450073242188,1.1406630277633667,3.0231001377105713,3.3428807258605957,1.1406630277633667,1.1406630277633667,3.6133711338043213,15.752347946166992,12.91780948638916,PBAS,22.264450073242188
bgslibrary\bgslibrary\VideoCapture.cpp,12.180745124816895,36.20998764038086,13.857686996459961,3.4025726318359375,1.6102880239486694,2.0814414024353027,2.0814414024353027,15.25575065612793,4.047848701477051,43.5334358215332,2.0814414024353027,4.792598247528076,45.76703643798828,17.7490291595459,lb,45.76703643798828
bgslibrary\examples\Demo2.cpp,9.797968864440918,20.874666213989258,8.841940879821777,32.29257583618164,4.4195942878723145,14.210190773010254,1.62916100025177,3.349390745162964,4.498647689819336,12.050915718078613,1.62916100025177,5.3369035720825195,5.3630852699279785,71.08710479736328,main,71.08710479736328
bgslibrary\bgslibrary\algorithms\ViBe\vibe-background-sequential.cpp,11.513895988464355,19.81290054321289,47.55326843261719,29.67994499206543,12.339028358459473,54.61305618286133,9.373528480529785,8.847881317138672,8.129010200500488,69.68694305419922,9.026769638061523,12.144291877746582,16.98313331604004,34.467926025390625,ViBe,69.68694305419922
bgslibrary\bgslibrary\algorithms\SigmaDelta.cpp,19.52733039855957,10.697362899780273,27.133228302001953,8.211084365844727,7.129120826721191,13.28019905090332,151.19435119628906,3.863260507583618,5.4954752922058105,16.964685440063477,7.129120826721191,7.871885776519775,7.178409576416016,15.269076347351074,SigmaDelta,151.19435119628906
bgslibrary\bgslibrary\algorithms\TwoPoints\two_points.h,4.226753234863281,16.558942794799805,26.949026107788086,9.113558769226074,10.95498275756836,13.588794708251953,7.899712085723877,6.7498297691345215,134.6232147216797,4.226753234863281,7.899712085723877,8.2990083694458,12.399519920349121,19.399049758911133,TwoPoints,134.6232147216797
bgslibrary\bgslibrary\algorithms\MultiLayer\blob.h,6.928739070892334,2.8672373294830322,4.878376483917236,4.664212226867676,87.2866439819336,8.797978401184082,2.7832863330841064,0.13551045954227448,3.49411940574646,15.225544929504395,1.3496677875518799,8.765780448913574,4.575947284698486,46.40701675415039,MultiLayer,87.2866439819336
bgslibrary\bgslibrary\algorithms\LBP_MRF\MEHistogram.hpp,2.238961696624756,38.05624771118164,147.0990753173828,41.86967468261719,5.455105781555176,3.9282944202423096,2.238961696624756,24.09099006652832,5.165843486785889,12.975438117980957,2.238961696624756,5.517101764678955,70.34476470947266,25.590923309326172,LBP_MRF,147.0990753173828
bgslibrary\bgslibrary\algorithms\SigmaDelta\sdLaMa091.cpp,2.9940121173858643,8.997049331665039,49.33295440673828,6.488831043243408,6.747457027435303,10.890762329101562,88.12115478515625,3.71862530708313,5.09328031539917,7.627620697021484,7.013095855712891,11.930715560913086,25.317960739135742,36.18756866455078,SigmaDelta,88.12115478515625
bgslibrary\bgslibrary\algorithms\MixtureOfGaussianV1.h,19.554250717163086,4.354157447814941,11.813361167907715,4.614647388458252,3.1423161029815674,23.36107635498047,3.1423161029815674,3.3183112144470215,4.346909999847412,2.1423161029815674,3.1423161029815674,5.7630486488342285,7.566708087921143,12.148544311523438,PBAS,23.36107635498047
bgslibrary\bgslibrary\VideoCapture.h,1.3787121772766113,13.679306030273438,4.950002670288086,0.30006247758865356,0.0,0.37871214747428894,0.37871214747428894,0.1375000774860382,1.4395599365234375,15.37468147277832,0.37871214747428894,1.1375000476837158,4.677633762359619,9.180588722229004,ViBe,15.37468147277832
bgslibrary\bgslibrary\tools\ForegroundMaskAnalysis.h,7.789320468902588,1.0,12.361315727233887,0.3140444755554199,1.0,0.3541244864463806,1.3541245460510254,19.20147132873535,1.4166122674942017,0.3541244864463806,1.3541245460510254,0.14390715956687927,2.859252691268921,8.03957748413086,T2F,19.20147132873535
bgslibrary\bgslibrary\algorithms\MultiLayer\BlobExtraction.cpp,1.0487287044525146,0.35697412490844727,6.70949125289917,3.3923912048339844,61.22870635986328,14.517070770263672,1.0487287044525146,0.5334329605102539,4.100834846496582,1.0487287044525146,1.0487287044525146,6.853909492492676,5.479053974151611,41.971397399902344,MultiLayer,61.22870635986328
bgslibrary\bgslibrary\algorithms\MultiLayer\BlobExtraction.h,1.1423161029815674,0.0,0.0,2.3024215698242188,108.63978576660156,1.667729377746582,1.1423161029815674,0.0,4.754361629486084,1.1423161029815674,1.1423161029815674,3.6106505393981934,5.073594093322754,4.665259838104248,MultiLayer,108.63978576660156
bgslibrary\bgslibrary\algorithms\_template_\MyBGS.h,18.798233032226562,0.35467076301574707,6.848579406738281,2.615354299545288,1.1424355506896973,19.72189712524414,1.1424355506896973,0.18038633465766907,3.3472015857696533,1.1424355506896973,1.1424355506896973,3.625497579574585,1.521012783050537,11.329957008361816,PBAS,19.72189712524414
bgslibrary\bgslibrary\algorithms\MultiLayer\LocalBinaryPattern.h,25.42165184020996,12.75639533996582,132.68438720703125,69.33786010742188,104.06875610351562,7.059699058532715,1.133360505104065,1.4855971336364746,3.325079917907715,12.2041597366333,1.133360505104065,179.25177001953125,74.78233337402344,8.858288764953613,general,179.25177001953125
bgslibrary\bgslibrary\algorithms\GMG.h,19.71021270751953,4.352118015289307,7.831243515014648,4.611837863922119,3.1418397426605225,27.987930297851562,3.1418397426605225,2.179975748062134,4.345749378204346,2.1418397426605225,3.1418397426605225,5.623225212097168,4.519521236419678,12.309611320495605,PBAS,27.987930297851562
bgslibrary\bgslibrary\algorithms\MultiLayer\CMultiLayerBGS.cpp,20.56148910522461,63.25200271606445,241.99696350097656,189.92242431640625,63.40693283081055,32.152015686035156,6.613027095794678,34.63275909423828,9.126866340637207,35.7666130065918,6.448528289794922,15.141483306884766,139.98681640625,59.54956817626953,LBP_MRF,241.99696350097656
bgslibrary\bgslibrary\algorithms\LBP_MRF\MEImage.cpp,4.261131286621094,21.740238189697266,104.24066925048828,30.82663917541504,10.72137451171875,9.08769416809082,2.2372992038726807,32.132843017578125,6.098414897918701,12.07824993133545,1.860459566116333,17.198474884033203,77.30428314208984,31.969518661499023,LBP_MRF,104.24066925048828
bgslibrary\bgslibrary\algorithms\T2FGMM_UV.cpp,18.78788948059082,10.757842063903809,10.065678596496582,6.296689033508301,6.951172828674316,24.07225227355957,6.951172828674316,43.578147888183594,5.194971084594727,15.216388702392578,6.951172828674316,7.443898677825928,49.587669372558594,14.695517539978027,lb,49.587669372558594
bgslibrary\bgslibrary\algorithms\LBP_MRF.cpp,19.834598541259766,10.820630073547363,159.91287231445312,52.37494659423828,13.29570484161377,13.915969848632812,10.129980087280273,31.58760643005371,5.191376686096191,13.633843421936035,10.129980087280273,7.449728965759277,79.35437774658203,14.13068962097168,LBP_MRF,159.91287231445312
bgslibrary\bgslibrary\algorithms\LBSP\BackgroundSubtractorSuBSENSE.h,2.4216349124908447,6.042707443237305,45.511199951171875,102.6167221069336,3.121161460876465,4.114024639129639,5.400134563446045,2.3317904472351074,4.5958170890808105,18.318130493164062,3.4216349124908447,5.569169521331787,105.03863525390625,21.935075759887695,lb,105.03863525390625
bgslibrary\bgslibrary\algorithms\DPWrenGA.cpp,19.279396057128906,10.92972469329834,14.456703186035156,6.3660101890563965,7.028829574584961,24.80069923400879,7.028829574584961,19.389760971069336,5.228780269622803,15.677212715148926,7.028829574584961,7.514233112335205,34.098060607910156,14.910813331604004,lb,34.098060607910156
bgslibrary\bgslibrary\algorithms\CodeBook.h,18.049274444580078,13.916064262390137,16.82431411743164,26.491975784301758,1.1368039846420288,18.753026962280273,1.4760698080062866,0.45047813653945923,3.6727397441864014,1.4760698080062866,1.4760698080062866,3.6104354858398438,32.23488998413086,34.38411331176758,main,34.38411331176758
bgslibrary\gui\mfc\src\resource.h,0.0,0.0,4.5300493240356445,0.0,0.0,0.0,0.0,0.12583470344543457,0.0,0.0,0.0,0.0,0.4644368886947632,0.0,LBP_MRF,4.5300493240356445
bgslibrary\bgslibrary\IFrameProcessor.h,0.0,0.0,5.376379013061523,0.0,0.0,0.0,0.0,0.14934386312961578,1.0638318061828613,0.0,0.0,0.14934386312961578,0.29868772625923157,6.822533130645752,main,6.822533130645752
bgslibrary\bgslibrary\algorithms\DPWrenGA.h,18.29794692993164,0.3471217751502991,6.60389518737793,2.6049323081970215,1.1406630277633667,22.264450073242188,1.1406630277633667,0.17379926145076752,3.3428807258605957,1.1406630277633667,1.1406630277633667,3.6133711338043213,1.5058443546295166,12.91780948638916,PBAS,22.264450073242188
bgslibrary\bgslibrary\algorithms\DPZivkovicAGMM.h,18.29794692993164,0.3471217751502991,6.60389518737793,2.6049323081970215,1.1406630277633667,22.264450073242188,1.1406630277633667,3.0231001377105713,3.3428807258605957,1.1406630277633667,1.1406630277633667,3.6133711338043213,15.752347946166992,12.91780948638916,PBAS,22.264450073242188
bgslibrary\wrapper\java\bgslibrary_java_module.cpp,24.855905532836914,92.8273696899414,136.24862670898438,47.37562561035156,99.07305908203125,20.43767547607422,115.25218963623047,59.627349853515625,120.36873626708984,73.39102935791016,113.2851333618164,5.76588249206543,76.4675064086914,17.38653564453125,LBP_MRF,136.24862670898438
bgslibrary\bgslibrary\algorithms\lb\BGModelGauss.cpp,1.8343756198883057,18.849964141845703,43.67197036743164,2.266493558883667,1.12540864944458,18.17775535583496,1.8343756198883057,0.1767818182706833,4.0146636962890625,1.8343756198883057,1.8343756198883057,3.4881551265716553,123.8216781616211,15.95853042602539,lb,123.8216781616211
bgslibrary\bgslibrary\utils\ILoadSaveConfig.h,0.3948930501937866,2.8594295978546143,2.8594295978546143,3.9439504146575928,2.8594295978546143,17.886341094970703,2.4521536827087402,6.516781806945801,2.1519105434417725,16.51909637451172,0.3948930501937866,0.0,2.923614978790283,1.2019109725952148,PBAS,17.886341094970703
bgslibrary\gui\mfc\src\stdafx.h,0.0,0.0,10.640203475952148,0.0,0.0,0.0,0.0,0.2955612242221832,0.0,0.0,0.0,0.0,1.0908719301223755,0.0,LBP_MRF,10.640203475952148
bgslibrary\bgslibrary\algorithms\WeightedMovingVariance.h,18.77434730529785,0.34419140219688416,7.097211837768555,2.6008682250976562,1.1399662494659424,20.78812026977539,1.1399662494659424,0.18758389353752136,3.341182231903076,1.1399662494659424,1.1399662494659424,3.624978542327881,1.671677589416504,19.015289306640625,PBAS,20.78812026977539
bgslibrary\bgslibrary\algorithms\AdaptiveSelectiveBackgroundLearning.cpp,18.98025131225586,11.580164909362793,17.130329132080078,9.951815605163574,7.448988437652588,16.74277114868164,7.448988437652588,48.781944274902344,5.365227222442627,16.4453182220459,7.448988437652588,7.8051605224609375,7.714402198791504,14.430400848388672,T2F,48.781944274902344
bgslibrary\bgslibrary\algorithms\MultiLayer\LocalBinaryPattern.cpp,25.766328811645508,30.697166442871094,140.73587036132812,57.5466423034668,82.04694366455078,8.046680450439453,1.0902153253555298,23.17617416381836,3.7873685359954834,11.846278190612793,1.0902153253555298,3.754962205886841,57.74974822998047,25.852975845336914,LBP_MRF,140.73587036132812
bgslibrary\bgslibrary\algorithms\dp\TextureBGS.h,1.961172342300415,20.558353424072266,89.06694030761719,36.57207107543945,5.182382106781006,4.965539455413818,1.961172342300415,23.01193618774414,4.70742130279541,1.961172342300415,1.961172342300415,4.251880645751953,72.23573303222656,4.934568405151367,LBP_MRF,89.06694030761719
bgslibrary\wrapper\python\bgslibrary_module.cpp,4.701886177062988,114.13874053955078,148.65838623046875,47.9074821472168,100.42424011230469,11.390985488891602,116.21261596679688,86.68242645263672,119.72130584716797,73.48085021972656,114.15740966796875,3.7986795902252197,78.3536376953125,13.82885456085205,LBP_MRF,148.65838623046875
bgslibrary\bgslibrary\algorithms\PixelBasedAdaptiveSegmenter.h,18.19073486328125,14.177469253540039,11.58475399017334,2.6008682250976562,1.1399662494659424,82.74561309814453,1.1399662494659424,0.31223785877227783,3.9745523929595947,1.1399662494659424,1.1399662494659424,5.416433334350586,3.3096909523010254,22.730857849121094,PBAS,82.74561309814453
bgslibrary\bgslibrary\utils\GenericMacros.h,0.0,0.0,0.0,0.0,0.0,0.0,0.0,0.0,1.0567445755004883,0.0,0.0,0.0,0.0,0.0,TwoPoints,1.0567445755004883
bgslibrary\bgslibrary\VideoAnalysis.cpp,4.782660484313965,34.78529357910156,0.0,2.0207834243774414,0.0,1.2234914302825928,1.2234914302825928,0.0,2.274193286895752,34.68955993652344,1.2234914302825928,6.782273292541504,7.354383945465088,21.77262306213379,KDE,34.78529357910156
bgslibrary\wrapper\java\bgslibrary_java_module.hpp,11.488293647766113,6.130757808685303,11.605376243591309,6.660232067108154,7.677693843841553,4.227036952972412,4.224400997161865,4.002801418304443,7.150550365447998,4.224400997161865,4.224400997161865,5.252199172973633,10.114678382873535,12.33318042755127,main,12.33318042755127
bgslibrary\bgslibrary\algorithms\MultiLayer\OpenCvLegacyIncludes.h,1.129473090171814,0.0,0.0,2.275130271911621,102.08457946777344,0.0,1.129473090171814,0.0,3.3156039714813232,1.129473090171814,1.129473090171814,3.4046034812927246,1.1456571817398071,3.4046034812927246,MultiLayer,102.08457946777344
bgslibrary\gui\qt\mainwindow.cpp,15.585569381713867,79.94424438476562,159.94236755371094,74.06753540039062,82.2442855834961,15.331134796142578,94.07781982421875,74.05487823486328,100.84407043457031,92.07846069335938,93.11402893066406,10.716717720031738,75.50886535644531,64.44599151611328,LBP_MRF,159.94236755371094
bgslibrary\bgslibrary\algorithms\LBP_MRF\graph.cpp,1.3852782249450684,47.72544479370117,167.11312866210938,39.0562858581543,1.128508448600769,0.25676971673965454,1.3852782249450684,21.464675903320312,4.4451375007629395,14.320391654968262,1.3852782249450684,3.7435245513916016,67.12017059326172,4.483739852905273,LBP_MRF,167.11312866210938
bgslibrary\bgslibrary\algorithms\DPEigenbackground.h,18.29794692993164,0.3471217751502991,6.60389518737793,2.6049323081970215,1.1406630277633667,22.264450073242188,1.1406630277633667,0.17379926145076752,3.3428807258605957,1.1406630277633667,1.1406630277633667,3.6133711338043213,1.5058443546295166,12.91780948638916,PBAS,22.264450073242188
bgslibrary\bgslibrary\algorithms\MultiLayer\CMultiLayerBGS.h,12.227157592773438,31.425275802612305,192.6921844482422,108.19062042236328,99.58639526367188,7.218048572540283,5.094228744506836,8.782877922058105,6.873823642730713,11.91709041595459,5.094228744506836,13.38654613494873,84.95108795166016,50.88359451293945,LBP_MRF,192.6921844482422
bgslibrary\bgslibrary\algorithms\LBSP\RandUtils.h,1.1110072135925293,0.0,24.772911071777344,84.49443817138672,1.1110072135925293,0.0,3.7721385955810547,0.0,3.2705917358398438,13.734112739562988,1.1110072135925293,3.346897602081299,41.61188888549805,3.346897602081299,LBSP,84.49443817138672
bgslibrary\bgslibrary\algorithms\lb\BGModel.h,1.1418397426605225,0.44550225138664246,24.18573760986328,2.3014094829559326,1.1418397426605225,0.0,1.1418397426605225,0.0,3.3457491397857666,1.1418397426605225,1.1418397426605225,3.5854995250701904,98.90839385986328,3.7268552780151367,lb,98.90839385986328
bgslibrary\bgslibrary\algorithms\LBP_MRF\MEDefs.hpp,1.1399662494659424,1.1424596309661865,148.14315795898438,41.181575775146484,2.282425880432129,1.1424596309661865,1.1399662494659424,24.429672241210938,3.341182231903076,1.1399662494659424,1.1399662494659424,3.437394618988037,70.12452697753906,30.572851181030273,LBP_MRF,148.14315795898438
bgslibrary\bgslibrary\PreProcessor.h,8.164836883544922,0.0,8.01934814453125,0.3077701926231384,0.0,0.0,0.0,1.185092806816101,1.0617595911026,0.0,0.0,0.18509283661842346,5.370185852050781,8.134308815002441,IMBS,8.164836883544922
bgslibrary\bgslibrary\algorithms\LBP_MRF\maxflow.cpp,2.7564215660095215,21.014713287353516,158.66390991210938,62.73208999633789,3.75099778175354,1.6662062406539917,2.7564215660095215,16.818222045898438,5.709397792816162,23.817012786865234,2.7564215660095215,5.085082530975342,61.84708023071289,18.121129989624023,LBP_MRF,158.66390991210938
bgslibrary\bgslibrary\algorithms\dp\WrenGA.cpp,3.0904970169067383,9.764327049255371,20.259292602539062,6.19458532333374,6.909521102905273,16.146841049194336,6.909521102905273,7.795525550842285,5.246806621551514,14.034710884094238,6.909521102905273,7.476591110229492,58.161808013916016,15.920316696166992,lb,58.161808013916016
bgslibrary\examples\Demo.cpp,13.010902404785156,17.47027015686035,17.121646881103516,28.540653228759766,1.211743712425232,17.478952407836914,1.8669376373291016,0.1600971221923828,4.803223609924316,24.779802322387695,1.8669376373291016,8.124008178710938,6.449480056762695,74.1134262084961,main,74.1134262084961
bgslibrary\bgslibrary\utils\GenericKeys.h,0.0,18.1362247467041,0.0,0.0,0.0,0.0,0.0,0.0,1.0635584592819214,0.0,0.0,0.0,0.0,0.0,KDE,18.1362247467041
bgslibrary\bgslibrary\algorithms\KDE.h,18.334030151367188,90.55596923828125,6.612227439880371,3.3984298706054688,1.1408967971801758,19.3570613861084,1.1408967971801758,0.17400327324867249,4.186032295227051,1.1408967971801758,1.1408967971801758,3.6143057346343994,1.5065155029296875,12.883301734924316,KDE,90.55596923828125
bgslibrary\tests\golden\cpp\golden_cpp.cpp,10.54964828491211,0.0,50.18601608276367,24.244029998779297,1.0714319944381714,6.8492350578308105,1.4711172580718994,98.90547943115234,5.240163326263428,15.346994400024414,1.4711172580718994,3.8640389442443848,6.005889415740967,20.556371688842773,T2F,98.90547943115234
bgslibrary\bgslibrary\algorithms\T2F\T2FGMM.cpp,11.136168479919434,15.46773910522461,43.00634765625,6.655372619628906,9.718759536743164,29.060745239257812,6.601820945739746,79.87850952148438,5.1340484619140625,11.790251731872559,6.601820945739746,7.2752275466918945,72.61661529541016,14.33074951171875,T2F,79.87850952148438
bgslibrary\bgslibrary\PreProcessor.cpp,8.592325210571289,0.8310630917549133,7.915879249572754,3.644458770751953,0.0,1.57456636428833,0.0,17.359920501708984,2.1784884929656982,10.629478454589844,0.0,0.17938145995140076,5.358762741088867,8.696537971496582,T2F,17.359920501708984
bgslibrary\bgslibrary\algorithms\T2FMRF_UV.h,17.912189483642578,0.33661365509033203,59.90672302246094,2.5903100967407227,1.1381416320800781,21.73220443725586,1.1381416320800781,60.614288330078125,4.070309162139893,1.1381416320800781,1.1381416320800781,3.603278875350952,17.681718826293945,12.790241241455078,T2F,60.614288330078125
bgslibrary\bgslibrary\algorithms\WeightedMovingMean.h,18.787744522094727,0.3501024842262268,6.936075687408447,2.609055519104004,1.141366720199585,21.12795639038086,1.141366720199585,0.1829437017440796,3.3445961475372314,1.141366720199585,1.141366720199585,3.6247148513793945,1.5249249935150146,11.540258407592773,PBAS,21.12795639038086
bgslibrary\bgslibrary\algorithms\dp\Error.cpp,1.527341365814209,16.919235229492188,6.84946870803833,5.334945201873779,1.1429158449172974,0.38442543148994446,1.527341365814209,0.18071620166301727,5.250653266906738,1.527341365814209,1.527341365814209,3.4466121196746826,3.918198347091675,6.993420124053955,KDE,16.919235229492188
bgslibrary\bgslibrary\algorithms\LBSP\BackgroundSubtractorSuBSENSE.cpp,6.619685173034668,20.522310256958008,47.86077880859375,97.04458618164062,3.2996268272399902,10.077348709106445,3.3974688053131104,32.11322021484375,5.538065433502197,19.56501007080078,4.397468566894531,10.171782493591309,77.41199493408203,30.413753509521484,LBSP,97.04458618164062
bgslibrary\bgslibrary\algorithms\VuMeter\TBackgroundVuMeter.h,3.0361056327819824,6.177384376525879,0.0,5.373878002166748,4.222897052764893,4.1435394287109375,4.580451965332031,3.0886921882629395,6.868261814117432,3.0361056327819824,126.57083892822266,7.917379379272461,6.856681823730469,5.2220587730407715,VuMeter,126.57083892822266
bgslibrary\bgslibrary\algorithms\KNN.cpp,20.09771728515625,30.230012893676758,10.609469413757324,6.479123592376709,7.1533379554748535,14.401324272155762,7.1533379554748535,4.087134838104248,6.154160499572754,3.0928072929382324,7.1533379554748535,7.628186225891113,7.363081455230713,13.121709823608398,KDE,30.230012893676758
bgslibrary\bgslibrary\algorithms\DPTexture.cpp,19.38987922668457,31.98214340209961,95.6049575805664,41.738895416259766,10.608325958251953,26.30335807800293,7.670023441314697,9.841479301452637,6.661004066467285,19.042402267456055,7.670023441314697,8.176748275756836,78.42247009277344,16.500455856323242,LBP_MRF,95.6049575805664
bgslibrary\bgslibrary\algorithms\dp\GrimsonGMM.h,3.049457311630249,11.121013641357422,36.8132209777832,6.115905284881592,6.696433067321777,14.708024978637695,4.962987899780273,6.116003513336182,5.244865894317627,3.049457311630249,4.962987899780273,7.421454906463623,12.615560531616211,21.734556198120117,LBP_MRF,36.8132209777832
bgslibrary\bgslibrary\algorithms\LBSP\BackgroundSubtractorLBSP.cpp,2.1333603858947754,11.293785095214844,43.061336517333984,100.9694595336914,3.1333603858947754,2.0,3.1333603858947754,2.3064169883728027,5.033265590667725,17.152772903442383,3.1333603858947754,5.594944953918457,41.76286315917969,16.017074584960938,LBSP,100.9694595336914
bgslibrary\bgslibrary\algorithms\LBSP\LBSP_.h,1.4773293733596802,0.0,50.17064666748047,111.89777374267578,1.1087291240692139,0.8944482803344727,1.4773293733596802,22.07887077331543,3.633638858795166,18.04951286315918,1.4773293733596802,3.5256905555725098,40.58521270751953,10.716326713562012,LBSP,111.89777374267578
bgslibrary\bgslibrary\tools\PerformanceUtils.cpp,7.630917549133301,1.1603639125823975,38.70298767089844,3.418617010116577,6.614816665649414,2.5493083000183105,1.388944387435913,19.9733829498291,2.2502992153167725,9.148387908935547,2.388944387435913,4.511928558349609,5.575587749481201,7.621262550354004,LBP_MRF,38.70298767089844
bgslibrary\bgslibrary\algorithms\DPMean.cpp,19.279396057128906,10.92972469329834,10.274738311767578,6.3660101890563965,7.028829574584961,24.80069923400879,7.028829574584961,4.005988121032715,5.228780269622803,15.677212715148926,7.028829574584961,7.514233112335205,34.098060607910156,14.910813331604004,lb,34.098060607910156
bgslibrary\bgslibrary\algorithms\FuzzySugenoIntegral.h,20.38233184814453,7.591002941131592,6.803722381591797,6.227746486663818,4.762343406677246,24.63483428955078,4.762343406677246,5.800769329071045,5.15783166885376,2.951620101928711,4.762343406677246,7.241071701049805,9.949323654174805,14.0880708694458,PBAS,24.63483428955078
bgslibrary\bgslibrary\algorithms\LBSP\BackgroundSubtractorLBSP_.cpp,2.1333603858947754,11.293785095214844,43.061336517333984,100.9694595336914,3.1333603858947754,2.0,3.1333603858947754,2.3064169883728027,5.033265590667725,17.152772903442383,3.1333603858947754,5.594944953918457,41.76286315917969,16.017074584960938,LBSP,100.9694595336914
bgslibrary\bgslibrary\algorithms\MultiCue.cpp,10.311763763427734,45.9434814453125,11.99154281616211,25.664541244506836,11.111523628234863,21.08197784423828,5.225372314453125,23.2687931060791,7.075474739074707,20.909236907958984,5.225372314453125,8.599258422851562,49.930633544921875,24.940608978271484,lb,49.930633544921875
bgslibrary\bgslibrary\algorithms\PixelBasedAdaptiveSegmenter.cpp,18.24921989440918,27.634748458862305,16.85405731201172,6.027588844299316,6.774017333984375,77.48260498046875,6.774017333984375,5.860650539398193,5.855615615844727,14.556753158569336,6.774017333984375,9.155035972595215,13.866071701049805,27.148784637451172,PBAS,77.48260498046875
bgslibrary\bgslibrary\algorithms\dp\MeanBGS.cpp,3.1031062602996826,9.86076831817627,25.012083053588867,6.221357822418213,7.018040657043457,5.841657638549805,7.018040657043457,32.97823715209961,5.277288436889648,3.1031062602996826,7.018040657043457,7.522093296051025,9.697778701782227,26.044038772583008,T2F,32.97823715209961
bgslibrary\bgslibrary\algorithms\lb\BGModelMog.cpp,1.8017059564590454,31.31705665588379,55.88587951660156,2.2333526611328125,1.1098129749298096,2.2893691062927246,1.8017059564590454,0.28334420919418335,3.95957350730896,1.8017059564590454,1.8017059564590454,3.4183340072631836,110.73983764648438,18.846399307250977,lb,110.73983764648438
bgslibrary\bgslibrary\algorithms\IndependentMultimodal.h,90.23734283447266,4.355185508728027,6.671198844909668,4.616062641143799,3.1425554752349854,21.750532150268555,3.1425554752349854,2.1754448413848877,4.347493648529053,2.1425554752349854,3.1425554752349854,5.620930194854736,4.511264324188232,12.158207893371582,IMBS,90.23734283447266
bgslibrary\bgslibrary\algorithms\AdaptiveSelectiveBackgroundLearning.h,18.554250717163086,0.3541572690010071,6.6627044677734375,2.614647388458252,1.1423161029815674,23.36107635498047,1.1423161029815674,0.17523743212223053,3.346909999847412,1.1423161029815674,1.1423161029815674,3.6199750900268555,1.5105804204940796,11.148544311523438,PBAS,23.36107635498047
bgslibrary\bgslibrary\algorithms\IBGS.h,24.794597625732422,10.213165283203125,25.482980728149414,9.114907264709473,7.290279865264893,30.12021255493164,7.697789669036865,4.341494560241699,6.368282318115234,15.746294021606445,7.697789669036865,7.720124244689941,12.369154930114746,18.228410720825195,PBAS,30.12021255493164
bgslibrary\bgslibrary\algorithms\LBAdaptiveSOM.h,18.51709747314453,0.4100036919116974,27.19275665283203,2.613239288330078,1.1420775651931763,19.636489868164062,1.1420775651931763,0.17503051459789276,3.3463287353515625,1.1420775651931763,1.1420775651931763,3.619022846221924,90.92034912109375,11.138910293579102,lb,90.92034912109375
bgslibrary\bgslibrary\algorithms\LBSP\BackgroundSubtractorPAWCS.h,2.1110072135925293,5.871513366699219,50.1806755065918,108.24683380126953,3.1110072135925293,3.784047842025757,4.579829216003418,2.4479706287384033,4.270591735839844,18.30586051940918,3.1110072135925293,5.536042213439941,95.85064697265625,25.55532455444336,LBSP,108.24683380126953
bgslibrary\bgslibrary\algorithms\LBP_MRF\MotionDetection.cpp,6.861808776855469,54.12053298950195,152.66543579101562,41.05206298828125,7.324861526489258,9.915838241577148,4.134172439575195,26.424091339111328,5.7969746589660645,3.1341724395751953,4.134172439575195,10.121124267578125,67.17694091796875,27.966779708862305,LBP_MRF,152.66543579101562
bgslibrary\bgslibrary\algorithms\StaticFrameDifference.cpp,20.234521865844727,11.485662460327148,10.84768009185791,9.291406631469727,7.350533962249756,16.333053588867188,7.350533962249756,4.165225505828857,5.322373390197754,3.131852626800537,7.350533962249756,7.706276893615723,7.480216979980469,13.187761306762695,IMBS,20.234521865844727
bgslibrary\bgslibrary\algorithms\dp\PratiMediodBGS.cpp,8.88784408569336,9.812037467956543,47.37352752685547,21.714252471923828,7.087459564208984,22.06776237487793,7.087459564208984,24.174455642700195,5.838589191436768,15.407675743103027,7.087459564208984,7.295612335205078,10.537443161010742,27.99764060974121,LBP_MRF,47.37352752685547
bgslibrary\bgslibrary\algorithms\T2FGMM_UV.h,18.19073486328125,0.34419140219688416,6.57903528213501,2.6008682250976562,1.1399662494659424,22.11643409729004,1.1399662494659424,38.00687789916992,3.341182231903076,1.1399662494659424,1.1399662494659424,3.6105847358703613,15.672287940979004,12.882533073425293,T2F,38.00687789916992
bgslibrary\bgslibrary\algorithms\VuMeter.cpp,19.326684951782227,11.514500617980957,12.454825401306152,6.597932815551758,7.390285015106201,24.51300811767578,7.390285015106201,4.252519130706787,5.345062732696533,15.647825241088867,144.9500274658203,7.754031658172607,7.773959636688232,24.277423858642578,VuMeter,144.9500274658203
bgslibrary\bgslibrary\algorithms\LBP_MRF\MEDefs.cpp,1.1423161029815674,1.4706701040267944,142.0042724609375,41.83937072753906,2.3178551197052,1.1755390167236328,1.1423161029815674,24.622217178344727,3.346909999847412,1.1423161029815674,1.1423161029815674,3.444737672805786,70.14386749267578,3.444737672805786,LBP_MRF,142.0042724609375
bgslibrary\bgslibrary\tools\ForegroundMaskAnalysis.cpp,8.909114837646484,1.8310630321502686,14.98912239074707,4.13612174987793,1.0,0.3496260344982147,1.349626064300537,25.236215591430664,1.4065521955490112,0.3496260344982147,1.349626064300537,0.2946528494358063,2.982273817062378,11.454318046569824,T2F,25.236215591430664
